organization_name,research_id,event_type,age_at_event_days,metastasis,metastasis_location,metastasis_location_other,cns_diagnosis_category,cns_integrated_diagnosis,cns_integrated_diagnosis_source,tumor_locations,tumor_location_other
Akron Children's Hospital,C7227726,Initial CNS Tumor,5541,No,Not Applicable,Not Applicable,Medulloblastoma,"Medulloblastoma, non-WNT/non-SHH",CBTN,Cerebellum/Posterior Fossa,Not Applicable
Akron Children's Hospital,C7457859,Initial CNS Tumor,2285,Yes,Brain;Leptomeningeal;Spine,Not Applicable,Medulloblastoma,"Medulloblastoma, non-WNT/non-SHH",CBTN,Cerebellum/Posterior Fossa,Not Applicable
Akron Children's Hospital,C7612224,Initial CNS Tumor,572,Yes,Spine,Not Applicable,Atypical teratoid/rhabdoid tumor,ATRT-SHH,CBTN,Ventricles;Spinal Cord- Thoracic;Suprasellar/Hypothalamic/Pituitary,Not Applicable
Akron Children's Hospital,C7612224,Progressive,690,Yes,Spine,Not Applicable,Atypical teratoid/rhabdoid tumor,ATRT-SHH,CBTN,Spine NOS; Suprasellar/Hypothalamic/Pituitary; Temporal Lobe; Ventricles,Not Applicable
Akron Children's Hospital,C7612224,Progressive,1008,Yes,Brain;CSF;Spine,Not Applicable,Atypical teratoid/rhabdoid tumor,ATRT-SHH,CBTN,Frontal Lobe; Parietal Lobe; Spine NOS,Not Applicable
Akron Children's Hospital,C7612224,Deceased,1029,Yes,Brain;CSF;Spine,Not Applicable,Atypical teratoid/rhabdoid tumor,ATRT-SHH,CBTN,Basal Ganglia; Frontal Lobe; Hippocampus; Occipital Lobe; Parietal Lobe; Thalamus; Ventricles,Not Applicable
Akron Children's Hospital,C7860561,Initial CNS Tumor,3325,No,Not Applicable,Not Applicable,Medulloblastoma,"Medulloblastoma, non-WNT/non-SHH",CBTN,Cerebellum/Posterior Fossa;Ventricles;Suprasellar/Hypothalamic/Pituitary,Not Applicable
Akron Children's Hospital,C7860561,Progressive,3664,Yes,Leptomeningeal;Spine,Not Applicable,Medulloblastoma,"Medulloblastoma, non-WNT/non-SHH",CBTN,Cerebellum/Posterior Fossa; Spinal Cord- Thoracic; Suprasellar/Hypothalamic/Pituitary; Ventricles,Not Applicable
Akron Children's Hospital,C7860561,Deceased,3794,Yes,Brain;CSF;Leptomeningeal;Spine,Not Applicable,Medulloblastoma,"Medulloblastoma, non-WNT/non-SHH",CBTN,Cerebellum/Posterior Fossa; Spinal Cord- Thoracic; Suprasellar/Hypothalamic/Pituitary; Ventricles,Not Applicable
CBTN Non-Consortium Member,C1038366,Initial CNS Tumor,169,No,Not Applicable,Not Applicable,Atypical teratoid/rhabdoid tumor,"ATRT, NOS or NEC",CBTN,Cerebellum/Posterior Fossa,Not Applicable
CBTN Non-Consortium Member,C1038366,Progressive,228,Yes,Leptomeningeal,Not Applicable,Atypical teratoid/rhabdoid tumor,"ATRT, NOS or NEC",CBTN,Cerebellum/Posterior Fossa,Not Applicable
CBTN Non-Consortium Member,C1038366,Deceased,983,Yes,Leptomeningeal,Not Applicable,Atypical teratoid/rhabdoid tumor,"ATRT, NOS or NEC",CBTN,Cerebellum/Posterior Fossa,Not Applicable
CBTN Non-Consortium Member,C1083261,Initial CNS Tumor,2654,No,Not Applicable,Not Applicable,Medulloblastoma,"Medulloblastoma, NOS or NEC",CBTN,Ventricles,Not Applicable
CBTN Non-Consortium Member,C1083261,Deceased,2823,Unavailable,Not Applicable,Not Applicable,Medulloblastoma,"Medulloblastoma, NOS or NEC",CBTN,Ventricles,Not Applicable
CBTN Non-Consortium Member,C2653602,Initial CNS Tumor,2400,Yes,Leptomeningeal,Not Applicable,Medulloblastoma,"Medulloblastoma, NOS or NEC",CBTN,Cerebellum/Posterior Fossa;Meninges/Dura,Not Applicable
CBTN Non-Consortium Member,C2653602,Progressive,2415,Yes,Leptomeningeal,Not Applicable,Medulloblastoma,"Medulloblastoma, NOS or NEC",CBTN,Cerebellum/Posterior Fossa; Ventricles,Not Applicable
CBTN Non-Consortium Member,C2653602,Progressive,2430,Yes,Spine,Not Applicable,Medulloblastoma,"Medulloblastoma, NOS or NEC",CBTN,Cerebellum/Posterior Fossa; Spinal Cord- Cervical,Not Applicable
CBTN Non-Consortium Member,C2653602,Progressive,3065,Yes,Leptomeningeal;Spine,Not Applicable,Medulloblastoma,"Medulloblastoma, NOS or NEC",CBTN,Cerebellum/Posterior Fossa; Spinal Cord- Cervical; Spinal Cord- Lumbar/Thecal Sac; Spinal Cord- Thoracic,Not Applicable
CBTN Non-Consortium Member,C2653602,Deceased,3145,Yes,Leptomeningeal;Spine,Not Applicable,Medulloblastoma,"Medulloblastoma, NOS or NEC",CBTN,Cerebellum/Posterior Fossa; Spinal Cord- Cervical; Spinal Cord- Lumbar/Thecal Sac; Spinal Cord- Thoracic,Not Applicable
CBTN Non-Consortium Member,C3084963,Initial CNS Tumor,1005,No,Not Applicable,Not Applicable,Medulloblastoma,"Medulloblastoma, NOS or NEC",CBTN,Cerebellum/Posterior Fossa,Not Applicable
CBTN Non-Consortium Member,C3084963,Deceased,1605,Unavailable,Not Applicable,Not Applicable,Medulloblastoma,"Medulloblastoma, NOS or NEC",CBTN,Cerebellum/Posterior Fossa,Not Applicable
CBTN Non-Consortium Member,C3420753,Initial CNS Tumor,3355,Yes,Brain;Leptomeningeal,Not Applicable,Medulloblastoma,"Medulloblastoma, NOS or NEC",CBTN,Cerebellum/Posterior Fossa,Not Applicable
CBTN Non-Consortium Member,C3420753,Progressive,3471,Yes,Bone Marrow;Brain;Leptomeningeal,Not Applicable,Medulloblastoma,"Medulloblastoma, NOS or NEC",CBTN,Other locations NOS,Left iliac bone
CBTN Non-Consortium Member,C3420753,Progressive,3517,Yes,Bone Marrow;Brain;Leptomeningeal,Not Applicable,Medulloblastoma,"Medulloblastoma, NOS or NEC",CBTN,Cerebellum/Posterior Fossa; Other locations NOS; Spinal Cord- Cervical; Spinal Cord- Lumbar/Thecal Sac; Spinal Cord- Thoracic,pelvis
CBTN Non-Consortium Member,C3420753,Progressive,3852,Yes,Bone Marrow;Brain;CSF;Leptomeningeal;Spine,Not Applicable,Medulloblastoma,"Medulloblastoma, NOS or NEC",CBTN,Cerebellum/Posterior Fossa; Other locations NOS; Spinal Cord- Cervical; Spinal Cord- Lumbar/Thecal Sac; Spinal Cord- Thoracic,pelvis
CBTN Non-Consortium Member,C3420753,Progressive,4249,Yes,Bone Marrow;Brain;CSF;Leptomeningeal;Spine,Not Applicable,Medulloblastoma,"Medulloblastoma, NOS or NEC",CBTN,Cerebellum/Posterior Fossa; Other locations NOS; Spinal Cord- Cervical; Spinal Cord- Lumbar/Thecal Sac; Spinal Cord- Thoracic,pelvis
CBTN Non-Consortium Member,C3420753,Progressive,4307,Yes,Bone Marrow;Brain;CSF;Leptomeningeal;Spine,Not Applicable,Medulloblastoma,"Medulloblastoma, NOS or NEC",CBTN,Cerebellum/Posterior Fossa; Other locations NOS; Spinal Cord- Cervical; Spinal Cord- Lumbar/Thecal Sac; Spinal Cord- Thoracic; Ventricles,pelvis
CBTN Non-Consortium Member,C3420753,Deceased,4328,Yes,Bone Marrow;Brain;CSF;Leptomeningeal,Not Applicable,Medulloblastoma,"Medulloblastoma, NOS or NEC",CBTN,Cerebellum/Posterior Fossa; Spinal Cord- Cervical; Spinal Cord- Thoracic,Not Applicable
CBTN Non-Consortium Member,C3612264,Initial CNS Tumor,2799,No,Not Applicable,Not Applicable,Medulloblastoma,"Medulloblastoma, SHH-activated and TP53-mutant",CBTN,Unavailable,Not Applicable
CBTN Non-Consortium Member,C3612387,Initial CNS Tumor,4615,No,Not Applicable,Not Applicable,Medulloblastoma,"Medulloblastoma, NOS or NEC",CBTN,Unavailable,Not Applicable
CBTN Non-Consortium Member,C3612510,Initial CNS Tumor,3623,No,Not Applicable,Not Applicable,Medulloblastoma,"Medulloblastoma, NOS or NEC",CBTN,Other locations NOS,unavailable
CBTN Non-Consortium Member,C3612879,Initial CNS Tumor,2021,No,Not Applicable,Not Applicable,Medulloblastoma,"Medulloblastoma, NOS or NEC",CBTN,Unavailable,Not Applicable
CBTN Non-Consortium Member,C3613002,Initial CNS Tumor,3054,No,Not Applicable,Not Applicable,Medulloblastoma,"Medulloblastoma, NOS or NEC",CBTN,Other locations NOS,unavailable
CBTN Non-Consortium Member,C3613125,Initial CNS Tumor,989,No,Not Applicable,Not Applicable,Medulloblastoma,"Medulloblastoma, Group 3",CBTN,Cerebellum/Posterior Fossa,Not Applicable
CBTN Non-Consortium Member,C3613248,Initial CNS Tumor,5495,Yes,Unavailable,Not Applicable,Medulloblastoma,"Medulloblastoma, Group 3",CBTN,Unavailable,Not Applicable
CBTN Non-Consortium Member,C3613371,Initial CNS Tumor,1032,No,Not Applicable,Not Applicable,Medulloblastoma,"Medulloblastoma, Group 3",CBTN,Unavailable,Not Applicable
CBTN Non-Consortium Member,C3613494,Initial CNS Tumor,2072,No,Not Applicable,Not Applicable,Medulloblastoma,"Medulloblastoma, Group 4",CBTN,Unavailable,Not Applicable
CBTN Non-Consortium Member,C3613617,Initial CNS Tumor,2486,No,Not Applicable,Not Applicable,Medulloblastoma,"Medulloblastoma, Group 3",CBTN,Unavailable,Not Applicable
CBTN Non-Consortium Member,C3613740,Initial CNS Tumor,1420,No,Not Applicable,Not Applicable,Medulloblastoma,"Medulloblastoma, Group 3",CBTN,Other locations NOS,Unavailable
CBTN Non-Consortium Member,C3613863,Initial CNS Tumor,952,Yes,Other,Unavailable,Medulloblastoma,"Medulloblastoma, Group 3",CBTN,Other locations NOS,Unavailable
CBTN Non-Consortium Member,C3613986,Initial CNS Tumor,1715,No,Not Applicable,Not Applicable,Medulloblastoma,"Medulloblastoma, Group 3",CBTN,Other locations NOS,Unavailable
CBTN Non-Consortium Member,C3614109,Initial CNS Tumor,3162,No,Not Applicable,Not Applicable,Medulloblastoma,"Medulloblastoma, Group 4",CBTN,Other locations NOS,Unavailable
CBTN Non-Consortium Member,C3614355,Initial CNS Tumor,2272,No,Not Applicable,Not Applicable,Medulloblastoma,"Medulloblastoma, Group 4",CBTN,Other locations NOS,Unavailable
CBTN Non-Consortium Member,C3614478,Initial CNS Tumor,1792,No,Not Applicable,Not Applicable,Medulloblastoma,"Medulloblastoma, Group 4",CBTN,Other locations NOS,Unavailable
CBTN Non-Consortium Member,C3614601,Initial CNS Tumor,5516,No,Not Applicable,Not Applicable,Medulloblastoma,"Medulloblastoma, Group 4",CBTN,Other locations NOS,Unavailable
CBTN Non-Consortium Member,C3614724,Initial CNS Tumor,1923,No,Not Applicable,Not Applicable,Medulloblastoma,"Medulloblastoma, Group 4",CBTN,Other locations NOS,Unavailable
CBTN Non-Consortium Member,C3614847,Initial CNS Tumor,3970,No,Not Applicable,Not Applicable,Medulloblastoma,"Medulloblastoma, Group 4",CBTN,Other locations NOS,Unavailable
CBTN Non-Consortium Member,C3614970,Initial CNS Tumor,3211,No,Not Applicable,Not Applicable,Medulloblastoma,"Medulloblastoma, Group 3",CBTN,Other locations NOS,Unavailable
CBTN Non-Consortium Member,C3615093,Initial CNS Tumor,4197,No,Not Applicable,Not Applicable,Medulloblastoma,"Medulloblastoma, NOS or NEC",CBTN,Other locations NOS,Unavailable
CBTN Non-Consortium Member,C4062936,Initial CNS Tumor,1228,No,Not Applicable,Not Applicable,Medulloblastoma,"Medulloblastoma, non-WNT/non-SHH",CBTN,Cerebellum/Posterior Fossa,Not Applicable
CBTN Non-Consortium Member,C4062936,Recurrence,1570,Yes,Spine,Not Applicable,Medulloblastoma,"Medulloblastoma, non-WNT/non-SHH",CBTN,Cerebellum/Posterior Fossa; Spine NOS,Not Applicable
CBTN Non-Consortium Member,C4062936,Progressive,1856,Yes,Leptomeningeal;Spine,Not Applicable,Medulloblastoma,"Medulloblastoma, non-WNT/non-SHH",CBTN,Cerebellum/Posterior Fossa; Meninges/Dura; Spine NOS,Not Applicable
CBTN Non-Consortium Member,C4062936,Deceased,1939,Yes,Brain;Leptomeningeal,Not Applicable,Medulloblastoma,"Medulloblastoma, non-WNT/non-SHH",CBTN,Cerebellum/Posterior Fossa; Hippocampus; Meninges/Dura; Other locations NOS; Spine NOS,"brainstem NOS, anterior commissure, bilateral putamen"
CBTN Non-Consortium Member,C4076097,Initial CNS Tumor,687,Yes,Spine,Not Applicable,Medulloblastoma,"Medulloblastoma, SHH-activated and TP53-wildtype",CBTN,Cerebellum/Posterior Fossa,Not Applicable
CBTN Non-Consortium Member,C6528102,Initial CNS Tumor,,No,Not Applicable,Not Applicable,Medulloblastoma,"Medulloblastoma, NOS or NEC",CBTN,Unavailable,Not Applicable
CBTN Non-Consortium Member,C7782456,Initial CNS Tumor,17,No,Not Applicable,Not Applicable,Atypical teratoid/rhabdoid tumor,ATRT-SHH,CBTN,Pineal Gland,Not Applicable
CBTN Non-Consortium Member,C7782456,Deceased,67,No,Not Applicable,Not Applicable,Atypical teratoid/rhabdoid tumor,ATRT-SHH,CBTN,Pineal Gland,Not Applicable
Children's Hospital of Atlanta (CHOA),C7848753,Initial CNS Tumor,1609,No,Not Applicable,Not Applicable,Medulloblastoma,"Medulloblastoma, Group 3",CBTN,Cerebellum/Posterior Fossa,Not Applicable
Children's Hospital of Atlanta (CHOA),C8128455,Initial CNS Tumor,2769,No,Not Applicable,Not Applicable,Medulloblastoma,"Medulloblastoma, SHH-activated and TP53-wildtype",CBTN,Cerebellum/Posterior Fossa,Not Applicable
Children's Hospital of Atlanta (CHOA),C8578635,Initial CNS Tumor,199,No,Not Applicable,Not Applicable,Medulloblastoma,"Medulloblastoma, SHH-activated and TP53-wildtype",CBTN,Cerebellum/Posterior Fossa,Not Applicable
Children's Hospital of Atlanta (CHOA),C8578881,Initial CNS Tumor,1627,No,Not Applicable,Not Applicable,Medulloblastoma,"Medulloblastoma, non-WNT/non-SHH",CBTN,Cerebellum/Posterior Fossa,Not Applicable
Children's Hospital of Atlanta (CHOA),C8579127,Initial CNS Tumor,735,No,Not Applicable,Not Applicable,Atypical teratoid/rhabdoid tumor,ATRT-SHH,CBTN,Cerebellum/Posterior Fossa,Not Applicable
Children's Hospital of Atlanta (CHOA),C8579373,Initial CNS Tumor,1297,No,Not Applicable,Not Applicable,Medulloblastoma,"Medulloblastoma, SHH-activated and TP53-wildtype",CBTN,Cerebellum/Posterior Fossa,Not Applicable
Children's National Medical Center (CNMC),C1066164,Initial CNS Tumor,3089,Yes,Leptomeningeal,Not Applicable,Medulloblastoma,"Medulloblastoma, NOS or NEC",CBTN,Cerebellum/Posterior Fossa,Not Applicable
Children's National Medical Center (CNMC),C1075635,Initial CNS Tumor,2836,No,Not Applicable,Not Applicable,Medulloblastoma,"Medulloblastoma, NOS or NEC",CBTN,Cerebellum/Posterior Fossa,Not Applicable
Children's National Medical Center (CNMC),C1169730,Initial CNS Tumor,996,No,Not Applicable,Not Applicable,Atypical teratoid/rhabdoid tumor,"ATRT, NOS or NEC",CBTN,Temporal Lobe,Not Applicable
Children's National Medical Center (CNMC),C1169730,Recurrence,1315,No,Not Applicable,Not Applicable,Atypical teratoid/rhabdoid tumor,ATRT-MYC,OpenPedCan,Temporal Lobe,Not Applicable
Children's National Medical Center (CNMC),C1169730,Progressive,1475,No,Not Applicable,Not Applicable,Atypical teratoid/rhabdoid tumor,"ATRT, NOS or NEC",CBTN,Frontal Lobe; Temporal Lobe,Not Applicable
Children's National Medical Center (CNMC),C1169730,Deceased,1529,Unavailable,Not Applicable,Not Applicable,Atypical teratoid/rhabdoid tumor,"ATRT, NOS or NEC",CBTN,Temporal Lobe,Not Applicable
Children's National Medical Center (CNMC),C1235904,Initial CNS Tumor,1729,No,Not Applicable,Not Applicable,Medulloblastoma,"Medulloblastoma, Group 3",OpenPedCan,Cerebellum/Posterior Fossa;Ventricles,Not Applicable
Children's National Medical Center (CNMC),C2317443,Initial CNS Tumor,129,No,Not Applicable,Not Applicable,Medulloblastoma,"Medulloblastoma, SHH-activated and TP53-wildtype",CBTN,Cerebellum/Posterior Fossa,Not Applicable
Children's National Medical Center (CNMC),C2400222,Initial CNS Tumor,3348,Yes,Brain;Spine,Not Applicable,Medulloblastoma,"Medulloblastoma, NOS or NEC",CBTN,Cerebellum/Posterior Fossa,Not Applicable
Children's National Medical Center (CNMC),C2400222,Recurrence,4376,No,Not Applicable,Not Applicable,Medulloblastoma,"Medulloblastoma, NOS or NEC",CBTN,Cerebellum/Posterior Fossa,Not Applicable
Children's National Medical Center (CNMC),C2400222,Progressive,4600,Yes,Brain;Spine,Not Applicable,Medulloblastoma,"Medulloblastoma, NOS or NEC",CBTN,Cerebellum/Posterior Fossa; Spinal Cord- Thoracic,Not Applicable
Children's National Medical Center (CNMC),C2400222,Progressive,4775,Yes,Brain;Leptomeningeal;Spine,Not Applicable,Medulloblastoma,"Medulloblastoma, NOS or NEC",CBTN,Cerebellum/Posterior Fossa; Meninges/Dura; Spinal Cord- Thoracic,Not Applicable
Children's National Medical Center (CNMC),C2400222,Progressive,4937,Yes,Brain;Leptomeningeal;Spine,Not Applicable,Medulloblastoma,"Medulloblastoma, NOS or NEC",CBTN,Cerebellum/Posterior Fossa; Meninges/Dura; Spinal Cord- Thoracic,Not Applicable
Children's National Medical Center (CNMC),C2400222,Deceased,5066,Yes,Brain;Leptomeningeal;Spine,Not Applicable,Medulloblastoma,"Medulloblastoma, NOS or NEC",CBTN,Cerebellum/Posterior Fossa; Meninges/Dura; Spinal Cord- Thoracic,Not Applicable
Children's National Medical Center (CNMC),C2414490,Initial CNS Tumor,3066,No,Not Applicable,Not Applicable,Medulloblastoma,"Medulloblastoma, Group 4",OpenPedCan,Cerebellum/Posterior Fossa,Not Applicable
Children's National Medical Center (CNMC),C2492595,Initial CNS Tumor,3846,No,Not Applicable,Not Applicable,Medulloblastoma,"Medulloblastoma, Group 4",OpenPedCan,Cerebellum/Posterior Fossa,Not Applicable
Children's National Medical Center (CNMC),C2567010,Initial CNS Tumor,2151,No,Not Applicable,Not Applicable,Medulloblastoma,"Medulloblastoma, WNT-activated",CBTN,Cerebellum/Posterior Fossa,Not Applicable
Children's National Medical Center (CNMC),C2567010,Recurrence,3867,No,Not Applicable,Not Applicable,High-Grade Glioma,"High-Grade Glioma, NOS or NEC",CBTN,Brain Stem- Pons,Not Applicable
Children's National Medical Center (CNMC),C2567010,Progressive,4546,No,Not Applicable,Not Applicable,High-Grade Glioma,"High-Grade Glioma, NOS or NEC",CBTN,Cerebellum/Posterior Fossa,Not Applicable
Children's National Medical Center (CNMC),C2567010,Deceased,4891,No,Not Applicable,Not Applicable,High-Grade Glioma,"High-Grade Glioma, NOS or NEC",CBTN,Cerebellum/Posterior Fossa,Not Applicable
Children's National Medical Center (CNMC),C2607354,Initial CNS Tumor,1912,No,Not Applicable,Not Applicable,Medulloblastoma,"Medulloblastoma, NOS or NEC",CBTN,Cerebellum/Posterior Fossa,Not Applicable
Children's National Medical Center (CNMC),C2607600,Initial CNS Tumor,2592,No,Not Applicable,Not Applicable,Medulloblastoma,"Medulloblastoma, Group 3",OpenPedCan,Cerebellum/Posterior Fossa,Not Applicable
Children's National Medical Center (CNMC),C2645361,Progressive,5081,No,Not Applicable,Not Applicable,Glioneuronal and neuronal tumors,"Glioneuronal and neuronal tumors, NOS or NEC",CBTN,Frontal Lobe; Parietal Lobe; Temporal Lobe,Not Applicable
Children's National Medical Center (CNMC),C2645361,Progressive,5977,No,Not Applicable,Not Applicable,Atypical teratoid/rhabdoid tumor,"ATRT, NOS or NEC",CBTN,Frontal Lobe; Parietal Lobe; Temporal Lobe,Not Applicable
Children's National Medical Center (CNMC),C2645361,Progressive,6680,No,Not Applicable,Not Applicable,Atypical teratoid/rhabdoid tumor,"ATRT, NOS or NEC",CBTN,Frontal Lobe; Parietal Lobe; Temporal Lobe; Thalamus; Ventricles,Not Applicable
Children's National Medical Center (CNMC),C2645361,Progressive,7353,No,Not Applicable,Not Applicable,Atypical teratoid/rhabdoid tumor,"ATRT, NOS or NEC",CBTN,Frontal Lobe; Parietal Lobe; Temporal Lobe; Thalamus,Not Applicable
Children's National Medical Center (CNMC),C2645361,Progressive,7961,No,Not Applicable,Not Applicable,Atypical teratoid/rhabdoid tumor,"ATRT, NOS or NEC",CBTN,Parietal Lobe,Not Applicable
Children's National Medical Center (CNMC),C2645484,Initial CNS Tumor,825,No,Not Applicable,Not Applicable,Medulloblastoma,"Medulloblastoma, NOS or NEC",CBTN,Cerebellum/Posterior Fossa,Not Applicable
Children's National Medical Center (CNMC),C2645484,Recurrence,1546,Yes,Spine,Not Applicable,Medulloblastoma,"Medulloblastoma, NOS or NEC",CBTN,Cerebellum/Posterior Fossa; Spinal Cord- Lumbar/Thecal Sac; Spinal Cord- Thoracic,Not Applicable
Children's National Medical Center (CNMC),C2645484,Progressive,1704,Yes,Spine,Not Applicable,Medulloblastoma,"Medulloblastoma, NOS or NEC",CBTN,Cerebellum/Posterior Fossa; Spinal Cord- Lumbar/Thecal Sac; Spinal Cord- Thoracic,Not Applicable
Children's National Medical Center (CNMC),C2645607,Initial CNS Tumor,6433,No,Not Applicable,Not Applicable,Medulloblastoma,"Medulloblastoma, NOS or NEC",CBTN,Cerebellum/Posterior Fossa,Not Applicable
Children's National Medical Center (CNMC),C2645853,Initial CNS Tumor,2858,No,Not Applicable,Not Applicable,Medulloblastoma,"Medulloblastoma, Group 3",CBTN,Cerebellum/Posterior Fossa,Not Applicable
Children's National Medical Center (CNMC),C2661843,Initial CNS Tumor,4381,Yes,Spine,Not Applicable,Medulloblastoma,"Medulloblastoma, Group 4",CBTN,Cerebellum/Posterior Fossa,Not Applicable
Children's National Medical Center (CNMC),C2661843,Recurrence,5730,No,Not Applicable,Not Applicable,Medulloblastoma,"Medulloblastoma, Group 4",CBTN,Spinal Cord- Cervical,Not Applicable
Children's National Medical Center (CNMC),C2661843,Recurrence,6173,Yes,Spine,Not Applicable,Medulloblastoma,"Medulloblastoma, Group 4",CBTN,Cerebellum/Posterior Fossa; Spinal Cord- Cervical,Not Applicable
Children's National Medical Center (CNMC),C2661843,Progressive,6476,Yes,Brain;Leptomeningeal;Spine,Not Applicable,Medulloblastoma,"Medulloblastoma, Group 4",CBTN,Cerebellum/Posterior Fossa,Not Applicable
Children's National Medical Center (CNMC),C2661843,Recurrence,6920,No,Not Applicable,Not Applicable,Medulloblastoma,"Medulloblastoma, Group 4",CBTN,Cerebellum/Posterior Fossa,Not Applicable
Children's National Medical Center (CNMC),C2661843,Progressive,7092,No,Not Applicable,Not Applicable,Medulloblastoma,"Medulloblastoma, Group 4",CBTN,Cerebellum/Posterior Fossa,Not Applicable
Children's National Medical Center (CNMC),C2661843,Deceased,7529,Yes,Leptomeningeal,Not Applicable,Medulloblastoma,"Medulloblastoma, Group 4",CBTN,Cerebellum/Posterior Fossa,Not Applicable
Children's National Medical Center (CNMC),C2690133,Initial CNS Tumor,1041,No,Not Applicable,Not Applicable,Medulloblastoma,"Medulloblastoma, non-WNT/non-SHH",CBTN,Cerebellum/Posterior Fossa,Not Applicable
Children's National Medical Center (CNMC),C2691978,Initial CNS Tumor,1892,No,Not Applicable,Not Applicable,Medulloblastoma,"Medulloblastoma, NOS or NEC",CBTN,Cerebellum/Posterior Fossa,Not Applicable
Children's National Medical Center (CNMC),C2691978,Recurrence,2595,No,Not Applicable,Not Applicable,Medulloblastoma,"Medulloblastoma, NOS or NEC",CBTN,Ventricles,Not Applicable
Children's National Medical Center (CNMC),C2691978,Progressive,2685,No,Not Applicable,Not Applicable,Medulloblastoma,"Medulloblastoma, Group 3",OpenPedCan,Ventricles,Not Applicable
Children's National Medical Center (CNMC),C2691978,Recurrence,2756,No,Not Applicable,Not Applicable,Medulloblastoma,"Medulloblastoma, NOS or NEC",CBTN,Cerebellum/Posterior Fossa,Not Applicable
Children's National Medical Center (CNMC),C2691978,Progressive,2945,No,Not Applicable,Not Applicable,Medulloblastoma,"Medulloblastoma, NOS or NEC",CBTN,Other locations NOS; Ventricles,left frontal horn
Children's National Medical Center (CNMC),C2694069,Initial CNS Tumor,610,No,Not Applicable,Not Applicable,Atypical teratoid/rhabdoid tumor,"ATRT, NOS or NEC",CBTN,Cerebellum/Posterior Fossa;Ventricles,Not Applicable
Children's National Medical Center (CNMC),C2694069,Progressive,826,Yes,Brain,Not Applicable,Atypical teratoid/rhabdoid tumor,"ATRT, NOS or NEC",CBTN,Cerebellum/Posterior Fossa; Ventricles,Not Applicable
Children's National Medical Center (CNMC),C2694069,Progressive,2243,Yes,Brain,Not Applicable,Atypical teratoid/rhabdoid tumor,"ATRT, NOS or NEC",CBTN,Cerebellum/Posterior Fossa; Ventricles,Not Applicable
Children's National Medical Center (CNMC),C2694069,Progressive,2454,Yes,Brain,Not Applicable,Atypical teratoid/rhabdoid tumor,"ATRT, NOS or NEC",CBTN,Cerebellum/Posterior Fossa; Pineal Gland; Ventricles,Not Applicable
Children's National Medical Center (CNMC),C2694069,Deceased,2690,Unavailable,Not Applicable,Not Applicable,Atypical teratoid/rhabdoid tumor,"ATRT, NOS or NEC",CBTN,Cerebellum/Posterior Fossa; Pineal Gland; Ventricles,Not Applicable
Children's National Medical Center (CNMC),C2694192,Initial CNS Tumor,784,No,Not Applicable,Not Applicable,Medulloblastoma,"Medulloblastoma, NOS or NEC",CBTN,Brain Stem- Pons,Not Applicable
Children's National Medical Center (CNMC),C2694192,Recurrence,898,No,Not Applicable,Not Applicable,Medulloblastoma,"Medulloblastoma, NOS or NEC",CBTN,Other locations NOS,Cerebellar Peduncle
Children's National Medical Center (CNMC),C2734905,Initial CNS Tumor,3982,No,Not Applicable,Not Applicable,Medulloblastoma,"Medulloblastoma, WNT-activated",CBTN,Cerebellum/Posterior Fossa,Not Applicable
Children's National Medical Center (CNMC),C2735151,Initial CNS Tumor,1420,No,Not Applicable,Not Applicable,Medulloblastoma,"Medulloblastoma, NOS or NEC",CBTN,Cerebellum/Posterior Fossa,Not Applicable
Children's National Medical Center (CNMC),C2735151,Recurrence,2567,No,Not Applicable,Not Applicable,Medulloblastoma,"Medulloblastoma, NOS or NEC",CBTN,Cerebellum/Posterior Fossa,Not Applicable
Children's National Medical Center (CNMC),C2735274,Initial CNS Tumor,2228,No,Not Applicable,Not Applicable,Medulloblastoma,"Medulloblastoma, NOS or NEC",CBTN,Cerebellum/Posterior Fossa,Not Applicable
Children's National Medical Center (CNMC),C2735766,Initial CNS Tumor,1913,No,Not Applicable,Not Applicable,Medulloblastoma,"Medulloblastoma, WNT-activated",CBTN,Cerebellum/Posterior Fossa,Not Applicable
Children's National Medical Center (CNMC),C2735889,Initial CNS Tumor,480,No,Not Applicable,Not Applicable,Medulloblastoma,"Medulloblastoma, NOS or NEC",CBTN,Cerebellum/Posterior Fossa,Not Applicable
Children's National Medical Center (CNMC),C2735889,Recurrence,777,No,Not Applicable,Not Applicable,Medulloblastoma,"Medulloblastoma, NOS or NEC",CBTN,Cerebellum/Posterior Fossa,Not Applicable
Children's National Medical Center (CNMC),C2740809,Initial CNS Tumor,1167,No,Not Applicable,Not Applicable,Medulloblastoma,"Medulloblastoma, NOS or NEC",CBTN,Cerebellum/Posterior Fossa,Not Applicable
Children's National Medical Center (CNMC),C2746098,Initial CNS Tumor,4699,No,Not Applicable,Not Applicable,Medulloblastoma,"Medulloblastoma, NOS or NEC",CBTN,Cerebellum/Posterior Fossa,Not Applicable
Children's National Medical Center (CNMC),C2746098,Recurrence,5381,No,Not Applicable,Not Applicable,Medulloblastoma,"Medulloblastoma, NOS or NEC",CBTN,Cerebellum/Posterior Fossa,Not Applicable
Children's National Medical Center (CNMC),C2783613,Initial CNS Tumor,487,Yes,Brain;Spine,Not Applicable,Atypical teratoid/rhabdoid tumor,"ATRT, NOS or NEC",CBTN,Cerebellum/Posterior Fossa,Not Applicable
Children's National Medical Center (CNMC),C2783613,Recurrence,535,No,Not Applicable,Not Applicable,Atypical teratoid/rhabdoid tumor,"ATRT, NOS or NEC",CBTN,Cerebellum/Posterior Fossa,Not Applicable
Children's National Medical Center (CNMC),C2833920,Initial CNS Tumor,1492,No,Not Applicable,Not Applicable,Medulloblastoma,"Medulloblastoma, Group 3",OpenPedCan,Cerebellum/Posterior Fossa,Not Applicable
Children's National Medical Center (CNMC),C2833920,Deceased,1627,No,Not Applicable,Not Applicable,Medulloblastoma,"Medulloblastoma, NOS or NEC",CBTN,Cerebellum/Posterior Fossa,Not Applicable
Children's National Medical Center (CNMC),C2834166,Initial CNS Tumor,2031,No,Not Applicable,Not Applicable,Medulloblastoma,"Medulloblastoma, NOS or NEC",CBTN,Cerebellum/Posterior Fossa,Not Applicable
Children's National Medical Center (CNMC),C2834166,Recurrence,2508,Yes,Brain;Leptomeningeal,Not Applicable,Medulloblastoma,"Medulloblastoma, NOS or NEC",CBTN,Cerebellum/Posterior Fossa,Not Applicable
Children's National Medical Center (CNMC),C3161346,Initial CNS Tumor,5165,No,Not Applicable,Not Applicable,Medulloblastoma,"Medulloblastoma, non-WNT/non-SHH",CBTN,Cerebellum/Posterior Fossa,Not Applicable
Children's National Medical Center (CNMC),C3164790,Initial CNS Tumor,475,No,Not Applicable,Not Applicable,Atypical teratoid/rhabdoid tumor,"ATRT, NOS or NEC",CBTN,Parietal Lobe;Temporal Lobe,Not Applicable
Children's National Medical Center (CNMC),C3164790,Deceased,603,No,Not Applicable,Not Applicable,Atypical teratoid/rhabdoid tumor,"ATRT, NOS or NEC",CBTN,Parietal Lobe; Temporal Lobe,Not Applicable
Children's National Medical Center (CNMC),C3230472,Initial CNS Tumor,507,No,Not Applicable,Not Applicable,Atypical teratoid/rhabdoid tumor,ATRT-SHH,OpenPedCan,Cerebellum/Posterior Fossa,Not Applicable
Children's National Medical Center (CNMC),C3400827,Initial CNS Tumor,3451,No,Not Applicable,Not Applicable,Medulloblastoma,"Medulloblastoma, NOS or NEC",CBTN,Cerebellum/Posterior Fossa,Not Applicable
Children's National Medical Center (CNMC),C3400950,Initial CNS Tumor,2164,No,Not Applicable,Not Applicable,Medulloblastoma,"Medulloblastoma, NOS or NEC",CBTN,Cerebellum/Posterior Fossa,Not Applicable
Children's National Medical Center (CNMC),C3410298,Initial CNS Tumor,5975,No,Not Applicable,Not Applicable,Medulloblastoma,"Medulloblastoma, non-WNT/non-SHH",CBTN,Cerebellum/Posterior Fossa,Not Applicable
Children's National Medical Center (CNMC),C3410544,Initial CNS Tumor,2059,No,Not Applicable,Not Applicable,Medulloblastoma,"Medulloblastoma, NOS or NEC",CBTN,Cerebellum/Posterior Fossa,Not Applicable
Children's National Medical Center (CNMC),C3410544,Deceased,2356,No,Not Applicable,Not Applicable,Medulloblastoma,"Medulloblastoma, NOS or NEC",CBTN,Cerebellum/Posterior Fossa,Not Applicable
Children's National Medical Center (CNMC),C3410913,Initial CNS Tumor,1364,Yes,Leptomeningeal,Not Applicable,Medulloblastoma,"Medulloblastoma, NOS or NEC",CBTN,Cerebellum/Posterior Fossa,Not Applicable
Children's National Medical Center (CNMC),C3410913,Deceased,1757,Yes,Leptomeningeal,Not Applicable,Medulloblastoma,"Medulloblastoma, NOS or NEC",CBTN,Cerebellum/Posterior Fossa,Not Applicable
Children's National Medical Center (CNMC),C3411282,Initial CNS Tumor,0,No,Not Applicable,Not Applicable,Medulloblastoma,"Medulloblastoma, NOS or NEC",CBTN,Cerebellum/Posterior Fossa,Not Applicable
Children's National Medical Center (CNMC),C3445845,Initial CNS Tumor,983,No,Not Applicable,Not Applicable,Medulloblastoma,"Medulloblastoma, Group 3",CBTN,Cerebellum/Posterior Fossa,Not Applicable
Children's National Medical Center (CNMC),C3521244,Initial CNS Tumor,68,No,Not Applicable,Not Applicable,Atypical teratoid/rhabdoid tumor,"ATRT, NOS or NEC",CBTN,Cerebellum/Posterior Fossa,Not Applicable
Children's National Medical Center (CNMC),C3521244,Progressive,253,Yes,Brain,Not Applicable,Atypical teratoid/rhabdoid tumor,"ATRT, NOS or NEC",CBTN,Cerebellum/Posterior Fossa; Pineal Gland,Not Applicable
Children's National Medical Center (CNMC),C3588648,Initial CNS Tumor,2375,No,Not Applicable,Not Applicable,Medulloblastoma,"Medulloblastoma, NOS or NEC",CBTN,Cerebellum/Posterior Fossa,Not Applicable
Children's National Medical Center (CNMC),C3641169,Initial CNS Tumor,504,No,Not Applicable,Not Applicable,Atypical teratoid/rhabdoid tumor,"ATRT, NOS or NEC",CBTN,Cerebellum/Posterior Fossa,Not Applicable
Children's National Medical Center (CNMC),C3641169,Recurrence,774,Yes,Brain;Leptomeningeal,Not Applicable,Atypical teratoid/rhabdoid tumor,"ATRT, NOS or NEC",CBTN,Cerebellum/Posterior Fossa; Ventricles,Not Applicable
Children's National Medical Center (CNMC),C3641169,Recurrence,808,Yes,Brain;Leptomeningeal,Not Applicable,Atypical teratoid/rhabdoid tumor,"ATRT, NOS or NEC",CBTN,Cerebellum/Posterior Fossa; Ventricles,Not Applicable
Children's National Medical Center (CNMC),C3641169,Deceased,858,Yes,Brain;Leptomeningeal,Not Applicable,Atypical teratoid/rhabdoid tumor,"ATRT, NOS or NEC",CBTN,Cerebellum/Posterior Fossa; Ventricles,Not Applicable
Children's National Medical Center (CNMC),C3678069,Initial CNS Tumor,2650,No,Not Applicable,Not Applicable,Medulloblastoma,"Medulloblastoma, NOS or NEC",CBTN,Cerebellum/Posterior Fossa,Not Applicable
Children's National Medical Center (CNMC),C3680160,Initial CNS Tumor,5159,No,Not Applicable,Not Applicable,Medulloblastoma,"Medulloblastoma, NOS or NEC",CBTN,Cerebellum/Posterior Fossa,Not Applicable
Children's National Medical Center (CNMC),C3680160,Deceased,5666,Yes,Leptomeningeal,Not Applicable,Medulloblastoma,"Medulloblastoma, NOS or NEC",CBTN,Cerebellum/Posterior Fossa; Meninges/Dura,Not Applicable
Children's National Medical Center (CNMC),C3732066,Initial CNS Tumor,2113,Yes,Leptomeningeal,Not Applicable,Medulloblastoma,"Medulloblastoma, NOS or NEC",CBTN,Meninges/Dura;Ventricles,Not Applicable
Children's National Medical Center (CNMC),C3732066,Deceased,3029,No,Not Applicable,Not Applicable,Medulloblastoma,"Medulloblastoma, NOS or NEC",CBTN,Meninges/Dura; Ventricles,Not Applicable
Children's National Medical Center (CNMC),C3768966,Initial CNS Tumor,3270,No,Not Applicable,Not Applicable,Medulloblastoma,"Medulloblastoma, SHH-activated and TP53-mutant",CBTN,Cerebellum/Posterior Fossa,Not Applicable
Children's National Medical Center (CNMC),C3768966,Recurrence,3827,No,Not Applicable,Not Applicable,Medulloblastoma,"Medulloblastoma, SHH-activated and TP53-mutant",CBTN,Cerebellum/Posterior Fossa,Not Applicable
Children's National Medical Center (CNMC),C3768966,Recurrence,4164,No,Not Applicable,Not Applicable,Medulloblastoma,"Medulloblastoma, SHH-activated and TP53-mutant",CBTN,Cerebellum/Posterior Fossa,Not Applicable
Children's National Medical Center (CNMC),C3768966,Deceased,4424,No,Not Applicable,Not Applicable,Medulloblastoma,"Medulloblastoma, SHH-activated and TP53-mutant",CBTN,Cerebellum/Posterior Fossa,Not Applicable
Children's National Medical Center (CNMC),C3769458,Initial CNS Tumor,2164,Yes,Brain;Leptomeningeal;Spine,Not Applicable,Medulloblastoma,"Medulloblastoma, Group 4",OpenPedCan,Cerebellum/Posterior Fossa,Not Applicable
Children's National Medical Center (CNMC),C3769458,Progressive,2591,Yes,Brain;Leptomeningeal;Spine,Not Applicable,Medulloblastoma,"Medulloblastoma, non-WNT/non-SHH",CBTN,Cerebellum/Posterior Fossa,Not Applicable
Children's National Medical Center (CNMC),C3769458,Progressive,2931,Yes,Brain;Leptomeningeal;Spine,Not Applicable,Medulloblastoma,"Medulloblastoma, non-WNT/non-SHH",CBTN,Cerebellum/Posterior Fossa,Not Applicable
Children's National Medical Center (CNMC),C3769458,Progressive,2968,Yes,Brain;Leptomeningeal;Spine,Not Applicable,Medulloblastoma,"Medulloblastoma, non-WNT/non-SHH",CBTN,Cerebellum/Posterior Fossa,Not Applicable
Children's National Medical Center (CNMC),C3769458,Progressive,3043,Yes,Brain;Leptomeningeal;Spine,Not Applicable,Medulloblastoma,"Medulloblastoma, non-WNT/non-SHH",CBTN,Cerebellum/Posterior Fossa,Not Applicable
Children's National Medical Center (CNMC),C3769458,Progressive,3515,Yes,Brain;Leptomeningeal;Spine,Not Applicable,Medulloblastoma,"Medulloblastoma, non-WNT/non-SHH",CBTN,Cerebellum/Posterior Fossa,Not Applicable
Children's National Medical Center (CNMC),C3769458,Progressive,3598,Yes,Brain;Leptomeningeal;Other;Spine,extra cranial disease in the right neck,Medulloblastoma,"Medulloblastoma, non-WNT/non-SHH",CBTN,Cerebellum/Posterior Fossa,Not Applicable
Children's National Medical Center (CNMC),C3769458,Deceased,3671,Yes,Brain;Leptomeningeal;Other;Spine,sacral vertebrae + extra cranial disease in the right neck (lymph nodes),Medulloblastoma,"Medulloblastoma, non-WNT/non-SHH",CBTN,Cerebellum/Posterior Fossa,Not Applicable
Children's National Medical Center (CNMC),C3769950,Initial CNS Tumor,2875,No,Not Applicable,Not Applicable,Medulloblastoma,"Medulloblastoma, SHH-activated and TP53-wildtype",CBTN,Cerebellum/Posterior Fossa,Not Applicable
Children's National Medical Center (CNMC),C3808695,Initial CNS Tumor,3414,No,Not Applicable,Not Applicable,Medulloblastoma,"Medulloblastoma, NOS or NEC",CBTN,Cerebellum/Posterior Fossa,Not Applicable
Children's National Medical Center (CNMC),C3808695,Second Malignancy,6100,No,Not Applicable,Not Applicable,Other,Meningioma,CBTN,Cerebellum/Posterior Fossa,Not Applicable
Children's National Medical Center (CNMC),C3808695,Second Malignancy,7923,No,Not Applicable,Not Applicable,Other,Specify,CBTN,Cerebellum/Posterior Fossa,Not Applicable
Children's National Medical Center (CNMC),C3808695,Deceased,8726,Unavailable,Not Applicable,Not Applicable,Other,Specify,CBTN,Brain Stem- Midbrain/Tectum; Cerebellum/Posterior Fossa; Frontal Lobe; Thalamus,Not Applicable
Children's National Medical Center (CNMC),C3808818,Initial CNS Tumor,4693,No,Not Applicable,Not Applicable,Medulloblastoma,"Medulloblastoma, non-WNT/non-SHH",CBTN,Occipital Lobe,Not Applicable
Children's National Medical Center (CNMC),C3811647,Initial CNS Tumor,6005,No,Not Applicable,Not Applicable,Medulloblastoma,"Medulloblastoma, NOS or NEC",CBTN,Cerebellum/Posterior Fossa,Not Applicable
Children's National Medical Center (CNMC),C3811647,Recurrence,8617,No,Not Applicable,Not Applicable,Medulloblastoma,"Medulloblastoma, NOS or NEC",CBTN,Cerebellum/Posterior Fossa,Not Applicable
Children's National Medical Center (CNMC),C3811647,Recurrence,9895,Yes,Spine,Not Applicable,Medulloblastoma,"Medulloblastoma, NOS or NEC",CBTN,Cerebellum/Posterior Fossa; Spinal Cord- Lumbar/Thecal Sac,Not Applicable
Children's National Medical Center (CNMC),C3811647,Progressive,10185,Yes,Spine,Not Applicable,Medulloblastoma,"Medulloblastoma, NOS or NEC",CBTN,Brain Stem- Pons; Cerebellum/Posterior Fossa; Spinal Cord- Thoracic,Not Applicable
Children's National Medical Center (CNMC),C3811647,Recurrence,10746,Yes,Spine,Not Applicable,Medulloblastoma,"Medulloblastoma, NOS or NEC",CBTN,Brain Stem- Pons; Cerebellum/Posterior Fossa; Spinal Cord- Lumbar/Thecal Sac,Not Applicable
Children's National Medical Center (CNMC),C3811647,Recurrence,11248,Yes,Spine,Not Applicable,Medulloblastoma,"Medulloblastoma, NOS or NEC",CBTN,Brain Stem- Pons; Cerebellum/Posterior Fossa; Spinal Cord- Lumbar/Thecal Sac,Not Applicable
Children's National Medical Center (CNMC),C3811647,Progressive,11769,Yes,Brain;Spine,Not Applicable,Medulloblastoma,"Medulloblastoma, NOS or NEC",CBTN,Brain Stem- Pons; Cerebellum/Posterior Fossa; Spinal Cord- Lumbar/Thecal Sac; Ventricles,Not Applicable
Children's National Medical Center (CNMC),C3811647,Deceased,11832,Yes,Brain;Spine,Not Applicable,Medulloblastoma,"Medulloblastoma, NOS or NEC",CBTN,Brain Stem- Pons; Cerebellum/Posterior Fossa; Spinal Cord- Lumbar/Thecal Sac; Ventricles,Not Applicable
Children's National Medical Center (CNMC),C4059861,Initial CNS Tumor,1516,No,Not Applicable,Not Applicable,Medulloblastoma,"Medulloblastoma, NOS or NEC",CBTN,Cerebellum/Posterior Fossa,Not Applicable
Children's National Medical Center (CNMC),C4062321,Initial CNS Tumor,5336,No,Not Applicable,Not Applicable,Medulloblastoma,"Medulloblastoma, Group 4",OpenPedCan,Cerebellum/Posterior Fossa,Not Applicable
Children's National Medical Center (CNMC),C4220376,Initial CNS Tumor,519,No,Not Applicable,Not Applicable,Atypical teratoid/rhabdoid tumor,"ATRT, NOS or NEC",CBTN,Cerebellum/Posterior Fossa,Not Applicable
Children's National Medical Center (CNMC),C4744725,Initial CNS Tumor,2245,No,Not Applicable,Not Applicable,Medulloblastoma,"Medulloblastoma, NOS or NEC",CBTN,Cerebellum/Posterior Fossa,Not Applicable
Children's National Medical Center (CNMC),C4852965,Initial CNS Tumor,2607,No,Not Applicable,Not Applicable,Medulloblastoma,"Medulloblastoma, NOS or NEC",CBTN,Cerebellum/Posterior Fossa,Not Applicable
Children's National Medical Center (CNMC),C4853088,Initial CNS Tumor,533,No,Not Applicable,Not Applicable,Medulloblastoma,"Medulloblastoma, non-WNT/non-SHH",CBTN,Cerebellum/Posterior Fossa,Not Applicable
Children's National Medical Center (CNMC),C4889496,Initial CNS Tumor,2417,No,Not Applicable,Not Applicable,Medulloblastoma,"Medulloblastoma, SHH-activated and TP53-mutant",CBTN,Cerebellum/Posterior Fossa,Not Applicable
Children's National Medical Center (CNMC),C4889496,Deceased,2594,Yes,Brain;Leptomeningeal,Not Applicable,Medulloblastoma,"Medulloblastoma, SHH-activated and TP53-mutant",CBTN,Cerebellum/Posterior Fossa,Not Applicable
Children's National Medical Center (CNMC),C4974243,Initial CNS Tumor,554,No,Not Applicable,Not Applicable,Medulloblastoma,"Medulloblastoma, NOS or NEC",CBTN,Cerebellum/Posterior Fossa,Not Applicable
Children's National Medical Center (CNMC),C4974243,Second Malignancy,4781,No,Not Applicable,Not Applicable,Other,Meningioma,CBTN,Other locations NOS,Clivus
Children's National Medical Center (CNMC),C4985313,Initial CNS Tumor,2779,Yes,Brain,Not Applicable,Medulloblastoma,"Medulloblastoma, NOS or NEC",CBTN,Cerebellum/Posterior Fossa;Ventricles,Not Applicable
Children's National Medical Center (CNMC),C5226639,Initial CNS Tumor,1347,No,Not Applicable,Not Applicable,Atypical teratoid/rhabdoid tumor,"ATRT, NOS or NEC",CBTN,Frontal Lobe,Not Applicable
Children's National Medical Center (CNMC),C5226639,Progressive,1836,Yes,Spine,Not Applicable,Atypical teratoid/rhabdoid tumor,"ATRT, NOS or NEC",CBTN,Frontal Lobe,Not Applicable
Children's National Medical Center (CNMC),C5226639,Progressive,2032,Yes,Brain;Spine,Not Applicable,Atypical teratoid/rhabdoid tumor,"ATRT, NOS or NEC",CBTN,Frontal Lobe,Not Applicable
Children's National Medical Center (CNMC),C5226639,Recurrence,2984,Yes,Brain;Spine,Not Applicable,Atypical teratoid/rhabdoid tumor,"ATRT, NOS or NEC",CBTN,Frontal Lobe,Not Applicable
Children's National Medical Center (CNMC),C5226639,Deceased,3115,Yes,Brain;Spine,Not Applicable,Atypical teratoid/rhabdoid tumor,"ATRT, NOS or NEC",CBTN,Frontal Lobe,Not Applicable
Children's National Medical Center (CNMC),C5360832,Initial CNS Tumor,1755,No,Not Applicable,Not Applicable,Medulloblastoma,"Medulloblastoma, NOS or NEC",CBTN,Cerebellum/Posterior Fossa,Not Applicable
Children's National Medical Center (CNMC),C5792193,Initial CNS Tumor,434,No,Not Applicable,Not Applicable,Atypical teratoid/rhabdoid tumor,"ATRT, NOS or NEC",CBTN,Cerebellum/Posterior Fossa,Not Applicable
Children's National Medical Center (CNMC),C5792193,Deceased,861,No,Not Applicable,Not Applicable,Atypical teratoid/rhabdoid tumor,"ATRT, NOS or NEC",CBTN,Frontal Lobe,Not Applicable
Children's National Medical Center (CNMC),C6919980,Initial CNS Tumor,543,No,Not Applicable,Not Applicable,Medulloblastoma,"Medulloblastoma, non-WNT/non-SHH",CBTN,Cerebellum/Posterior Fossa,Not Applicable
Children's National Medical Center (CNMC),C7111983,Initial CNS Tumor,3157,No,Not Applicable,Not Applicable,Medulloblastoma,"Medulloblastoma, non-WNT/non-SHH",CBTN,Cerebellum/Posterior Fossa,Not Applicable
Children's National Medical Center (CNMC),C7111983,Progressive,3184,Yes,Leptomeningeal,Not Applicable,Medulloblastoma,"Medulloblastoma, non-WNT/non-SHH",CBTN,Cerebellum/Posterior Fossa,Not Applicable
Children's National Medical Center (CNMC),C7111983,Progressive,3387,Yes,Leptomeningeal,Not Applicable,Medulloblastoma,"Medulloblastoma, non-WNT/non-SHH",CBTN,Cerebellum/Posterior Fossa,Not Applicable
Children's National Medical Center (CNMC),C7111983,Progressive,4189,Yes,Leptomeningeal,Not Applicable,Medulloblastoma,"Medulloblastoma, non-WNT/non-SHH",CBTN,Cerebellum/Posterior Fossa,Not Applicable
Children's National Medical Center (CNMC),C7111983,Progressive,4329,Yes,Brain;Leptomeningeal,Not Applicable,Medulloblastoma,"Medulloblastoma, non-WNT/non-SHH",CBTN,Cerebellum/Posterior Fossa,Not Applicable
Children's National Medical Center (CNMC),C7111983,Progressive,4363,Yes,Brain;Leptomeningeal,Not Applicable,Medulloblastoma,"Medulloblastoma, non-WNT/non-SHH",CBTN,Cerebellum/Posterior Fossa,Not Applicable
Children's National Medical Center (CNMC),C7111983,Deceased,4588,Yes,Brain;Leptomeningeal,Not Applicable,Medulloblastoma,"Medulloblastoma, non-WNT/non-SHH",CBTN,Cerebellum/Posterior Fossa,Not Applicable
Children's National Medical Center (CNMC),C7219239,Initial CNS Tumor,3525,No,Not Applicable,Not Applicable,Atypical teratoid/rhabdoid tumor,ATRT-SHH,CBTN,Ventricles,Not Applicable
Children's National Medical Center (CNMC),C7271391,Initial CNS Tumor,666,No,Not Applicable,Not Applicable,Medulloblastoma,"Medulloblastoma, NOS or NEC",CBTN,Cerebellum/Posterior Fossa,Not Applicable
Children's National Medical Center (CNMC),C7271391,Progressive,872,Yes,CSF;Leptomeningeal;Spine,Not Applicable,Medulloblastoma,"Medulloblastoma, NOS or NEC",CBTN,Cerebellum/Posterior Fossa,Not Applicable
Children's National Medical Center (CNMC),C7271391,Progressive,1254,No,Not Applicable,Not Applicable,Medulloblastoma,"Medulloblastoma, NOS or NEC",CBTN,Cerebellum/Posterior Fossa; Spine NOS; Ventricles,Not Applicable
Children's National Medical Center (CNMC),C7369791,Initial CNS Tumor,2763,No,Not Applicable,Not Applicable,Medulloblastoma,"Medulloblastoma, WNT-activated",CBTN,Cerebellum/Posterior Fossa,Not Applicable
Children's National Medical Center (CNMC),C7559334,Initial CNS Tumor,271,Yes,Brain;Spine,Not Applicable,Atypical teratoid/rhabdoid tumor,ATRT-SHH,CBTN,Pineal Gland,Not Applicable
Children's National Medical Center (CNMC),C7559334,Progressive,400,Yes,Brain;Spine,Not Applicable,Atypical teratoid/rhabdoid tumor,ATRT-SHH,CBTN,Pineal Gland,Not Applicable
Children's National Medical Center (CNMC),C7559334,Progressive,515,Yes,Brain;Spine,Not Applicable,Atypical teratoid/rhabdoid tumor,ATRT-SHH,CBTN,Pineal Gland,Not Applicable
Children's National Medical Center (CNMC),C7559334,Deceased,739,Yes,Brain;Spine,Not Applicable,Atypical teratoid/rhabdoid tumor,ATRT-SHH,CBTN,Pineal Gland,Not Applicable
Children's National Medical Center (CNMC),C7588362,Initial CNS Tumor,2256,No,Not Applicable,Not Applicable,Medulloblastoma,"Medulloblastoma, WNT-activated",CBTN,Cerebellum/Posterior Fossa,Not Applicable
Children's National Medical Center (CNMC),C7592175,Initial CNS Tumor,3592,Yes,Brain;Spine,Not Applicable,Medulloblastoma,"Medulloblastoma, Group 4",CBTN,Cerebellum/Posterior Fossa,Not Applicable
Children's National Medical Center (CNMC),C7687131,Initial CNS Tumor,3162,No,Not Applicable,Not Applicable,Medulloblastoma,"Medulloblastoma, SHH-activated and TP53-mutant",CBTN,Cerebellum/Posterior Fossa,Not Applicable
Children's National Medical Center (CNMC),C7705827,Initial CNS Tumor,1434,No,Not Applicable,Not Applicable,Medulloblastoma,"Medulloblastoma, SHH-activated and TP53-mutant",CBTN,Cerebellum/Posterior Fossa,Not Applicable
Children's National Medical Center (CNMC),C7705827,Recurrence,2567,No,Not Applicable,Not Applicable,Medulloblastoma,"Medulloblastoma, SHH-activated and TP53-mutant",CBTN,Cerebellum/Posterior Fossa,Not Applicable
Children's National Medical Center (CNMC),C7705827,Second Malignancy,5438,No,Not Applicable,Not Applicable,Other,Meningioma,CBTN,Other locations NOS,Falx
Children's National Medical Center (CNMC),C7706442,Initial CNS Tumor,1413,Yes,Brain,Not Applicable,Medulloblastoma,"Medulloblastoma, non-WNT/non-SHH",CBTN,Cerebellum/Posterior Fossa,Not Applicable
Children's National Medical Center (CNMC),C7706442,Recurrence,1837,Yes,Brain,Not Applicable,Medulloblastoma,"Medulloblastoma, non-WNT/non-SHH",CBTN,Cerebellum/Posterior Fossa,Not Applicable
Children's National Medical Center (CNMC),C7706442,Recurrence,1915,Yes,Brain;Spine,Not Applicable,Medulloblastoma,"Medulloblastoma, non-WNT/non-SHH",CBTN,Cerebellum/Posterior Fossa,Not Applicable
Children's National Medical Center (CNMC),C7706442,Recurrence,2221,Yes,Brain;Spine,Not Applicable,Medulloblastoma,"Medulloblastoma, non-WNT/non-SHH",CBTN,Cerebellum/Posterior Fossa,Not Applicable
Children's National Medical Center (CNMC),C7706442,Deceased,2407,Yes,Brain;Spine,Not Applicable,Medulloblastoma,"Medulloblastoma, non-WNT/non-SHH",CBTN,Cerebellum/Posterior Fossa,Not Applicable
Children's National Medical Center (CNMC),C7706565,Initial CNS Tumor,3766,No,Not Applicable,Not Applicable,Medulloblastoma,"Medulloblastoma, WNT-activated",CBTN,Cerebellum/Posterior Fossa,Not Applicable
Children's National Medical Center (CNMC),C7747770,Initial CNS Tumor,6284,No,Not Applicable,Not Applicable,Medulloblastoma,"Medulloblastoma, non-WNT/non-SHH",CBTN,Cerebellum/Posterior Fossa,Not Applicable
Children's National Medical Center (CNMC),C7749984,Initial CNS Tumor,886,No,Not Applicable,Not Applicable,Medulloblastoma,"Medulloblastoma, Group 3",CBTN,Cerebellum/Posterior Fossa,Not Applicable
Children's National Medical Center (CNMC),C7749984,Progressive,951,No,Not Applicable,Not Applicable,Medulloblastoma,"Medulloblastoma, Group 3",CBTN,Cerebellum/Posterior Fossa,Not Applicable
Children's National Medical Center (CNMC),C7758717,Initial CNS Tumor,1588,No,Not Applicable,Not Applicable,Medulloblastoma,"Medulloblastoma, non-WNT/non-SHH",CBTN,Cerebellum/Posterior Fossa,Not Applicable
Children's National Medical Center (CNMC),C7775814,Initial CNS Tumor,2634,No,Not Applicable,Not Applicable,Medulloblastoma,"Medulloblastoma, Group 4",CBTN,Cerebellum/Posterior Fossa,Not Applicable
Children's National Medical Center (CNMC),C7963143,Initial CNS Tumor,2286,No,Not Applicable,Not Applicable,Atypical teratoid/rhabdoid tumor,ATRT-MYC,CBTN,Spinal Cord- Thoracic,Not Applicable
Children's National Medical Center (CNMC),C7963143,Progressive,2475,Yes,Spine,Not Applicable,Atypical teratoid/rhabdoid tumor,ATRT-MYC,CBTN,Spinal Cord- Thoracic,Not Applicable
Children's National Medical Center (CNMC),C7963143,Progressive,2657,Yes,Brain,Not Applicable,Atypical teratoid/rhabdoid tumor,ATRT-MYC,CBTN,Spinal Cord- Thoracic,Not Applicable
Children's National Medical Center (CNMC),C7963143,Progressive,2918,Yes,Brain;Spine,Not Applicable,Atypical teratoid/rhabdoid tumor,ATRT-MYC,CBTN,Spinal Cord- Thoracic,Not Applicable
Children's National Medical Center (CNMC),C7963143,Deceased,2991,Yes,Brain;Leptomeningeal;Spine,Not Applicable,Atypical teratoid/rhabdoid tumor,ATRT-MYC,CBTN,Spinal Cord- Thoracic,Not Applicable
Children's National Medical Center (CNMC),C8027964,Recurrence,4312,Unavailable,Not Applicable,Not Applicable,Other CNS Embryonal tumors,"CNS embryonal tumor, NOS or NEC",CBTN,Spinal Cord- Thoracic,Not Applicable
Children's National Medical Center (CNMC),C8027964,Progressive,7174,Yes,Spine,Not Applicable,Atypical teratoid/rhabdoid tumor,ATRT-MYC,CBTN,Spinal Cord- Lumbar/Thecal Sac,Not Applicable
Children's National Medical Center (CNMC),C8027964,Progressive,7423,Yes,Spine,Not Applicable,Atypical teratoid/rhabdoid tumor,ATRT-MYC,CBTN,Spinal Cord- Lumbar/Thecal Sac,Not Applicable
Children's National Medical Center (CNMC),C8150718,Initial CNS Tumor,1212,No,Not Applicable,Not Applicable,Medulloblastoma,"Medulloblastoma, SHH-activated and TP53-wildtype",CBTN,Cerebellum/Posterior Fossa,Not Applicable
Children's National Medical Center (CNMC),C8150718,Recurrence,1453,No,Not Applicable,Not Applicable,Medulloblastoma,"Medulloblastoma, SHH-activated and TP53-wildtype",CBTN,Cerebellum/Posterior Fossa,Not Applicable
Children's National Medical Center (CNMC),C8150718,Progressive,1789,Yes,Brain;Spine,Not Applicable,Medulloblastoma,"Medulloblastoma, SHH-activated and TP53-wildtype",CBTN,Cerebellum/Posterior Fossa; Spinal Cord- Cervical,Not Applicable
Children's National Medical Center (CNMC),C8150718,Progressive,1967,Yes,Brain;Spine,Not Applicable,Medulloblastoma,"Medulloblastoma, SHH-activated and TP53-wildtype",CBTN,Cerebellum/Posterior Fossa; Spinal Cord- Cervical,Not Applicable
Children's National Medical Center (CNMC),C8150718,Progressive,2448,Yes,Brain,Not Applicable,Medulloblastoma,"Medulloblastoma, SHH-activated and TP53-wildtype",CBTN,Frontal Lobe,Not Applicable
Children's National Medical Center (CNMC),C8150718,Progressive,3061,Yes,Brain;Spine,Not Applicable,Medulloblastoma,"Medulloblastoma, SHH-activated and TP53-wildtype",CBTN,Cerebellum/Posterior Fossa; Spinal Cord- Cervical,Not Applicable
Children's National Medical Center (CNMC),C8150718,Progressive,3224,Yes,Brain;Spine,Not Applicable,Medulloblastoma,"Medulloblastoma, SHH-activated and TP53-wildtype",CBTN,Cerebellum/Posterior Fossa; Frontal Lobe; Spinal Cord- Cervical,Not Applicable
Children's National Medical Center (CNMC),C8150718,Deceased,3305,Yes,Brain;Spine,Not Applicable,Medulloblastoma,"Medulloblastoma, SHH-activated and TP53-wildtype",CBTN,Cerebellum/Posterior Fossa; Frontal Lobe; Spinal Cord- Cervical,Not Applicable
Children's National Medical Center (CNMC),C8167077,Initial CNS Tumor,1589,Yes,Brain,Not Applicable,Medulloblastoma,"Medulloblastoma, SHH-activated and TP53-mutant",CBTN,Cerebellum/Posterior Fossa,Not Applicable
Children's National Medical Center (CNMC),C8167077,Recurrence,2107,Yes,Brain,Not Applicable,Medulloblastoma,"Medulloblastoma, SHH-activated and TP53-mutant",CBTN,Cerebellum/Posterior Fossa; Parietal Lobe,Not Applicable
Children's National Medical Center (CNMC),C8167077,Progressive,2499,Yes,Brain,Not Applicable,Medulloblastoma,"Medulloblastoma, SHH-activated and TP53-mutant",CBTN,Cerebellum/Posterior Fossa; Parietal Lobe,Not Applicable
Children's National Medical Center (CNMC),C8167077,Progressive,2857,Yes,Brain,Not Applicable,Medulloblastoma,"Medulloblastoma, SHH-activated and TP53-mutant",CBTN,Cerebellum/Posterior Fossa; Parietal Lobe,Not Applicable
Children's National Medical Center (CNMC),C8274579,Initial CNS Tumor,3155,Yes,Spine,Not Applicable,Medulloblastoma,"Medulloblastoma, NOS or NEC",CBTN,Brain Stem-Medulla;Spinal Cord- Cervical;Ventricles;Spine NOS;Cerebellum/Posterior Fossa,Not Applicable
Children's National Medical Center (CNMC),C8527467,Initial CNS Tumor,3760,No,Not Applicable,Not Applicable,Atypical teratoid/rhabdoid tumor,"ATRT, NOS or NEC",CBTN,Temporal Lobe,Not Applicable
Children's National Medical Center (CNMC),C8579619,Initial CNS Tumor,1819,No,Not Applicable,Not Applicable,Medulloblastoma,"Medulloblastoma, NOS or NEC",CBTN,Cerebellum/Posterior Fossa,Not Applicable
Children's National Medical Center (CNMC),C8579619,Progressive,1837,Yes,Brain,Not Applicable,Medulloblastoma,"Medulloblastoma, NOS or NEC",CBTN,Cerebellum/Posterior Fossa; Hippocampus,Not Applicable
Children's National Medical Center (CNMC),C8622177,Initial CNS Tumor,2466,No,Not Applicable,Not Applicable,Medulloblastoma,"Medulloblastoma, non-WNT/non-SHH",CBTN,Cerebellum/Posterior Fossa;Ventricles,Not Applicable
Children's National Medical Center (CNMC),C8626851,Initial CNS Tumor,3143,No,Not Applicable,Not Applicable,Medulloblastoma,"Medulloblastoma, WNT-activated",CBTN,Brain Stem-Medulla;Cerebellum/Posterior Fossa,Not Applicable
Children's National Medical Center (CNMC),C8626851,Progressive,3154,No,Not Applicable,Not Applicable,Medulloblastoma,"Medulloblastoma, WNT-activated",CBTN,Brain Stem-Medulla; Cerebellum/Posterior Fossa,Not Applicable
Children's National Medical Center (CNMC),C8626851,Recurrence,3262,No,Not Applicable,Not Applicable,Medulloblastoma,"Medulloblastoma, WNT-activated",CBTN,Brain Stem-Medulla; Cerebellum/Posterior Fossa,Not Applicable
Children's National Medical Center (CNMC),C8684907,Initial CNS Tumor,3107,Yes,Spine,Not Applicable,Medulloblastoma,"Medulloblastoma, NOS or NEC",CBTN,Brain Stem-Medulla;Cerebellum/Posterior Fossa;Spinal Cord- Thoracic,Not Applicable
Children's National Medical Center (CNMC),C8684907,Recurrence,4520,Unavailable,Not Applicable,Not Applicable,Medulloblastoma,"Medulloblastoma, NOS or NEC",CBTN,Brain Stem-Medulla; Cerebellum/Posterior Fossa; Other locations NOS," left sylvian fissure, right inferior frontal sulcus "
Children's National Medical Center (CNMC),C8684907,Recurrence,4884,No,Not Applicable,Not Applicable,Medulloblastoma,"Medulloblastoma, NOS or NEC",CBTN,Frontal Lobe; Other locations NOS; Temporal Lobe,Hypercellular mass lesion in left sylvian fissure
Children's National Medical Center (CNMC),C8684907,Recurrence,4983,Unavailable,Not Applicable,Not Applicable,Medulloblastoma,"Medulloblastoma, NOS or NEC",CBTN,Brain Stem-Medulla; Frontal Lobe; Other locations NOS; Temporal Lobe,Hypercellular mass lesion in left sylvian fissure
Children's National Medical Center (CNMC),C8732877,Initial CNS Tumor,5822,No,Not Applicable,Not Applicable,Medulloblastoma,"Medulloblastoma, non-WNT/non-SHH",CBTN,Cerebellum/Posterior Fossa;Spinal Cord- Cervical;Ventricles,Not Applicable
Children's National Medical Center (CNMC),C994701,Initial CNS Tumor,730,No,Not Applicable,Not Applicable,Atypical teratoid/rhabdoid tumor,"ATRT, NOS or NEC",CBTN,Parietal Lobe,Not Applicable
Children's National Medical Center (CNMC),C994701,Deceased,967,Yes,Brain;Spine,Not Applicable,Atypical teratoid/rhabdoid tumor,"ATRT, NOS or NEC",CBTN,Parietal Lobe,Not Applicable
Dayton Children's Hospital,C3207963,Initial CNS Tumor,370,No,Not Applicable,Not Applicable,Atypical teratoid/rhabdoid tumor,"ATRT, NOS or NEC",CBTN,Frontal Lobe;Parietal Lobe,Not Applicable
Dayton Children's Hospital,C3493200,Initial CNS Tumor,146,No,Not Applicable,Not Applicable,Atypical teratoid/rhabdoid tumor,"ATRT, NOS or NEC",CBTN,Temporal Lobe,Not Applicable
Dayton Children's Hospital,C3493200,Deceased,151,No,Not Applicable,Not Applicable,Atypical teratoid/rhabdoid tumor,"ATRT, NOS or NEC",CBTN,Temporal Lobe,Not Applicable
Dayton Children's Hospital,C3634281,Initial CNS Tumor,1093,No,Not Applicable,Not Applicable,Atypical teratoid/rhabdoid tumor,"ATRT, NOS or NEC",CBTN,Spinal Cord- Lumbar/Thecal Sac,Not Applicable
Dayton Children's Hospital,C3634281,Recurrence,1327,Yes,Brain;Spine,Not Applicable,Atypical teratoid/rhabdoid tumor,"ATRT, NOS or NEC",CBTN,Brain Stem- Pons; Cerebellum/Posterior Fossa; Spine NOS,Not Applicable
Dayton Children's Hospital,C3634281,Deceased,1337,Unavailable,Not Applicable,Not Applicable,Atypical teratoid/rhabdoid tumor,"ATRT, NOS or NEC",CBTN,Spinal Cord- Lumbar/Thecal Sac,Not Applicable
Dayton Children's Hospital,C4053834,Initial CNS Tumor,753,No,Not Applicable,Not Applicable,Medulloblastoma,"Medulloblastoma, non-WNT/non-SHH",CBTN,Cerebellum/Posterior Fossa,Not Applicable
Dayton Children's Hospital,C4053957,Initial CNS Tumor,3238,Yes,Spine,Not Applicable,Medulloblastoma,"Medulloblastoma, non-WNT/non-SHH",CBTN,Cerebellum/Posterior Fossa,Not Applicable
Dayton Children's Hospital,C4053957,Recurrence,4402,No,Not Applicable,Not Applicable,Medulloblastoma,"Medulloblastoma, non-WNT/non-SHH",CBTN,Frontal Lobe,Not Applicable
Dayton Children's Hospital,C4053957,Second Malignancy,4891,No,Not Applicable,Not Applicable,Other,Not a primary CNS tumor,CBTN,Skull,Not Applicable
Dayton Children's Hospital,C5490351,Initial CNS Tumor,3598,No,Not Applicable,Not Applicable,Medulloblastoma,"Medulloblastoma, NOS or NEC",CBTN,Cerebellum/Posterior Fossa,Not Applicable
Dayton Children's Hospital,C5490597,Initial CNS Tumor,4100,No,Not Applicable,Not Applicable,Medulloblastoma,"Medulloblastoma, NOS or NEC",CBTN,Cerebellum/Posterior Fossa,Not Applicable
Dayton Children's Hospital,C5490597,Recurrence,4473,No,Not Applicable,Not Applicable,Medulloblastoma,"Medulloblastoma, NOS or NEC",CBTN,Cerebellum/Posterior Fossa,Not Applicable
Dayton Children's Hospital,C5490597,Recurrence,4667,No,Not Applicable,Not Applicable,Medulloblastoma,"Medulloblastoma, NOS or NEC",CBTN,Cerebellum/Posterior Fossa,Not Applicable
Dayton Children's Hospital,C5490597,Deceased,4809,No,Not Applicable,Not Applicable,Medulloblastoma,"Medulloblastoma, NOS or NEC",CBTN,Cerebellum/Posterior Fossa,Not Applicable
Dayton Children's Hospital,C6784065,Initial CNS Tumor,6353,No,Not Applicable,Not Applicable,Medulloblastoma,"Medulloblastoma, non-WNT/non-SHH",CBTN,Cerebellum/Posterior Fossa,Not Applicable
Dayton Children's Hospital,C6784188,Initial CNS Tumor,231,No,Not Applicable,Not Applicable,Medulloblastoma,"Medulloblastoma, SHH-activated and TP53-wildtype",CBTN,Cerebellum/Posterior Fossa,Not Applicable
Hackensack,C1265301,Initial CNS Tumor,266,Yes,Spine,Not Applicable,Atypical teratoid/rhabdoid tumor,ATRT-TYR,OpenPedCan,Cerebellum/Posterior Fossa,Not Applicable
Hackensack,C1265301,Deceased,351,Unavailable,Not Applicable,Not Applicable,Atypical teratoid/rhabdoid tumor,"ATRT, NOS or NEC",CBTN,Temporal Lobe,Not Applicable
Hackensack,C2596407,Initial CNS Tumor,7566,No,Not Applicable,Not Applicable,Medulloblastoma,"Medulloblastoma, SHH-activated and TP53-wildtype",CBTN,Cerebellum/Posterior Fossa,Not Applicable
Hackensack,C2723712,Initial CNS Tumor,171,Yes,Other;Spine,Not Applicable,Atypical teratoid/rhabdoid tumor,"ATRT, NOS or NEC",CBTN,Spinal Cord- Cervical,Not Applicable
Hackensack,C2723712,Progressive,187,Yes,Leptomeningeal;Other;Spine,recurrent lesion in cervical area along with multiple nodules in lumbar spine.,Atypical teratoid/rhabdoid tumor,"ATRT, NOS or NEC",CBTN,Spinal Cord- Cervical; Spine NOS,Not Applicable
Hackensack,C2723712,Deceased,290,Yes,Leptomeningeal;Spine,Not Applicable,Atypical teratoid/rhabdoid tumor,"ATRT, NOS or NEC",CBTN,Spinal Cord- Cervical; Spine NOS,Not Applicable
Hackensack,C3732927,Initial CNS Tumor,586,No,Not Applicable,Not Applicable,Atypical teratoid/rhabdoid tumor,ATRT-TYR,OpenPedCan,Cerebellum/Posterior Fossa,Not Applicable
Hackensack,C3732927,Recurrence,928,No,Not Applicable,Not Applicable,Atypical teratoid/rhabdoid tumor,"ATRT, NOS or NEC",CBTN,Cerebellum/Posterior Fossa,Not Applicable
Hackensack,C3732927,Progressive,1142,No,Not Applicable,Not Applicable,Atypical teratoid/rhabdoid tumor,"ATRT, NOS or NEC",CBTN,Cerebellum/Posterior Fossa,Not Applicable
Hackensack,C3732927,Progressive,1325,No,Not Applicable,Not Applicable,Atypical teratoid/rhabdoid tumor,"ATRT, NOS or NEC",CBTN,Cerebellum/Posterior Fossa,Not Applicable
Hackensack,C3732927,Deceased,1349,No,Not Applicable,Not Applicable,Atypical teratoid/rhabdoid tumor,"ATRT, NOS or NEC",CBTN,Cerebellum/Posterior Fossa,Not Applicable
Hackensack,C3735510,Initial CNS Tumor,5094,No,Not Applicable,Not Applicable,Medulloblastoma,"Medulloblastoma, non-WNT/non-SHH",CBTN,Cerebellum/Posterior Fossa,Not Applicable
Hackensack,C3735510,Recurrence,5959,Yes,Spine,Not Applicable,Medulloblastoma,"Medulloblastoma, non-WNT/non-SHH",CBTN,Spinal Cord- Lumbar/Thecal Sac,Not Applicable
Hackensack,C3736740,Initial CNS Tumor,3214,No,Not Applicable,Not Applicable,Medulloblastoma,"Medulloblastoma, SHH-activated and TP53-wildtype",CBTN,Cerebellum/Posterior Fossa,Not Applicable
Hackensack,C3875238,Initial CNS Tumor,743,Yes,Leptomeningeal,Not Applicable,Medulloblastoma,"Medulloblastoma, non-WNT/non-SHH",CBTN,Cerebellum/Posterior Fossa,Not Applicable
Hackensack,C3875238,Progressive,821,Yes,Leptomeningeal,Not Applicable,Medulloblastoma,"Medulloblastoma, non-WNT/non-SHH",CBTN,Cerebellum/Posterior Fossa,Not Applicable
Hackensack,C3875238,Deceased,1830,No,Not Applicable,Not Applicable,Medulloblastoma,"Medulloblastoma, non-WNT/non-SHH",CBTN,Cerebellum/Posterior Fossa,Not Applicable
Hackensack,C3924192,Initial CNS Tumor,4855,No,Not Applicable,Not Applicable,Medulloblastoma,"Medulloblastoma, SHH-activated and TP53-wildtype",CBTN,Cerebellum/Posterior Fossa,Not Applicable
Hackensack,C4309674,Initial CNS Tumor,2534,No,Not Applicable,Not Applicable,Medulloblastoma,"Medulloblastoma, WNT-activated",CBTN,Cerebellum/Posterior Fossa,Not Applicable
Hackensack,C5935242,Initial CNS Tumor,1040,No,Not Applicable,Not Applicable,Medulloblastoma,"Medulloblastoma, non-WNT/non-SHH",CBTN,Cerebellum/Posterior Fossa,Not Applicable
Hudson Institute,C2419410,Initial CNS Tumor,3939,No,Not Applicable,Not Applicable,Medulloblastoma,"Medulloblastoma, NOS or NEC",CBTN,Cerebellum/Posterior Fossa,Not Applicable
Hudson Institute,C2457294,Initial CNS Tumor,645,No,Not Applicable,Not Applicable,Atypical teratoid/rhabdoid tumor,"ATRT, NOS or NEC",CBTN,Frontal Lobe,Not Applicable
Hudson Institute,C2457540,Initial CNS Tumor,534,Yes,Spine,Not Applicable,Medulloblastoma,"Medulloblastoma, NOS or NEC",CBTN,Cerebellum/Posterior Fossa,Not Applicable
Hudson Institute,C2540442,Initial CNS Tumor,541,No,Not Applicable,Not Applicable,Atypical teratoid/rhabdoid tumor,"ATRT, NOS or NEC",CBTN,Ventricles;Suprasellar/Hypothalamic/Pituitary,Not Applicable
Intermountain Primary Children's Hospital,C7226127,Initial CNS Tumor,3118,No,Not Applicable,Not Applicable,Atypical teratoid/rhabdoid tumor,ATRT-MYC,CBTN,Frontal Lobe,Not Applicable
Intermountain Primary Children's Hospital,C7274835,Initial CNS Tumor,2032,Yes,Leptomeningeal;Spine,Not Applicable,Medulloblastoma,"Medulloblastoma, Group 4",CBTN,Meninges/Dura;Spinal Cord- Thoracic;Ventricles,Not Applicable
Intermountain Primary Children's Hospital,C7333629,Initial CNS Tumor,2353,No,Not Applicable,Not Applicable,Medulloblastoma,"Medulloblastoma, non-WNT/non-SHH",CBTN,Ventricles,Not Applicable
Intermountain Primary Children's Hospital,C7366716,Initial CNS Tumor,3327,Yes,Leptomeningeal;Spine,Not Applicable,Medulloblastoma,"Medulloblastoma, Group 4",CBTN,Cerebellum/Posterior Fossa;Meninges/Dura;Spinal Cord- Lumbar/Thecal Sac,Not Applicable
Intermountain Primary Children's Hospital,C7901274,Initial CNS Tumor,3074,No,Not Applicable,Not Applicable,Medulloblastoma,"Medulloblastoma, Group 4",CBTN,Ventricles,Not Applicable
Intermountain Primary Children's Hospital,C7935837,Initial CNS Tumor,466,No,Not Applicable,Not Applicable,Atypical teratoid/rhabdoid tumor,ATRT-SHH,CBTN,Cerebellum/Posterior Fossa;Ventricles,Not Applicable
Intermountain Primary Children's Hospital,C8104962,Initial CNS Tumor,3180,Yes,Brain,Not Applicable,Medulloblastoma,"Medulloblastoma, Group 4",CBTN,Optic Pathway;Ventricles;Pineal Gland;Suprasellar/Hypothalamic/Pituitary,Not Applicable
Intermountain Primary Children's Hospital,C8105085,Initial CNS Tumor,3184,No,Not Applicable,Not Applicable,Medulloblastoma,"Medulloblastoma, SHH-activated and TP53-wildtype",CBTN,Cerebellum/Posterior Fossa,Not Applicable
Intermountain Primary Children's Hospital,C8435094,Initial CNS Tumor,1149,No,Not Applicable,Not Applicable,Medulloblastoma,"Medulloblastoma, non-WNT/non-SHH",CBTN,Ventricles,Not Applicable
Intermountain Primary Children's Hospital,C8492412,Initial CNS Tumor,6369,No,Not Applicable,Not Applicable,Medulloblastoma,"Medulloblastoma, WNT-activated",CBTN,Ventricles,Not Applicable
Intermountain Primary Children's Hospital,C8778633,Initial CNS Tumor,108,No,Not Applicable,Not Applicable,Medulloblastoma,"Medulloblastoma, SHH-activated and TP53-wildtype",CBTN,Brain Stem-Medulla;Spinal Cord- Cervical;Ventricles;Cerebellum/Posterior Fossa,Not Applicable
Johns Hopkins All Children's Hospital,C7953795,Initial CNS Tumor,1840,No,Not Applicable,Not Applicable,Medulloblastoma,"Medulloblastoma, non-WNT/non-SHH",CBTN,Cerebellum/Posterior Fossa,Not Applicable
Johns Hopkins All Children's Hospital,C7953795,Recurrence,2574,Yes,Leptomeningeal,Not Applicable,Medulloblastoma,"Medulloblastoma, non-WNT/non-SHH",CBTN,Cerebellum/Posterior Fossa,Not Applicable
Johns Hopkins Medicine,C3466755,Initial CNS Tumor,6135,No,Not Applicable,Not Applicable,Medulloblastoma,"Medulloblastoma, WNT-activated",CBTN,Cerebellum/Posterior Fossa;Ventricles,Not Applicable
Johns Hopkins Medicine,C3466878,Initial CNS Tumor,3796,No,Not Applicable,Not Applicable,Medulloblastoma,"Medulloblastoma, non-WNT/non-SHH",CBTN,Ventricles,Not Applicable
Johns Hopkins Medicine,C3587418,Initial CNS Tumor,233,No,Not Applicable,Not Applicable,Atypical teratoid/rhabdoid tumor,"ATRT, NOS or NEC",CBTN,Cerebellum/Posterior Fossa,Not Applicable
Johns Hopkins Medicine,C4028742,Initial CNS Tumor,1123,No,Not Applicable,Not Applicable,Medulloblastoma,"Medulloblastoma, non-WNT/non-SHH",CBTN,Cerebellum/Posterior Fossa;Ventricles,Not Applicable
Lurie Children's Hospital,C1002081,Initial CNS Tumor,2059,No,Not Applicable,Not Applicable,Medulloblastoma,"Medulloblastoma, Group 4",OpenPedCan,Cerebellum/Posterior Fossa;Ventricles,Not Applicable
Lurie Children's Hospital,C1002081,Deceased,2640,No,Not Applicable,Not Applicable,Medulloblastoma,"Medulloblastoma, NOS or NEC",CBTN,Ventricles,Not Applicable
Lurie Children's Hospital,C1025205,Initial CNS Tumor,252,No,Not Applicable,Not Applicable,Atypical teratoid/rhabdoid tumor,ATRT-TYR,OpenPedCan,Cerebellum/Posterior Fossa,Not Applicable
Lurie Children's Hospital,C1025205,Progressive,947,No,Not Applicable,Not Applicable,Atypical teratoid/rhabdoid tumor,"ATRT, NOS or NEC",CBTN,Cerebellum/Posterior Fossa,Not Applicable
Lurie Children's Hospital,C1025205,Deceased,1105,No,Not Applicable,Not Applicable,Atypical teratoid/rhabdoid tumor,"ATRT, NOS or NEC",CBTN,Cerebellum/Posterior Fossa,Not Applicable
Lurie Children's Hospital,C105042,Initial CNS Tumor,1663,No,Not Applicable,Not Applicable,Medulloblastoma,"Medulloblastoma, Group 3",CBTN,Cerebellum/Posterior Fossa;Ventricles,Not Applicable
Lurie Children's Hospital,C1188918,Initial CNS Tumor,1021,No,Not Applicable,Not Applicable,Medulloblastoma,"Medulloblastoma, NOS or NEC",CBTN,Cerebellum/Posterior Fossa,Not Applicable
Lurie Children's Hospital,C1188918,Second Malignancy,5041,Yes,Spine,Not Applicable,High-Grade Glioma,"Glioblastoma, IDH-wildtype",CBTN,Brain Stem-Medulla; Spine NOS,Not Applicable
Lurie Children's Hospital,C1188918,Deceased,5142,Yes,Brain;Spine,Not Applicable,High-Grade Glioma,"Astrocytoma, IDH-mutant",CBTN,Basal Ganglia; Brain Stem-Medulla; Thalamus,Not Applicable
Lurie Children's Hospital,C1189041,Deceased,403,Unavailable,Not Applicable,Not Applicable,Atypical teratoid/rhabdoid tumor,"ATRT, NOS or NEC",CBTN,Cerebellum/Posterior Fossa,Not Applicable
Lurie Children's Hospital,C138498,Initial CNS Tumor,2590,Yes,Spine,Not Applicable,Medulloblastoma,"Medulloblastoma, Group 4",OpenPedCan,Ventricles,Not Applicable
Lurie Children's Hospital,C144033,Initial CNS Tumor,785,No,Not Applicable,Not Applicable,Atypical teratoid/rhabdoid tumor,"ATRT, NOS or NEC",CBTN,Other locations NOS,unknown
Lurie Children's Hospital,C144033,Deceased,994,Unavailable,Not Applicable,Not Applicable,Atypical teratoid/rhabdoid tumor,"ATRT, NOS or NEC",CBTN,Other locations NOS,unknown
Lurie Children's Hospital,C144402,Initial CNS Tumor,1285,No,Not Applicable,Not Applicable,Atypical teratoid/rhabdoid tumor,"ATRT, NOS or NEC",CBTN,Ventricles,Not Applicable
Lurie Children's Hospital,C144402,Deceased,1696,Unavailable,Not Applicable,Not Applicable,Atypical teratoid/rhabdoid tumor,"ATRT, NOS or NEC",CBTN,Ventricles,Not Applicable
Lurie Children's Hospital,C144525,Initial CNS Tumor,299,No,Not Applicable,Not Applicable,Atypical teratoid/rhabdoid tumor,"ATRT, NOS or NEC",CBTN,Pineal Gland,Not Applicable
Lurie Children's Hospital,C144525,Deceased,609,No,Not Applicable,Not Applicable,Atypical teratoid/rhabdoid tumor,"ATRT, NOS or NEC",CBTN,Pineal Gland,Not Applicable
Lurie Children's Hospital,C144648,Initial CNS Tumor,113,Yes,CSF,Not Applicable,Atypical teratoid/rhabdoid tumor,"ATRT, NOS or NEC",CBTN,Cerebellum/Posterior Fossa,Not Applicable
Lurie Children's Hospital,C144648,Deceased,199,Yes,CSF,Not Applicable,Atypical teratoid/rhabdoid tumor,"ATRT, NOS or NEC",CBTN,Cerebellum/Posterior Fossa,Not Applicable
Lurie Children's Hospital,C144771,Initial CNS Tumor,54,No,Not Applicable,Not Applicable,Atypical teratoid/rhabdoid tumor,"ATRT, NOS or NEC",CBTN,Cerebellum/Posterior Fossa,Not Applicable
Lurie Children's Hospital,C144771,Deceased,89,No,Not Applicable,Not Applicable,Atypical teratoid/rhabdoid tumor,"ATRT, NOS or NEC",CBTN,Cerebellum/Posterior Fossa,Not Applicable
Lurie Children's Hospital,C144894,Initial CNS Tumor,685,No,Not Applicable,Not Applicable,Atypical teratoid/rhabdoid tumor,"ATRT, NOS or NEC",CBTN,Frontal Lobe,Not Applicable
Lurie Children's Hospital,C145017,Initial CNS Tumor,286,No,Not Applicable,Not Applicable,Atypical teratoid/rhabdoid tumor,"ATRT, NOS or NEC",CBTN,Cerebellum/Posterior Fossa,Not Applicable
Lurie Children's Hospital,C145017,Deceased,389,No,Not Applicable,Not Applicable,Atypical teratoid/rhabdoid tumor,"ATRT, NOS or NEC",CBTN,Not Applicable,Not Applicable
Lurie Children's Hospital,C145140,Initial CNS Tumor,1141,No,Not Applicable,Not Applicable,Atypical teratoid/rhabdoid tumor,"ATRT, NOS or NEC",CBTN,Parietal Lobe,Not Applicable
Lurie Children's Hospital,C145263,Initial CNS Tumor,233,No,Not Applicable,Not Applicable,Atypical teratoid/rhabdoid tumor,"ATRT, NOS or NEC",CBTN,Ventricles,Not Applicable
Lurie Children's Hospital,C145263,Recurrence,309,Unavailable,Not Applicable,Not Applicable,Atypical teratoid/rhabdoid tumor,"ATRT, NOS or NEC",CBTN,Ventricles,Not Applicable
Lurie Children's Hospital,C145386,Initial CNS Tumor,951,No,Not Applicable,Not Applicable,Atypical teratoid/rhabdoid tumor,"ATRT, NOS or NEC",CBTN,Frontal Lobe;Temporal Lobe,Not Applicable
Lurie Children's Hospital,C145386,Recurrence,1076,Unavailable,Not Applicable,Not Applicable,Other,Not a primary CNS tumor,CBTN,Spine NOS,Not Applicable
Lurie Children's Hospital,C145386,Deceased,1561,Unavailable,Not Applicable,Not Applicable,Atypical teratoid/rhabdoid tumor,"ATRT, NOS or NEC",CBTN,Frontal Lobe; Spine NOS; Temporal Lobe,Not Applicable
Lurie Children's Hospital,C145386,Deceased,1561,Unavailable,Not Applicable,Not Applicable,Other,Not a primary CNS tumor,CBTN,Frontal Lobe; Spine NOS; Temporal Lobe,Not Applicable
Lurie Children's Hospital,C145509,Initial CNS Tumor,1102,No,Not Applicable,Not Applicable,Atypical teratoid/rhabdoid tumor,"ATRT, NOS or NEC",CBTN,Cerebellum/Posterior Fossa,Not Applicable
Lurie Children's Hospital,C145509,Recurrence,1182,No,Not Applicable,Not Applicable,Atypical teratoid/rhabdoid tumor,"ATRT, NOS or NEC",CBTN,Cerebellum/Posterior Fossa,Not Applicable
Lurie Children's Hospital,C177981,Initial CNS Tumor,6086,No,Not Applicable,Not Applicable,Medulloblastoma,"Medulloblastoma, NOS or NEC",CBTN,Cerebellum/Posterior Fossa,Not Applicable
Lurie Children's Hospital,C177981,Deceased,9421,Unavailable,Not Applicable,Not Applicable,Not Reported,Not Reported,CBTN,Not Applicable,Not Applicable
Lurie Children's Hospital,C178104,Initial CNS Tumor,1599,No,Not Applicable,Not Applicable,Medulloblastoma,"Medulloblastoma, NOS or NEC",CBTN,Cerebellum/Posterior Fossa,Not Applicable
Lurie Children's Hospital,C178227,Initial CNS Tumor,1096,No,Not Applicable,Not Applicable,Medulloblastoma,"Medulloblastoma, NOS or NEC",CBTN,Cerebellum/Posterior Fossa;Ventricles,Not Applicable
Lurie Children's Hospital,C178227,Progressive,1336,Yes,CSF;Leptomeningeal;Spine,Not Applicable,Medulloblastoma,"Medulloblastoma, NOS or NEC",CBTN,Cerebellum/Posterior Fossa; Spinal Cord- Lumbar/Thecal Sac; Spinal Cord- Thoracic,Not Applicable
Lurie Children's Hospital,C178227,Deceased,1481,Yes,CSF;Leptomeningeal;Spine,Not Applicable,Medulloblastoma,"Medulloblastoma, NOS or NEC",CBTN,Cerebellum/Posterior Fossa; Spinal Cord- Lumbar/Thecal Sac; Spinal Cord- Thoracic,Not Applicable
Lurie Children's Hospital,C178350,Initial CNS Tumor,3879,Yes,CSF,Not Applicable,Medulloblastoma,"Medulloblastoma, NOS or NEC",CBTN,Cerebellum/Posterior Fossa,Not Applicable
Lurie Children's Hospital,C178473,Initial CNS Tumor,1696,Yes,CSF,Not Applicable,Medulloblastoma,"Medulloblastoma, NOS or NEC",CBTN,Cerebellum/Posterior Fossa,Not Applicable
Lurie Children's Hospital,C178596,Initial CNS Tumor,3113,No,Not Applicable,Not Applicable,Medulloblastoma,"Medulloblastoma, NOS or NEC",CBTN,Cerebellum/Posterior Fossa,Not Applicable
Lurie Children's Hospital,C178719,Initial CNS Tumor,1137,No,Not Applicable,Not Applicable,Medulloblastoma,"Medulloblastoma, NOS or NEC",CBTN,Cerebellum/Posterior Fossa,Not Applicable
Lurie Children's Hospital,C178719,Recurrence,1629,No,Not Applicable,Not Applicable,Medulloblastoma,"Medulloblastoma, NOS or NEC",CBTN,Cerebellum/Posterior Fossa,Not Applicable
Lurie Children's Hospital,C178719,Progressive,2054,Yes,CSF;Leptomeningeal,Not Applicable,Medulloblastoma,"Medulloblastoma, NOS or NEC",CBTN,Cerebellum/Posterior Fossa,Not Applicable
Lurie Children's Hospital,C178719,Deceased,2166,Yes,CSF;Leptomeningeal,Not Applicable,Medulloblastoma,"Medulloblastoma, NOS or NEC",CBTN,Cerebellum/Posterior Fossa,Not Applicable
Lurie Children's Hospital,C178965,Initial CNS Tumor,3559,No,Not Applicable,Not Applicable,Medulloblastoma,"Medulloblastoma, NOS or NEC",CBTN,Cerebellum/Posterior Fossa,Not Applicable
Lurie Children's Hospital,C179088,Initial CNS Tumor,3870,No,Not Applicable,Not Applicable,Medulloblastoma,"Medulloblastoma, NOS or NEC",CBTN,Cerebellum/Posterior Fossa,Not Applicable
Lurie Children's Hospital,C179457,Initial CNS Tumor,3955,No,Not Applicable,Not Applicable,Medulloblastoma,"Medulloblastoma, NOS or NEC",CBTN,Cerebellum/Posterior Fossa,Not Applicable
Lurie Children's Hospital,C179580,Initial CNS Tumor,2031,No,Not Applicable,Not Applicable,Medulloblastoma,"Medulloblastoma, NOS or NEC",CBTN,Cerebellum/Posterior Fossa,Not Applicable
Lurie Children's Hospital,C179703,Initial CNS Tumor,1282,No,Not Applicable,Not Applicable,Medulloblastoma,"Medulloblastoma, NOS or NEC",CBTN,Cerebellum/Posterior Fossa,Not Applicable
Lurie Children's Hospital,C179703,Recurrence,1711,Unavailable,Not Applicable,Not Applicable,Medulloblastoma,"Medulloblastoma, Group 3",OpenPedCan,Cerebellum/Posterior Fossa,Not Applicable
Lurie Children's Hospital,C179826,Initial CNS Tumor,2678,No,Not Applicable,Not Applicable,Medulloblastoma,"Medulloblastoma, Group 4",OpenPedCan,Cerebellum/Posterior Fossa,Not Applicable
Lurie Children's Hospital,C179826,Recurrence,3198,Unavailable,Not Applicable,Not Applicable,Medulloblastoma,"Medulloblastoma, NOS or NEC",CBTN,Temporal Lobe,Not Applicable
Lurie Children's Hospital,C180072,Initial CNS Tumor,949,No,Not Applicable,Not Applicable,Medulloblastoma,"Medulloblastoma, NOS or NEC",CBTN,Cerebellum/Posterior Fossa,Not Applicable
Lurie Children's Hospital,C180195,Initial CNS Tumor,1335,No,Not Applicable,Not Applicable,Medulloblastoma,"Medulloblastoma, NOS or NEC",CBTN,Cerebellum/Posterior Fossa,Not Applicable
Lurie Children's Hospital,C180318,Initial CNS Tumor,1446,No,Not Applicable,Not Applicable,Medulloblastoma,"Medulloblastoma, NOS or NEC",CBTN,Cerebellum/Posterior Fossa,Not Applicable
Lurie Children's Hospital,C180441,Initial CNS Tumor,780,Yes,CSF,Not Applicable,Medulloblastoma,"Medulloblastoma, NOS or NEC",CBTN,Cerebellum/Posterior Fossa;Ventricles,Not Applicable
Lurie Children's Hospital,C180564,Initial CNS Tumor,4237,No,Not Applicable,Not Applicable,Medulloblastoma,"Medulloblastoma, NOS or NEC",CBTN,Cerebellum/Posterior Fossa,Not Applicable
Lurie Children's Hospital,C180564,Second Malignancy,7328,No,Not Applicable,Not Applicable,Not Reported,Not Reported,CBTN,Frontal Lobe,Not Applicable
Lurie Children's Hospital,C180687,Initial CNS Tumor,475,No,Not Applicable,Not Applicable,Medulloblastoma,"Medulloblastoma, NOS or NEC",CBTN,Cerebellum/Posterior Fossa,Not Applicable
Lurie Children's Hospital,C180687,Recurrence,496,Unavailable,Not Applicable,Not Applicable,Medulloblastoma,"Medulloblastoma, NOS or NEC",CBTN,Cerebellum/Posterior Fossa,Not Applicable
Lurie Children's Hospital,C180933,Initial CNS Tumor,2369,No,Not Applicable,Not Applicable,Medulloblastoma,"Medulloblastoma, NOS or NEC",CBTN,Cerebellum/Posterior Fossa,Not Applicable
Lurie Children's Hospital,C181056,Initial CNS Tumor,3423,No,Not Applicable,Not Applicable,Medulloblastoma,"Medulloblastoma, NOS or NEC",CBTN,Cerebellum/Posterior Fossa,Not Applicable
Lurie Children's Hospital,C181056,Recurrence,7042,Unavailable,Not Applicable,Not Applicable,Medulloblastoma,"Medulloblastoma, NOS or NEC",CBTN,Cerebellum/Posterior Fossa,Not Applicable
Lurie Children's Hospital,C181056,Deceased,7302,No,Not Applicable,Not Applicable,Not Reported,Not Reported,CBTN,Not Applicable,Not Applicable
Lurie Children's Hospital,C181179,Initial CNS Tumor,696,No,Not Applicable,Not Applicable,Medulloblastoma,"Medulloblastoma, NOS or NEC",CBTN,Cerebellum/Posterior Fossa,Not Applicable
Lurie Children's Hospital,C181179,Deceased,809,Unavailable,Not Applicable,Not Applicable,Medulloblastoma,"Medulloblastoma, NOS or NEC",CBTN,Cerebellum/Posterior Fossa,Not Applicable
Lurie Children's Hospital,C181302,Initial CNS Tumor,3187,No,Not Applicable,Not Applicable,Medulloblastoma,"Medulloblastoma, NOS or NEC",CBTN,Cerebellum/Posterior Fossa,Not Applicable
Lurie Children's Hospital,C181425,Initial CNS Tumor,2418,No,Not Applicable,Not Applicable,Medulloblastoma,"Medulloblastoma, NOS or NEC",CBTN,Cerebellum/Posterior Fossa,Not Applicable
Lurie Children's Hospital,C181425,Deceased,2806,Unavailable,Not Applicable,Not Applicable,Medulloblastoma,"Medulloblastoma, NOS or NEC",CBTN,Cerebellum/Posterior Fossa,Not Applicable
Lurie Children's Hospital,C182286,Initial CNS Tumor,230,No,Not Applicable,Not Applicable,Atypical teratoid/rhabdoid tumor,ATRT-MYC,OpenPedCan,Parietal Lobe;Temporal Lobe,Not Applicable
Lurie Children's Hospital,C183270,Initial CNS Tumor,990,No,Not Applicable,Not Applicable,Medulloblastoma,"Medulloblastoma, NOS or NEC",CBTN,Cerebellum/Posterior Fossa,Not Applicable
Lurie Children's Hospital,C183270,Deceased,1060,Unavailable,Not Applicable,Not Applicable,Medulloblastoma,"Medulloblastoma, NOS or NEC",CBTN,Cerebellum/Posterior Fossa,Not Applicable
Lurie Children's Hospital,C183393,Initial CNS Tumor,314,No,Not Applicable,Not Applicable,Medulloblastoma,"Medulloblastoma, NOS or NEC",CBTN,Cerebellum/Posterior Fossa,Not Applicable
Lurie Children's Hospital,C183393,Deceased,671,Unavailable,Not Applicable,Not Applicable,Medulloblastoma,"Medulloblastoma, NOS or NEC",CBTN,Cerebellum/Posterior Fossa,Not Applicable
Lurie Children's Hospital,C183516,Initial CNS Tumor,4076,No,Not Applicable,Not Applicable,Medulloblastoma,"Medulloblastoma, NOS or NEC",CBTN,Cerebellum/Posterior Fossa,Not Applicable
Lurie Children's Hospital,C183516,Progressive,4415,Yes,Leptomeningeal,Not Applicable,Medulloblastoma,"Medulloblastoma, NOS or NEC",CBTN,Cerebellum/Posterior Fossa,Not Applicable
Lurie Children's Hospital,C183516,Progressive,4604,Yes,Brain;CSF;Leptomeningeal,Not Applicable,Medulloblastoma,"Medulloblastoma, NOS or NEC",CBTN,Cerebellum/Posterior Fossa; Frontal Lobe; Occipital Lobe; Temporal Lobe,Not Applicable
Lurie Children's Hospital,C183516,Progressive,4724,Yes,Brain;CSF;Leptomeningeal,Not Applicable,Medulloblastoma,"Medulloblastoma, NOS or NEC",CBTN,Cerebellum/Posterior Fossa; Frontal Lobe; Occipital Lobe; Temporal Lobe,Not Applicable
Lurie Children's Hospital,C183516,Deceased,4772,Yes,Brain;CSF;Spine,Not Applicable,Medulloblastoma,"Medulloblastoma, NOS or NEC",CBTN,Cerebellum/Posterior Fossa,Not Applicable
Lurie Children's Hospital,C193110,Deceased,7272,Yes,Spine,Not Applicable,Medulloblastoma,"Medulloblastoma, NOS or NEC",CBTN,Cerebellum/Posterior Fossa; Ventricles,Not Applicable
Lurie Children's Hospital,C2342412,Initial CNS Tumor,3389,No,Not Applicable,Not Applicable,Medulloblastoma,"Medulloblastoma, WNT-activated",OpenPedCan,Cerebellum/Posterior Fossa,Not Applicable
Lurie Children's Hospital,C2407602,Initial CNS Tumor,3386,No,Not Applicable,Not Applicable,Medulloblastoma,"Medulloblastoma, NOS or NEC",CBTN,Cerebellum/Posterior Fossa,Not Applicable
Lurie Children's Hospital,C2408832,Initial CNS Tumor,4906,No,Not Applicable,Not Applicable,Medulloblastoma,"Medulloblastoma, NOS or NEC",CBTN,Cerebellum/Posterior Fossa,Not Applicable
Lurie Children's Hospital,C2438598,Initial CNS Tumor,3049,No,Not Applicable,Not Applicable,Atypical teratoid/rhabdoid tumor,ATRT-MYC,OpenPedCan,Spinal Cord- Lumbar/Thecal Sac,Not Applicable
Lurie Children's Hospital,C2444133,Initial CNS Tumor,692,Yes,Brain;Spine,Not Applicable,Medulloblastoma,"Medulloblastoma, SHH-activated and TP53-wildtype",CBTN,Cerebellum/Posterior Fossa,Not Applicable
Lurie Children's Hospital,C2444133,Recurrence,1214,Yes,Brain;Spine,Not Applicable,Medulloblastoma,"Medulloblastoma, SHH-activated and TP53-wildtype",CBTN,Cerebellum/Posterior Fossa,Not Applicable
Lurie Children's Hospital,C2444133,Progressive,1789,Yes,Brain;Spine,Not Applicable,Medulloblastoma,"Medulloblastoma, SHH-activated and TP53-wildtype",CBTN,Cerebellum/Posterior Fossa,Not Applicable
Lurie Children's Hospital,C2446101,Initial CNS Tumor,404,No,Not Applicable,Not Applicable,Atypical teratoid/rhabdoid tumor,ATRT-SHH,OpenPedCan,Cerebellum/Posterior Fossa,Not Applicable
Lurie Children's Hospital,C2446101,Progressive,963,Yes,Spine,Not Applicable,Atypical teratoid/rhabdoid tumor,"ATRT, NOS or NEC",CBTN,Cerebellum/Posterior Fossa; Spinal Cord- Thoracic,Not Applicable
Lurie Children's Hospital,C2446101,Progressive,1130,Yes,Spine,Not Applicable,Atypical teratoid/rhabdoid tumor,"ATRT, NOS or NEC",CBTN,Cerebellum/Posterior Fossa; Spinal Cord- Thoracic,Not Applicable
Lurie Children's Hospital,C2446101,Progressive,1249,Yes,CSF;Spine,Not Applicable,Atypical teratoid/rhabdoid tumor,"ATRT, NOS or NEC",CBTN,Cerebellum/Posterior Fossa; Frontal Lobe; Temporal Lobe,Not Applicable
Lurie Children's Hospital,C2446101,Deceased,1369,Yes,CSF;Spine,Not Applicable,Atypical teratoid/rhabdoid tumor,"ATRT, NOS or NEC",CBTN,Cerebellum/Posterior Fossa; Frontal Lobe; Temporal Lobe,Not Applicable
Lurie Children's Hospital,C2460369,Initial CNS Tumor,920,Yes,Spine,Not Applicable,Medulloblastoma,"Medulloblastoma, Group 4",CBTN,Cerebellum/Posterior Fossa,Not Applicable
Lurie Children's Hospital,C2460369,Recurrence,1813,No,Not Applicable,Not Applicable,Medulloblastoma,"Medulloblastoma, Group 4",CBTN,Temporal Lobe,Not Applicable
Lurie Children's Hospital,C2460369,Recurrence,1900,No,Not Applicable,Not Applicable,Medulloblastoma,"Medulloblastoma, Group 4",CBTN,Temporal Lobe,Not Applicable
Lurie Children's Hospital,C2460369,Progressive,2119,Yes,CSF,Not Applicable,Medulloblastoma,"Medulloblastoma, Group 4",CBTN,Temporal Lobe,Not Applicable
Lurie Children's Hospital,C2460369,Progressive,2241,Yes,CSF;Leptomeningeal,Not Applicable,Medulloblastoma,"Medulloblastoma, Group 4",CBTN,Temporal Lobe,Not Applicable
Lurie Children's Hospital,C2461107,Initial CNS Tumor,1326,Yes,Spine,Not Applicable,Medulloblastoma,"Medulloblastoma, Group 4",CBTN,Cerebellum/Posterior Fossa,Not Applicable
Lurie Children's Hospital,C2461107,Progressive,1730,Yes,Brain;Spine,Not Applicable,Medulloblastoma,"Medulloblastoma, Group 4",CBTN,Cerebellum/Posterior Fossa,Not Applicable
Lurie Children's Hospital,C2461107,Recurrence,2261,Yes,Brain,Not Applicable,Medulloblastoma,"Medulloblastoma, Group 4",CBTN,Brain Stem-Medulla; Cerebellum/Posterior Fossa,Not Applicable
Lurie Children's Hospital,C2461107,Progressive,2625,Yes,Spine,Not Applicable,Medulloblastoma,"Medulloblastoma, Group 4",CBTN,Brain Stem-Medulla; Cerebellum/Posterior Fossa; Spinal Cord- Cervical; Spinal Cord- Thoracic,Not Applicable
Lurie Children's Hospital,C2461107,Progressive,2817,Yes,Brain;Spine,Not Applicable,Medulloblastoma,"Medulloblastoma, Group 4",CBTN,Brain Stem-Medulla; Cerebellum/Posterior Fossa; Spinal Cord- Cervical; Spinal Cord- Thoracic,Not Applicable
Lurie Children's Hospital,C2461107,Progressive,2919,Yes,Brain;Spine,Not Applicable,Medulloblastoma,"Medulloblastoma, Group 4",CBTN,Brain Stem-Medulla; Cerebellum/Posterior Fossa; Spinal Cord- Cervical; Spinal Cord- Thoracic; Suprasellar/Hypothalamic/Pituitary; Ventricles,Not Applicable
Lurie Children's Hospital,C2461107,Deceased,2947,Yes,Brain;Spine,Not Applicable,Medulloblastoma,"Medulloblastoma, Group 4",CBTN,Brain Stem-Medulla; Cerebellum/Posterior Fossa; Spinal Cord- Cervical; Spinal Cord- Thoracic; Suprasellar/Hypothalamic/Pituitary; Ventricles,Not Applicable
Lurie Children's Hospital,C2488167,Initial CNS Tumor,1334,Yes,Brain,Not Applicable,Medulloblastoma,"Medulloblastoma, Group 3",OpenPedCan,Ventricles,Not Applicable
Lurie Children's Hospital,C2510307,Initial CNS Tumor,2750,No,Not Applicable,Not Applicable,Medulloblastoma,"Medulloblastoma, NOS or NEC",CBTN,Cerebellum/Posterior Fossa,Not Applicable
Lurie Children's Hospital,C2539827,Initial CNS Tumor,766,No,Not Applicable,Not Applicable,Atypical teratoid/rhabdoid tumor,"ATRT, NOS or NEC",CBTN,Cerebellum/Posterior Fossa,Not Applicable
Lurie Children's Hospital,C2539827,Recurrence,956,No,Not Applicable,Not Applicable,Atypical teratoid/rhabdoid tumor,"ATRT, NOS or NEC",CBTN,Cerebellum/Posterior Fossa,Not Applicable
Lurie Children's Hospital,C2548560,Initial CNS Tumor,5317,No,Not Applicable,Not Applicable,Medulloblastoma,"Medulloblastoma, NOS or NEC",CBTN,Cerebellum/Posterior Fossa,Not Applicable
Lurie Children's Hospital,C2568609,Initial CNS Tumor,3061,No,Not Applicable,Not Applicable,Medulloblastoma,"Medulloblastoma, Group 4",OpenPedCan,Cerebellum/Posterior Fossa,Not Applicable
Lurie Children's Hospital,C2642040,Initial CNS Tumor,1198,Yes,CSF,Not Applicable,Atypical teratoid/rhabdoid tumor,ATRT-TYR,OpenPedCan,Cerebellum/Posterior Fossa,Not Applicable
Lurie Children's Hospital,C2642040,Second Malignancy,2002,No,Not Applicable,Not Applicable,Not Reported,Not Reported,CBTN,Other locations NOS,blood/bone marrow
Lurie Children's Hospital,C2642040,Deceased,3175,No,Not Applicable,Not Applicable,Not Reported,Not Reported,CBTN,Not Applicable,Not Applicable
Lurie Children's Hospital,C2769837,Initial CNS Tumor,1624,Yes,CSF,Not Applicable,Medulloblastoma,"Medulloblastoma, NOS or NEC",CBTN,Cerebellum/Posterior Fossa,Not Applicable
Lurie Children's Hospital,C300612,Initial CNS Tumor,222,No,Not Applicable,Not Applicable,Medulloblastoma,"Medulloblastoma, NOS or NEC",CBTN,Ventricles,Not Applicable
Lurie Children's Hospital,C300612,Recurrence,409,No,Not Applicable,Not Applicable,Medulloblastoma,"Medulloblastoma, NOS or NEC",CBTN,Ventricles,Not Applicable
Lurie Children's Hospital,C300612,Deceased,486,No,Not Applicable,Not Applicable,Medulloblastoma,"Medulloblastoma, NOS or NEC",CBTN,Ventricles,Not Applicable
Lurie Children's Hospital,C300858,Initial CNS Tumor,4058,Yes,Leptomeningeal;Spine,Not Applicable,Medulloblastoma,"Medulloblastoma, Group 4",OpenPedCan,Cerebellum/Posterior Fossa;Ventricles,Not Applicable
Lurie Children's Hospital,C3374259,Initial CNS Tumor,6595,No,Not Applicable,Not Applicable,Medulloblastoma,"Medulloblastoma, NOS or NEC",CBTN,Cerebellum/Posterior Fossa,Not Applicable
Lurie Children's Hospital,C3374259,Progressive,6639,Yes,Other,multiple bone sites,Medulloblastoma,"Medulloblastoma, NOS or NEC",CBTN,Cerebellum/Posterior Fossa,Not Applicable
Lurie Children's Hospital,C3374259,Progressive,6734,Yes,Other,multiple bone metastasis,Medulloblastoma,"Medulloblastoma, NOS or NEC",CBTN,Cerebellum/Posterior Fossa,Not Applicable
Lurie Children's Hospital,C3374259,Progressive,6829,Yes,Other,femur,Medulloblastoma,"Medulloblastoma, NOS or NEC",CBTN,Cerebellum/Posterior Fossa,Not Applicable
Lurie Children's Hospital,C3374259,Deceased,6999,Yes,Other,femur,Not Reported,Not Reported,CBTN,Not Applicable,Not Applicable
Lurie Children's Hospital,C3376596,Initial CNS Tumor,3904,No,Not Applicable,Not Applicable,Medulloblastoma,"Medulloblastoma, NOS or NEC",CBTN,Cerebellum/Posterior Fossa,Not Applicable
Lurie Children's Hospital,C3376596,Progressive,4653,Yes,Leptomeningeal,Not Applicable,Medulloblastoma,"Medulloblastoma, NOS or NEC",CBTN,Cerebellum/Posterior Fossa; Meninges/Dura,Not Applicable
Lurie Children's Hospital,C3376596,Progressive,4992,Yes,Brain;Leptomeningeal,Not Applicable,Medulloblastoma,"Medulloblastoma, NOS or NEC",CBTN,Cerebellum/Posterior Fossa; Meninges/Dura; Ventricles,Not Applicable
Lurie Children's Hospital,C3376596,Progressive,5271,Yes,Brain;Leptomeningeal,Not Applicable,Medulloblastoma,"Medulloblastoma, NOS or NEC",CBTN,Cerebellum/Posterior Fossa; Frontal Lobe; Meninges/Dura; Ventricles,Not Applicable
Lurie Children's Hospital,C3376842,Initial CNS Tumor,1407,No,Not Applicable,Not Applicable,Medulloblastoma,"Medulloblastoma, WNT-activated",CBTN,Cerebellum/Posterior Fossa,Not Applicable
Lurie Children's Hospital,C3379056,Initial CNS Tumor,3957,Yes,CSF,Not Applicable,Medulloblastoma,"Medulloblastoma, NOS or NEC",CBTN,Brain Stem-Medulla,Not Applicable
Lurie Children's Hospital,C3379056,Recurrence,5296,No,Not Applicable,Not Applicable,Medulloblastoma,"Medulloblastoma, NOS or NEC",CBTN,Brain Stem-Medulla,Not Applicable
Lurie Children's Hospital,C3379056,Progressive,5555,No,Not Applicable,Not Applicable,Not Reported,Not Reported,CBTN,Parietal Lobe,Not Applicable
Lurie Children's Hospital,C3379056,Second Malignancy,6002,No,Not Applicable,Not Applicable,Not Reported,Not Reported,CBTN,Other locations NOS,blood
Lurie Children's Hospital,C3379794,Initial CNS Tumor,7221,No,Not Applicable,Not Applicable,Medulloblastoma,"Medulloblastoma, NOS or NEC",CBTN,Brain Stem-Medulla,Not Applicable
Lurie Children's Hospital,C3379917,Initial CNS Tumor,3955,No,Not Applicable,Not Applicable,Medulloblastoma,"Medulloblastoma, Group 4",CBTN,Cerebellum/Posterior Fossa,Not Applicable
Lurie Children's Hospital,C3380286,Initial CNS Tumor,2831,No,Not Applicable,Not Applicable,Medulloblastoma,"Medulloblastoma, NOS or NEC",CBTN,Cerebellum/Posterior Fossa,Not Applicable
Lurie Children's Hospital,C3380901,Initial CNS Tumor,279,No,Not Applicable,Not Applicable,Atypical teratoid/rhabdoid tumor,"ATRT, NOS or NEC",CBTN,Cerebellum/Posterior Fossa,Not Applicable
Lurie Children's Hospital,C3380901,Progressive,549,Yes,Brain,Not Applicable,Atypical teratoid/rhabdoid tumor,"ATRT, NOS or NEC",CBTN,Cerebellum/Posterior Fossa,Not Applicable
Lurie Children's Hospital,C3380901,Progressive,670,Yes,CSF,Not Applicable,Atypical teratoid/rhabdoid tumor,"ATRT, NOS or NEC",CBTN,Cerebellum/Posterior Fossa,Not Applicable
Lurie Children's Hospital,C3380901,Progressive,816,No,Not Applicable,Not Applicable,Atypical teratoid/rhabdoid tumor,"ATRT, NOS or NEC",CBTN,Cerebellum/Posterior Fossa,Not Applicable
Lurie Children's Hospital,C3381885,Initial CNS Tumor,2156,No,Not Applicable,Not Applicable,Medulloblastoma,"Medulloblastoma, NOS or NEC",CBTN,Brain Stem-Medulla,Not Applicable
Lurie Children's Hospital,C3382008,Initial CNS Tumor,1940,Yes,CSF,Not Applicable,Medulloblastoma,"Medulloblastoma, NOS or NEC",CBTN,Cerebellum/Posterior Fossa,Not Applicable
Lurie Children's Hospital,C3405132,Initial CNS Tumor,2845,Yes,Leptomeningeal,Not Applicable,Medulloblastoma,"Medulloblastoma, NOS or NEC",CBTN,Cerebellum/Posterior Fossa,Not Applicable
Lurie Children's Hospital,C3405255,Initial CNS Tumor,3790,Yes,Leptomeningeal,Not Applicable,Medulloblastoma,"Medulloblastoma, NOS or NEC",CBTN,Cerebellum/Posterior Fossa,Not Applicable
Lurie Children's Hospital,C3411651,Initial CNS Tumor,2147,No,Not Applicable,Not Applicable,Medulloblastoma,"Medulloblastoma, NOS or NEC",CBTN,Cerebellum/Posterior Fossa,Not Applicable
Lurie Children's Hospital,C3411651,Second Malignancy,7912,No,Not Applicable,Not Applicable,Glioneuronal and neuronal tumors,Ganglioglioma,CBTN,Cerebellum/Posterior Fossa,Not Applicable
Lurie Children's Hospital,C3464049,Initial CNS Tumor,1301,Yes,Spine,Not Applicable,Medulloblastoma,"Medulloblastoma, NOS or NEC",CBTN,Cerebellum/Posterior Fossa;Spinal Cord- Cervical;Spinal Cord- Thoracic,Not Applicable
Lurie Children's Hospital,C3464049,Progressive,1804,Yes,Leptomeningeal;Spine,Not Applicable,Medulloblastoma,"Medulloblastoma, NOS or NEC",CBTN,Cerebellum/Posterior Fossa; Meninges/Dura; Spinal Cord- Cervical; Spinal Cord- Lumbar/Thecal Sac; Spinal Cord- Thoracic,Not Applicable
Lurie Children's Hospital,C3464049,Progressive,1957,Yes,Brain;Leptomeningeal;Spine,Not Applicable,Medulloblastoma,"Medulloblastoma, NOS or NEC",CBTN,Frontal Lobe; Spinal Cord- Cervical; Spinal Cord- Lumbar/Thecal Sac; Spinal Cord- Thoracic; Temporal Lobe,Not Applicable
Lurie Children's Hospital,C3464049,Progressive,2135,Yes,CSF;Leptomeningeal,Not Applicable,Medulloblastoma,"Medulloblastoma, NOS or NEC",CBTN,Frontal Lobe; Spinal Cord- Cervical; Spinal Cord- Lumbar/Thecal Sac; Spinal Cord- Thoracic; Temporal Lobe,Not Applicable
Lurie Children's Hospital,C3464049,Progressive,2226,Yes,Brain;Leptomeningeal;Spine,Not Applicable,Medulloblastoma,"Medulloblastoma, NOS or NEC",CBTN,Cerebellum/Posterior Fossa; Spinal Cord- Cervical; Spinal Cord- Lumbar/Thecal Sac; Spinal Cord- Thoracic; Ventricles,Not Applicable
Lurie Children's Hospital,C3559989,Initial CNS Tumor,2808,Yes,Spine,Not Applicable,Medulloblastoma,"Medulloblastoma, NOS or NEC",CBTN,Cerebellum/Posterior Fossa,Not Applicable
Lurie Children's Hospital,C3559989,Progressive,3338,Yes,Leptomeningeal;Spine,Not Applicable,Medulloblastoma,"Medulloblastoma, NOS or NEC",CBTN,Cerebellum/Posterior Fossa,Not Applicable
Lurie Children's Hospital,C3559989,Progressive,3525,Yes,Leptomeningeal;Spine,Not Applicable,Medulloblastoma,"Medulloblastoma, NOS or NEC",CBTN,Cerebellum/Posterior Fossa,Not Applicable
Lurie Children's Hospital,C3559989,Deceased,3858,Yes,Leptomeningeal;Spine,Not Applicable,Medulloblastoma,"Medulloblastoma, NOS or NEC",CBTN,Cerebellum/Posterior Fossa,Not Applicable
Lurie Children's Hospital,C3567000,Initial CNS Tumor,2794,No,Not Applicable,Not Applicable,Medulloblastoma,"Medulloblastoma, NOS or NEC",CBTN,Cerebellum/Posterior Fossa,Not Applicable
Lurie Children's Hospital,C3653469,Initial CNS Tumor,1008,No,Not Applicable,Not Applicable,Atypical teratoid/rhabdoid tumor,"ATRT, NOS or NEC",CBTN,Frontal Lobe,Not Applicable
Lurie Children's Hospital,C3653469,Not Reported,1054,No,Not Applicable,Not Applicable,Atypical teratoid/rhabdoid tumor,"ATRT, NOS or NEC",CBTN,Temporal Lobe,Not Applicable
Lurie Children's Hospital,C3653469,Progressive,1071,No,Not Applicable,Not Applicable,Atypical teratoid/rhabdoid tumor,"ATRT, NOS or NEC",CBTN,Temporal Lobe,Not Applicable
Lurie Children's Hospital,C3653715,Initial CNS Tumor,4193,Yes,Spine,Not Applicable,Medulloblastoma,"Medulloblastoma, NOS or NEC",CBTN,Cerebellum/Posterior Fossa;Meninges/Dura,Not Applicable
Lurie Children's Hospital,C3740799,Initial CNS Tumor,1003,No,Not Applicable,Not Applicable,Medulloblastoma,"Medulloblastoma, NOS or NEC",CBTN,Cerebellum/Posterior Fossa;Ventricles,Not Applicable
Lurie Children's Hospital,C3749286,Initial CNS Tumor,4080,No,Not Applicable,Not Applicable,Medulloblastoma,"Medulloblastoma, NOS or NEC",CBTN,Cerebellum/Posterior Fossa,Not Applicable
Lurie Children's Hospital,C3753468,Initial CNS Tumor,4169,No,Not Applicable,Not Applicable,Medulloblastoma,"Medulloblastoma, NOS or NEC",CBTN,Cerebellum/Posterior Fossa,Not Applicable
Lurie Children's Hospital,C3821364,Initial CNS Tumor,4003,No,Not Applicable,Not Applicable,Medulloblastoma,"Medulloblastoma, NOS or NEC",CBTN,Cerebellum/Posterior Fossa;Ventricles,Not Applicable
Lurie Children's Hospital,C3865521,Initial CNS Tumor,1848,Yes,Spine,Not Applicable,Medulloblastoma,"Medulloblastoma, NOS or NEC",CBTN,Cerebellum/Posterior Fossa,Not Applicable
Lurie Children's Hospital,C398643,Initial CNS Tumor,1067,No,Not Applicable,Not Applicable,Medulloblastoma,"Medulloblastoma, Group 3",OpenPedCan,Cerebellum/Posterior Fossa,Not Applicable
Lurie Children's Hospital,C398643,Progressive,1228,Yes,CSF,Not Applicable,Medulloblastoma,"Medulloblastoma, NOS or NEC",CBTN,Cerebellum/Posterior Fossa,Not Applicable
Lurie Children's Hospital,C398643,Deceased,1262,Yes,CSF,Not Applicable,Medulloblastoma,"Medulloblastoma, NOS or NEC",CBTN,Cerebellum/Posterior Fossa,Not Applicable
Lurie Children's Hospital,C4024806,Initial CNS Tumor,2593,No,Not Applicable,Not Applicable,Medulloblastoma,"Medulloblastoma, NOS or NEC",CBTN,Cerebellum/Posterior Fossa,Not Applicable
Lurie Children's Hospital,C4073883,Initial CNS Tumor,1634,No,Not Applicable,Not Applicable,Medulloblastoma,"Medulloblastoma, NOS or NEC",CBTN,Cerebellum/Posterior Fossa,Not Applicable
Lurie Children's Hospital,C4133784,Initial CNS Tumor,780,No,Not Applicable,Not Applicable,Medulloblastoma,"Medulloblastoma, NOS or NEC",CBTN,Cerebellum/Posterior Fossa,Not Applicable
Lurie Children's Hospital,C4153095,Initial CNS Tumor,7195,No,Not Applicable,Not Applicable,Medulloblastoma,"Medulloblastoma, NOS or NEC",CBTN,Cerebellum/Posterior Fossa,Not Applicable
Lurie Children's Hospital,C417585,Initial CNS Tumor,2759,No,Not Applicable,Not Applicable,Medulloblastoma,"Medulloblastoma, Group 4",OpenPedCan,Cerebellum/Posterior Fossa,Not Applicable
Lurie Children's Hospital,C4234644,Initial CNS Tumor,936,No,Not Applicable,Not Applicable,Medulloblastoma,"Medulloblastoma, Group 3",CBTN,Cerebellum/Posterior Fossa,Not Applicable
Lurie Children's Hospital,C4309428,Initial CNS Tumor,3468,No,Not Applicable,Not Applicable,Medulloblastoma,"Medulloblastoma, Group 4",CBTN,Cerebellum/Posterior Fossa,Not Applicable
Lurie Children's Hospital,C4309428,Progressive,3971,Yes,Brain,Not Applicable,Medulloblastoma,"Medulloblastoma, Group 4",CBTN,Cerebellum/Posterior Fossa; Frontal Lobe,Not Applicable
Lurie Children's Hospital,C4309428,Progressive,4411,Yes,Brain;Leptomeningeal,Not Applicable,Medulloblastoma,"Medulloblastoma, Group 4",CBTN,Cerebellum/Posterior Fossa; Frontal Lobe; Temporal Lobe,Not Applicable
Lurie Children's Hospital,C4309428,Progressive,4644,Yes,Brain;Leptomeningeal,Not Applicable,Medulloblastoma,"Medulloblastoma, Group 4",CBTN,Cerebellum/Posterior Fossa; Cranial Nerves NOS; Frontal Lobe; Parietal Lobe,Not Applicable
Lurie Children's Hospital,C4309428,Deceased,4789,Yes,Brain,Not Applicable,Medulloblastoma,"Medulloblastoma, NOS or NEC",CBTN,Cerebellum/Posterior Fossa; Temporal Lobe; Thalamus,Not Applicable
Lurie Children's Hospital,C477240,Initial CNS Tumor,1694,Yes,Brain;Spine,Not Applicable,Medulloblastoma,"Medulloblastoma, Group 4",CBTN,Cerebellum/Posterior Fossa,Not Applicable
Lurie Children's Hospital,C478962,Initial CNS Tumor,4284,No,Not Applicable,Not Applicable,Medulloblastoma,"Medulloblastoma, Group 4",OpenPedCan,Cerebellum/Posterior Fossa,Not Applicable
Lurie Children's Hospital,C5022090,Initial CNS Tumor,3621,Yes,CSF,Not Applicable,Medulloblastoma,"Medulloblastoma, NOS or NEC",CBTN,Cerebellum/Posterior Fossa;Ventricles,Not Applicable
Lurie Children's Hospital,C5022090,Progressive,5615,Yes,CSF;Spine,Not Applicable,Medulloblastoma,"Medulloblastoma, NOS or NEC",CBTN,Cerebellum/Posterior Fossa; Spinal Cord- Thoracic; Ventricles,Not Applicable
Lurie Children's Hospital,C5022090,Deceased,5977,Yes,CSF;Spine,Not Applicable,Medulloblastoma,"Medulloblastoma, NOS or NEC",CBTN,Cerebellum/Posterior Fossa; Spinal Cord- Thoracic; Ventricles,Not Applicable
Lurie Children's Hospital,C5027502,Initial CNS Tumor,81,No,Not Applicable,Not Applicable,Atypical teratoid/rhabdoid tumor,ATRT-SHH,CBTN,Suprasellar/Hypothalamic/Pituitary,Not Applicable
Lurie Children's Hospital,C5027502,Deceased,180,No,Not Applicable,Not Applicable,Atypical teratoid/rhabdoid tumor,ATRT-SHH,CBTN,Not Applicable,Not Applicable
Lurie Children's Hospital,C5054685,Initial CNS Tumor,2783,Yes,CSF;Spine,Not Applicable,Medulloblastoma,"Medulloblastoma, NOS or NEC",CBTN,Parietal Lobe;Frontal Lobe;Spinal Cord- Lumbar/Thecal Sac;Spine NOS,Not Applicable
Lurie Children's Hospital,C515124,Initial CNS Tumor,4963,No,Not Applicable,Not Applicable,Medulloblastoma,"Medulloblastoma, NOS or NEC",CBTN,Cerebellum/Posterior Fossa,Not Applicable
Lurie Children's Hospital,C5214954,Initial CNS Tumor,1887,Yes,CSF,Not Applicable,Medulloblastoma,"Medulloblastoma, NOS or NEC",CBTN,Cerebellum/Posterior Fossa,Not Applicable
Lurie Children's Hospital,C522504,Initial CNS Tumor,4729,No,Not Applicable,Not Applicable,Medulloblastoma,"Medulloblastoma, WNT-activated",OpenPedCan,Cerebellum/Posterior Fossa,Not Applicable
Lurie Children's Hospital,C5304498,Initial CNS Tumor,6361,No,Not Applicable,Not Applicable,Medulloblastoma,"Medulloblastoma, WNT-activated",CBTN,Cerebellum/Posterior Fossa,Not Applicable
Lurie Children's Hospital,C5304498,Progressive,6771,Yes,Brain;Spine,Not Applicable,Medulloblastoma,"Medulloblastoma, WNT-activated",CBTN,Cerebellum/Posterior Fossa,Not Applicable
Lurie Children's Hospital,C5304498,Deceased,6841,Yes,Brain;Spine,Not Applicable,Medulloblastoma,"Medulloblastoma, WNT-activated",CBTN,Cerebellum/Posterior Fossa,Not Applicable
Lurie Children's Hospital,C550056,Initial CNS Tumor,3803,No,Not Applicable,Not Applicable,Medulloblastoma,"Medulloblastoma, NOS or NEC",CBTN,Brain Stem- Pons;Cerebellum/Posterior Fossa,Not Applicable
Lurie Children's Hospital,C553131,Initial CNS Tumor,294,No,Not Applicable,Not Applicable,Medulloblastoma,"Medulloblastoma, NOS or NEC",CBTN,Cerebellum/Posterior Fossa;Ventricles,Not Applicable
Lurie Children's Hospital,C5555664,Initial CNS Tumor,1918,No,Not Applicable,Not Applicable,Atypical teratoid/rhabdoid tumor,ATRT-MYC,CBTN,Frontal Lobe,Not Applicable
Lurie Children's Hospital,C5555664,Progressive,1929,Yes,CSF,Not Applicable,Atypical teratoid/rhabdoid tumor,ATRT-MYC,CBTN,Frontal Lobe,Not Applicable
Lurie Children's Hospital,C5555664,Progressive,1981,Yes,CSF,Not Applicable,Atypical teratoid/rhabdoid tumor,ATRT-MYC,CBTN,Frontal Lobe,Not Applicable
Lurie Children's Hospital,C5555664,Deceased,2150,Yes,CSF,Not Applicable,High-Grade Glioma,"Diffuse pediatric-type high-grade glioma, H3-wildtype and IDH-wildtype",CBTN,Frontal Lobe,Not Applicable
Lurie Children's Hospital,C556575,Initial CNS Tumor,3049,No,Not Applicable,Not Applicable,Medulloblastoma,"Medulloblastoma, Group 4",OpenPedCan,Cerebellum/Posterior Fossa,Not Applicable
Lurie Children's Hospital,C556575,Recurrence,3857,Yes,Brain;CSF,Not Applicable,Medulloblastoma,"Medulloblastoma, NOS or NEC",CBTN,Ventricles,Not Applicable
Lurie Children's Hospital,C557682,Initial CNS Tumor,964,Yes,CSF;Spine,Not Applicable,Atypical teratoid/rhabdoid tumor,"ATRT, NOS or NEC",CBTN,Frontal Lobe;Parietal Lobe;Temporal Lobe,Not Applicable
Lurie Children's Hospital,C5594286,Initial CNS Tumor,7247,No,Not Applicable,Not Applicable,Medulloblastoma,"Medulloblastoma, non-WNT/non-SHH",CBTN,Cerebellum/Posterior Fossa,Not Applicable
Lurie Children's Hospital,C5594286,Progressive,9423,Yes,Brain;CSF;Leptomeningeal;Spine,Not Applicable,Medulloblastoma,"Medulloblastoma, non-WNT/non-SHH",CBTN,Cerebellum/Posterior Fossa; Cranial Nerves NOS; Meninges/Dura; Spinal Cord- Thoracic; Ventricles,Not Applicable
Lurie Children's Hospital,C5594286,Deceased,9477,Yes,Brain;CSF;Leptomeningeal;Spine,Not Applicable,Medulloblastoma,"Medulloblastoma, non-WNT/non-SHH",CBTN,Not Applicable,Not Applicable
Lurie Children's Hospital,C5623314,Initial CNS Tumor,4753,No,Not Applicable,Not Applicable,Medulloblastoma,"Medulloblastoma, non-WNT/non-SHH",CBTN,Ventricles,Not Applicable
Lurie Children's Hospital,C5623314,Progressive,5523,Yes,Spine,Not Applicable,Medulloblastoma,"Medulloblastoma, non-WNT/non-SHH",CBTN,Ventricles,Not Applicable
Lurie Children's Hospital,C5623314,Progressive,5720,Yes,Brain;Leptomeningeal;Spine,Not Applicable,Medulloblastoma,"Medulloblastoma, non-WNT/non-SHH",CBTN,Ventricles,Not Applicable
Lurie Children's Hospital,C5623314,Progressive,5871,Yes,Brain;Leptomeningeal;Spine,Not Applicable,Medulloblastoma,"Medulloblastoma, non-WNT/non-SHH",CBTN,Ventricles,Not Applicable
Lurie Children's Hospital,C5623314,Deceased,6074,Yes,Brain;Leptomeningeal;Spine,Not Applicable,Medulloblastoma,"Medulloblastoma, non-WNT/non-SHH",CBTN,Ventricles,Not Applicable
Lurie Children's Hospital,C565431,Initial CNS Tumor,2320,No,Not Applicable,Not Applicable,Medulloblastoma,"Medulloblastoma, Group 4",OpenPedCan,Cerebellum/Posterior Fossa,Not Applicable
Lurie Children's Hospital,C567522,Initial CNS Tumor,3503,Yes,Leptomeningeal,Not Applicable,Medulloblastoma,"Medulloblastoma, Group 3",OpenPedCan,Cerebellum/Posterior Fossa;Ventricles,Not Applicable
Lurie Children's Hospital,C567522,Progressive,3607,Yes,Brain;CSF;Leptomeningeal;Spine,Not Applicable,Medulloblastoma,"Medulloblastoma, NOS or NEC",CBTN,Cerebellum/Posterior Fossa; Ventricles,Not Applicable
Lurie Children's Hospital,C567522,Deceased,3685,Yes,Brain;CSF;Leptomeningeal;Spine,Not Applicable,Medulloblastoma,"Medulloblastoma, NOS or NEC",CBTN,Cerebellum/Posterior Fossa; Ventricles,Not Applicable
Lurie Children's Hospital,C5700066,Initial CNS Tumor,78,No,Not Applicable,Not Applicable,Atypical teratoid/rhabdoid tumor,"ATRT, NOS or NEC",CBTN,Cerebellum/Posterior Fossa,Not Applicable
Lurie Children's Hospital,C5700066,Recurrence,589,No,Not Applicable,Not Applicable,Atypical teratoid/rhabdoid tumor,"ATRT, NOS or NEC",CBTN,Cerebellum/Posterior Fossa,Not Applicable
Lurie Children's Hospital,C5700066,Progressive,2941,Yes,Brain,Not Applicable,Atypical teratoid/rhabdoid tumor,"ATRT, NOS or NEC",CBTN,Cerebellum/Posterior Fossa,Not Applicable
Lurie Children's Hospital,C5700066,Progressive,5531,Yes,Brain;Leptomeningeal,Not Applicable,Atypical teratoid/rhabdoid tumor,"ATRT, NOS or NEC",CBTN,Cerebellum/Posterior Fossa,Not Applicable
Lurie Children's Hospital,C5700066,Deceased,5647,Yes,Brain;Leptomeningeal;Spine,Not Applicable,Atypical teratoid/rhabdoid tumor,"ATRT, NOS or NEC",CBTN,Cerebellum/Posterior Fossa,Not Applicable
Lurie Children's Hospital,C587325,Initial CNS Tumor,624,Yes,Brain;Leptomeningeal,Not Applicable,Atypical teratoid/rhabdoid tumor,ATRT-SHH,OpenPedCan,Frontal Lobe,Not Applicable
Lurie Children's Hospital,C587325,Progressive,720,Yes,Brain;Leptomeningeal,Not Applicable,Atypical teratoid/rhabdoid tumor,"ATRT, NOS or NEC",CBTN,Frontal Lobe,Not Applicable
Lurie Children's Hospital,C587325,Deceased,749,Yes,Brain;Leptomeningeal,Not Applicable,Atypical teratoid/rhabdoid tumor,"ATRT, NOS or NEC",CBTN,Frontal Lobe,Not Applicable
Lurie Children's Hospital,C596058,Initial CNS Tumor,2554,No,Not Applicable,Not Applicable,Medulloblastoma,"Medulloblastoma, NOS or NEC",CBTN,Cerebellum/Posterior Fossa;Ventricles,Not Applicable
Lurie Children's Hospital,C596058,Recurrence,3286,No,Not Applicable,Not Applicable,Medulloblastoma,"Medulloblastoma, NOS or NEC",CBTN,Other locations NOS,Right Sylvian Fissure
Lurie Children's Hospital,C596058,Progressive,3331,No,Not Applicable,Not Applicable,Medulloblastoma,"Medulloblastoma, NOS or NEC",CBTN,Other locations NOS,Right Sylvian Fissure
Lurie Children's Hospital,C596058,Progressive,3960,Yes,Brain,Not Applicable,Medulloblastoma,"Medulloblastoma, NOS or NEC",CBTN,Cerebellum/Posterior Fossa; Temporal Lobe; Ventricles,Not Applicable
Lurie Children's Hospital,C596058,Progressive,4112,Yes,Brain;Leptomeningeal,Not Applicable,Medulloblastoma,"Medulloblastoma, NOS or NEC",CBTN,Cerebellum/Posterior Fossa; Thalamus; Ventricles,Not Applicable
Lurie Children's Hospital,C596058,Progressive,4129,Yes,Leptomeningeal,Not Applicable,Medulloblastoma,"Medulloblastoma, NOS or NEC",CBTN,Cerebellum/Posterior Fossa; Temporal Lobe; Ventricles,Not Applicable
Lurie Children's Hospital,C596058,Progressive,4216,Yes,Leptomeningeal,Not Applicable,Medulloblastoma,"Medulloblastoma, NOS or NEC",CBTN,Cerebellum/Posterior Fossa; Temporal Lobe; Ventricles,Not Applicable
Lurie Children's Hospital,C596058,Progressive,4340,Yes,Brain;Leptomeningeal,Not Applicable,Medulloblastoma,"Medulloblastoma, NOS or NEC",CBTN,Cerebellum/Posterior Fossa; Temporal Lobe; Ventricles,Not Applicable
Lurie Children's Hospital,C596058,Progressive,4418,Yes,Brain;Leptomeningeal,Not Applicable,Medulloblastoma,"Medulloblastoma, NOS or NEC",CBTN,Cerebellum/Posterior Fossa; Temporal Lobe; Ventricles,Not Applicable
Lurie Children's Hospital,C596058,Progressive,4477,Yes,Brain;Leptomeningeal,Not Applicable,Medulloblastoma,"Medulloblastoma, NOS or NEC",CBTN,Cerebellum/Posterior Fossa; Temporal Lobe; Ventricles,Not Applicable
Lurie Children's Hospital,C596058,Deceased,4541,Yes,Brain;Leptomeningeal,Not Applicable,Medulloblastoma,"Medulloblastoma, NOS or NEC",CBTN,Cerebellum/Posterior Fossa; Temporal Lobe; Ventricles,Not Applicable
Lurie Children's Hospital,C607251,Initial CNS Tumor,1689,Yes,Brain;CSF;Spine,Not Applicable,Medulloblastoma,"Medulloblastoma, Group 3",OpenPedCan,Cerebellum/Posterior Fossa,Not Applicable
Lurie Children's Hospital,C607251,Progressive,2009,Yes,Brain;Spine,Not Applicable,Medulloblastoma,"Medulloblastoma, NOS or NEC",CBTN,Spinal Cord- Lumbar/Thecal Sac,Not Applicable
Lurie Children's Hospital,C614016,Initial CNS Tumor,1498,Yes,Spine,Not Applicable,Atypical teratoid/rhabdoid tumor,"ATRT, NOS or NEC",CBTN,Frontal Lobe,Not Applicable
Lurie Children's Hospital,C617952,Initial CNS Tumor,4850,No,Not Applicable,Not Applicable,Medulloblastoma,"Medulloblastoma, Group 4",OpenPedCan,Cerebellum/Posterior Fossa,Not Applicable
Lurie Children's Hospital,C618567,Initial CNS Tumor,2520,Yes,Leptomeningeal,Not Applicable,Medulloblastoma,"Medulloblastoma, NOS or NEC",CBTN,Cerebellum/Posterior Fossa,Not Applicable
Lurie Children's Hospital,C618690,Initial CNS Tumor,2325,No,Not Applicable,Not Applicable,Medulloblastoma,"Medulloblastoma, NOS or NEC",CBTN,Cerebellum/Posterior Fossa,Not Applicable
Lurie Children's Hospital,C618813,Initial CNS Tumor,532,No,Not Applicable,Not Applicable,Medulloblastoma,"Medulloblastoma, NOS or NEC",CBTN,Cerebellum/Posterior Fossa,Not Applicable
Lurie Children's Hospital,C6192804,Initial CNS Tumor,2010,No,Not Applicable,Not Applicable,Medulloblastoma,"Medulloblastoma, Group 3",CBTN,Cerebellum/Posterior Fossa;Ventricles,Not Applicable
Lurie Children's Hospital,C6192804,Progressive,2121,Yes,Leptomeningeal,Not Applicable,Medulloblastoma,"Medulloblastoma, Group 3",CBTN,Cerebellum/Posterior Fossa; Ventricles,Not Applicable
Lurie Children's Hospital,C6193173,Initial CNS Tumor,1569,No,Not Applicable,Not Applicable,Medulloblastoma,"Medulloblastoma, Group 3",CBTN,Cerebellum/Posterior Fossa,Not Applicable
Lurie Children's Hospital,C6201168,Initial CNS Tumor,1526,No,Not Applicable,Not Applicable,Medulloblastoma,"Medulloblastoma, non-WNT/non-SHH",CBTN,Cerebellum/Posterior Fossa,Not Applicable
Lurie Children's Hospital,C6201291,Initial CNS Tumor,3926,Yes,Leptomeningeal,Not Applicable,Medulloblastoma,"Medulloblastoma, WNT-activated",CBTN,Cerebellum/Posterior Fossa,Not Applicable
Lurie Children's Hospital,C6201291,Deceased,5133,No,Not Applicable,Not Applicable,Medulloblastoma,"Medulloblastoma, WNT-activated",CBTN,Not Applicable,Not Applicable
Lurie Children's Hospital,C626685,Initial CNS Tumor,3799,No,Not Applicable,Not Applicable,Medulloblastoma,"Medulloblastoma, NOS or NEC",CBTN,Cerebellum/Posterior Fossa;Ventricles,Not Applicable
Lurie Children's Hospital,C6431055,Initial CNS Tumor,2823,No,Not Applicable,Not Applicable,Medulloblastoma,"Medulloblastoma, non-WNT/non-SHH",CBTN,Cerebellum/Posterior Fossa,Not Applicable
Lurie Children's Hospital,C6431055,Second Malignancy,3826,No,Not Applicable,Not Applicable,Other,Not a primary CNS tumor,CBTN,Other locations NOS,blood
Lurie Children's Hospital,C6431055,Progressive,3906,Yes,Leptomeningeal,Not Applicable,Medulloblastoma,"Medulloblastoma, non-WNT/non-SHH",CBTN,Cerebellum/Posterior Fossa; Meninges/Dura; Spinal Cord- Thoracic,Not Applicable
Lurie Children's Hospital,C6431055,Progressive,4034,Yes,Other,olfactory bulb ,Medulloblastoma,"Medulloblastoma, non-WNT/non-SHH",CBTN,Cerebellum/Posterior Fossa,Not Applicable
Lurie Children's Hospital,C6431055,Deceased,4438,Yes,Leptomeningeal;Other,olfactory bul,Medulloblastoma,"Medulloblastoma, non-WNT/non-SHH",CBTN,Cerebellum/Posterior Fossa,Not Applicable
Lurie Children's Hospital,C648333,Initial CNS Tumor,2379,Yes,Brain;Spine,Not Applicable,Medulloblastoma,"Medulloblastoma, NOS or NEC",CBTN,Cerebellum/Posterior Fossa,Not Applicable
Lurie Children's Hospital,C648333,Progressive,2989,Yes,Brain;Spine,Not Applicable,Not Reported,Not Reported,CBTN,Cerebellum/Posterior Fossa; Frontal Lobe; Ventricles,Not Applicable
Lurie Children's Hospital,C651039,Initial CNS Tumor,1321,No,Not Applicable,Not Applicable,Atypical teratoid/rhabdoid tumor,"ATRT, NOS or NEC",CBTN,Cerebellum/Posterior Fossa,Not Applicable
Lurie Children's Hospital,C6512727,Initial CNS Tumor,1034,No,Not Applicable,Not Applicable,Medulloblastoma,"Medulloblastoma, Group 3",CBTN,Cerebellum/Posterior Fossa,Not Applicable
Lurie Children's Hospital,C6512727,Progressive,1538,Yes,Spine,Not Applicable,Medulloblastoma,"Medulloblastoma, Group 3",CBTN,Cerebellum/Posterior Fossa; Spinal Cord- Lumbar/Thecal Sac; Spinal Cord- Thoracic,Not Applicable
Lurie Children's Hospital,C6512727,Progressive,1673,Yes,CSF;Spine,Not Applicable,Medulloblastoma,"Medulloblastoma, Group 3",CBTN,Cerebellum/Posterior Fossa; Spinal Cord- Lumbar/Thecal Sac,Not Applicable
Lurie Children's Hospital,C6513219,Initial CNS Tumor,3175,No,Not Applicable,Not Applicable,Medulloblastoma,"Medulloblastoma, Group 4",CBTN,Cerebellum/Posterior Fossa,Not Applicable
Lurie Children's Hospital,C6519123,Initial CNS Tumor,1399,No,Not Applicable,Not Applicable,Medulloblastoma,"Medulloblastoma, non-WNT/non-SHH",CBTN,Cerebellum/Posterior Fossa,Not Applicable
Lurie Children's Hospital,C6519123,Progressive,1462,Yes,CSF,Not Applicable,Medulloblastoma,"Medulloblastoma, non-WNT/non-SHH",CBTN,Cerebellum/Posterior Fossa,Not Applicable
Lurie Children's Hospital,C6519123,Second Malignancy,3776,No,Not Applicable,Not Applicable,High-Grade Glioma,"Glioblastoma, IDH-wildtype",CBTN,Brain Stem- Pons,Not Applicable
Lurie Children's Hospital,C6519123,Progressive,4172,No,Not Applicable,Not Applicable,High-Grade Glioma,"Glioblastoma, IDH-wildtype",CBTN,Brain Stem- Pons,Not Applicable
Lurie Children's Hospital,C6519123,Deceased,4306,Yes,Brain,Not Applicable,High-Grade Glioma,"Glioblastoma, IDH-wildtype",CBTN,Basal Ganglia; Brain Stem-Medulla; Brain Stem- Pons; Parietal Lobe; Temporal Lobe; Thalamus,Not Applicable
Lurie Children's Hospital,C652638,Initial CNS Tumor,2988,No,Not Applicable,Not Applicable,Medulloblastoma,"Medulloblastoma, WNT-activated",OpenPedCan,Cerebellum/Posterior Fossa;Occipital Lobe,Not Applicable
Lurie Children's Hospital,C6695874,Initial CNS Tumor,1294,Yes,CSF,Not Applicable,Medulloblastoma,"Medulloblastoma, Group 4",CBTN,Cerebellum/Posterior Fossa,Not Applicable
Lurie Children's Hospital,C6715062,Initial CNS Tumor,520,No,Not Applicable,Not Applicable,Medulloblastoma,"Medulloblastoma, NOS or NEC",CBTN,Cerebellum/Posterior Fossa,Not Applicable
Lurie Children's Hospital,C6715554,Initial CNS Tumor,1184,No,Not Applicable,Not Applicable,Medulloblastoma,"Medulloblastoma, NOS or NEC",CBTN,Cerebellum/Posterior Fossa,Not Applicable
Lurie Children's Hospital,C6715554,Second Malignancy,4973,No,Not Applicable,Not Applicable,Other,Meningioma,CBTN,Other locations NOS,Auditory canal
Lurie Children's Hospital,C6715554,Second Malignancy,5983,No,Not Applicable,Not Applicable,Other,Not a primary CNS tumor,CBTN,Other locations NOS,kidney
Lurie Children's Hospital,C6830928,Initial CNS Tumor,972,Yes,Leptomeningeal;Spine,Not Applicable,Medulloblastoma,"Medulloblastoma, non-WNT/non-SHH",CBTN,Cerebellum/Posterior Fossa,Not Applicable
Lurie Children's Hospital,C6929451,Initial CNS Tumor,3803,Yes,CSF,Not Applicable,Medulloblastoma,"Medulloblastoma, NOS or NEC",CBTN,Ventricles,Not Applicable
Lurie Children's Hospital,C6929451,Progressive,4736,Yes,Brain;CSF,Not Applicable,Medulloblastoma,"Medulloblastoma, NOS or NEC",CBTN,Parietal Lobe; Ventricles,Not Applicable
Lurie Children's Hospital,C6929451,Progressive,4967,Yes,Brain;CSF;Spine,Not Applicable,Medulloblastoma,"Medulloblastoma, NOS or NEC",CBTN,Parietal Lobe; Spinal Cord- Lumbar/Thecal Sac; Spinal Cord- Thoracic; Temporal Lobe; Ventricles,Not Applicable
Lurie Children's Hospital,C6929451,Deceased,5530,Yes,Brain;CSF;Spine,Not Applicable,Medulloblastoma,"Medulloblastoma, NOS or NEC",CBTN,Parietal Lobe; Temporal Lobe; Ventricles,Not Applicable
Lurie Children's Hospital,C699378,Initial CNS Tumor,3222,Yes,Brain;Leptomeningeal;Spine,Not Applicable,Medulloblastoma,"Medulloblastoma, Group 4",OpenPedCan,Cerebellum/Posterior Fossa;Ventricles,Not Applicable
Lurie Children's Hospital,C6995994,Initial CNS Tumor,481,No,Not Applicable,Not Applicable,Atypical teratoid/rhabdoid tumor,"ATRT, NOS or NEC",CBTN,Cerebellum/Posterior Fossa,Not Applicable
Lurie Children's Hospital,C7008048,Initial CNS Tumor,2492,Yes,CSF,Not Applicable,Medulloblastoma,"Medulloblastoma, SHH-activated and TP53-mutant",CBTN,Cerebellum/Posterior Fossa,Not Applicable
Lurie Children's Hospital,C7125882,Initial CNS Tumor,531,No,Not Applicable,Not Applicable,Medulloblastoma,"Medulloblastoma, SHH-activated and TP53-mutant",CBTN,Cerebellum/Posterior Fossa,Not Applicable
Lurie Children's Hospital,C7125882,Progressive,737,No,Not Applicable,Not Applicable,Medulloblastoma,"Medulloblastoma, SHH-activated and TP53-mutant",CBTN,Cerebellum/Posterior Fossa,Not Applicable
Lurie Children's Hospital,C7271637,Initial CNS Tumor,3275,No,Not Applicable,Not Applicable,Medulloblastoma,"Medulloblastoma, non-WNT/non-SHH",CBTN,Cerebellum/Posterior Fossa,Not Applicable
Lurie Children's Hospital,C7271637,Progressive,3718,Yes,Brain;CSF;Leptomeningeal;Spine,Not Applicable,Medulloblastoma,"Medulloblastoma, non-WNT/non-SHH",CBTN,Meninges/Dura; Spinal Cord- Cervical; Spinal Cord- Lumbar/Thecal Sac; Spinal Cord- Thoracic; Temporal Lobe,Not Applicable
Lurie Children's Hospital,C7332768,Initial CNS Tumor,2443,No,Not Applicable,Not Applicable,Medulloblastoma,"Medulloblastoma, Group 3",CBTN,Ventricles,Not Applicable
Lurie Children's Hospital,C7348512,Initial CNS Tumor,5050,Yes,Spine,Not Applicable,Medulloblastoma,"Medulloblastoma, Group 4",CBTN,Spinal Cord- Cervical;Ventricles;Cerebellum/Posterior Fossa;Spinal Cord- Lumbar/Thecal Sac,Not Applicable
Lurie Children's Hospital,C740214,Initial CNS Tumor,2640,No,Not Applicable,Not Applicable,Medulloblastoma,"Medulloblastoma, NOS or NEC",CBTN,Cerebellum/Posterior Fossa,Not Applicable
Lurie Children's Hospital,C740214,Second Malignancy,4237,No,Not Applicable,Not Applicable,Not Reported,Not Reported,CBTN,Parietal Lobe,Not Applicable
Lurie Children's Hospital,C743535,Initial CNS Tumor,860,No,Not Applicable,Not Applicable,Atypical teratoid/rhabdoid tumor,"ATRT, NOS or NEC",CBTN,Cerebellum/Posterior Fossa;Ventricles,Not Applicable
Lurie Children's Hospital,C743535,Progressive,1921,Yes,Brain;Spine,Not Applicable,Atypical teratoid/rhabdoid tumor,"ATRT, NOS or NEC",CBTN,Cerebellum/Posterior Fossa; Spinal Cord- Cervical; Ventricles,Not Applicable
Lurie Children's Hospital,C8013450,Initial CNS Tumor,1948,No,Not Applicable,Not Applicable,Medulloblastoma,"Medulloblastoma, NOS or NEC",CBTN,Cerebellum/Posterior Fossa,Not Applicable
Lurie Children's Hospital,C8013450,Recurrence,2253,No,Not Applicable,Not Applicable,Medulloblastoma,"Medulloblastoma, NOS or NEC",CBTN,Cerebellum/Posterior Fossa,Not Applicable
Lurie Children's Hospital,C8013450,Second Malignancy,6676,Yes,Brain;Leptomeningeal,Not Applicable,High-Grade Glioma,"High-Grade Glioma, NOS or NEC",CBTN,Brain Stem- Midbrain/Tectum; Cerebellum/Posterior Fossa,Not Applicable
Lurie Children's Hospital,C8013450,Progressive,6767,Yes,Brain;Leptomeningeal,Not Applicable,High-Grade Glioma,"High-Grade Glioma, NOS or NEC",CBTN,Brain Stem- Midbrain/Tectum,Not Applicable
Lurie Children's Hospital,C8013450,Progressive,7018,Yes,Brain;Leptomeningeal,Not Applicable,High-Grade Glioma,"High-Grade Glioma, NOS or NEC",CBTN,Cerebellum/Posterior Fossa,Not Applicable
Lurie Children's Hospital,C8013450,Deceased,7037,Yes,Brain,Not Applicable,High-Grade Glioma,"High-Grade Glioma, NOS or NEC",CBTN,Cerebellum/Posterior Fossa,Not Applicable
Lurie Children's Hospital,C8167569,Initial CNS Tumor,3153,Yes,CSF,Not Applicable,Atypical teratoid/rhabdoid tumor,"ATRT, NOS or NEC",CBTN,Cerebellum/Posterior Fossa,Not Applicable
Lurie Children's Hospital,C817950,Initial CNS Tumor,1514,No,Not Applicable,Not Applicable,Medulloblastoma,"Medulloblastoma, SHH-activated and TP53-wildtype",CBTN,Cerebellum/Posterior Fossa,Not Applicable
Lurie Children's Hospital,C833202,Initial CNS Tumor,2066,No,Not Applicable,Not Applicable,Medulloblastoma,"Medulloblastoma, Group 4",OpenPedCan,Cerebellum/Posterior Fossa,Not Applicable
Lurie Children's Hospital,C8427960,Initial CNS Tumor,843,No,Not Applicable,Not Applicable,Atypical teratoid/rhabdoid tumor,"ATRT, NOS or NEC",CBTN,Cerebellum/Posterior Fossa,Not Applicable
Lurie Children's Hospital,C8427960,Progressive,1034,Yes,Leptomeningeal;Spine,Not Applicable,Atypical teratoid/rhabdoid tumor,"ATRT, NOS or NEC",CBTN,Cerebellum/Posterior Fossa; Meninges/Dura; Spinal Cord- Thoracic,Not Applicable
Lurie Children's Hospital,C8427960,Progressive,1097,Yes,Leptomeningeal;Spine,Not Applicable,Atypical teratoid/rhabdoid tumor,"ATRT, NOS or NEC",CBTN,Cerebellum/Posterior Fossa; Meninges/Dura; Spinal Cord- Lumbar/Thecal Sac; Spinal Cord- Thoracic,Not Applicable
Lurie Children's Hospital,C8427960,Deceased,1327,Yes,Leptomeningeal,Not Applicable,Atypical teratoid/rhabdoid tumor,"ATRT, NOS or NEC",CBTN,Cerebellum/Posterior Fossa; Meninges/Dura,Not Applicable
Lurie Children's Hospital,C8585400,Initial CNS Tumor,650,Yes,Spine,Not Applicable,Atypical teratoid/rhabdoid tumor,ATRT-SHH,CBTN,Cerebellum/Posterior Fossa;Ventricles,Not Applicable
Lurie Children's Hospital,C870348,Initial CNS Tumor,376,No,Not Applicable,Not Applicable,Atypical teratoid/rhabdoid tumor,"ATRT, NOS or NEC",CBTN,Cerebellum/Posterior Fossa;Ventricles,Not Applicable
Lurie Children's Hospital,C870471,Initial CNS Tumor,3363,No,Not Applicable,Not Applicable,Medulloblastoma,"Medulloblastoma, Group 3",OpenPedCan,Cerebellum/Posterior Fossa;Ventricles,Not Applicable
Lurie Children's Hospital,C8796099,Initial CNS Tumor,8,No,Not Applicable,Not Applicable,Atypical teratoid/rhabdoid tumor,"ATRT, NOS or NEC",CBTN,Cerebellum/Posterior Fossa,Not Applicable
Lurie Children's Hospital,C908478,Initial CNS Tumor,525,Yes,Brain,Not Applicable,Medulloblastoma,"Medulloblastoma, NOS or NEC",CBTN,Cerebellum/Posterior Fossa,Not Applicable
Lurie Children's Hospital,C908478,Recurrence,881,Yes,Brain,Not Applicable,Medulloblastoma,"Medulloblastoma, NOS or NEC",CBTN,Cerebellum/Posterior Fossa,Not Applicable
Lurie Children's Hospital,C908478,Progressive,1068,Yes,Brain,Not Applicable,Medulloblastoma,"Medulloblastoma, NOS or NEC",CBTN,Cerebellum/Posterior Fossa,Not Applicable
Lurie Children's Hospital,C908478,Progressive,1216,Yes,Brain;Spine,Not Applicable,Medulloblastoma,"Medulloblastoma, NOS or NEC",CBTN,Cerebellum/Posterior Fossa; Spinal Cord- Thoracic,Not Applicable
Lurie Children's Hospital,C908478,Deceased,1300,Yes,Brain;Spine,Not Applicable,Medulloblastoma,"Medulloblastoma, NOS or NEC",CBTN,Cerebellum/Posterior Fossa; Spinal Cord- Thoracic,Not Applicable
Lurie Children's Hospital,C960999,Initial CNS Tumor,3804,Yes,Leptomeningeal,Not Applicable,Medulloblastoma,"Medulloblastoma, Group 4",OpenPedCan,Cerebellum/Posterior Fossa,Not Applicable
Lurie Children's Hospital,C960999,Recurrence,4853,Yes,Brain,Not Applicable,Medulloblastoma,"Medulloblastoma, Group 4",OpenPedCan,Frontal Lobe,Not Applicable
Lurie Children's Hospital,C960999,Progressive,5377,Yes,CSF,Not Applicable,Medulloblastoma,"Medulloblastoma, NOS or NEC",CBTN,Frontal Lobe,Not Applicable
Lurie Children's Hospital,C960999,Progressive,5984,No,Not Applicable,Not Applicable,Medulloblastoma,"Medulloblastoma, NOS or NEC",CBTN,Frontal Lobe,Not Applicable
Lurie Children's Hospital,C960999,Progressive,6112,No,Not Applicable,Not Applicable,Medulloblastoma,"Medulloblastoma, NOS or NEC",CBTN,Cerebellum/Posterior Fossa; Frontal Lobe,Not Applicable
Lurie Children's Hospital,C960999,Progressive,6245,Yes,CSF;Leptomeningeal,Not Applicable,Medulloblastoma,"Medulloblastoma, NOS or NEC",CBTN,Cerebellum/Posterior Fossa; Frontal Lobe,Not Applicable
Lurie Children's Hospital,C960999,Progressive,6385,Yes,CSF;Leptomeningeal,Not Applicable,Medulloblastoma,"Medulloblastoma, NOS or NEC",CBTN,Cerebellum/Posterior Fossa; Frontal Lobe,Not Applicable
Lurie Children's Hospital,C960999,Deceased,7097,Yes,CSF;Leptomeningeal,Not Applicable,Medulloblastoma,"Medulloblastoma, NOS or NEC",CBTN,Cerebellum/Posterior Fossa; Frontal Lobe,Not Applicable
Lurie Children's Hospital,C982401,Initial CNS Tumor,744,No,Not Applicable,Not Applicable,Medulloblastoma,"Medulloblastoma, SHH-activated and TP53-wildtype",CBTN,Cerebellum/Posterior Fossa,Not Applicable
Lurie Children's Hospital,C992610,Initial CNS Tumor,1615,No,Not Applicable,Not Applicable,Medulloblastoma,"Medulloblastoma, NOS or NEC",CBTN,Cerebellum/Posterior Fossa,Not Applicable
Lurie Children's Hospital,C997653,Initial CNS Tumor,1030,No,Not Applicable,Not Applicable,Atypical teratoid/rhabdoid tumor,ATRT-MYC,OpenPedCan,Spinal Cord- Cervical,Not Applicable
Lurie Children's Hospital,C997653,Deceased,1288,No,Not Applicable,Not Applicable,Atypical teratoid/rhabdoid tumor,"ATRT, NOS or NEC",CBTN,Spinal Cord- Cervical,Not Applicable
Maria Fareri Children's Hospital at Westchester Medical Center,C7104972,Initial CNS Tumor,951,No,Not Applicable,Not Applicable,Medulloblastoma,"Medulloblastoma, SHH-activated and TP53-mutant",CBTN,Cerebellum/Posterior Fossa,Not Applicable
Maria Fareri Children's Hospital at Westchester Medical Center,C7104972,Deceased,1272,No,Not Applicable,Not Applicable,Medulloblastoma,"Medulloblastoma, SHH-activated and TP53-mutant",CBTN,Not Applicable,Not Applicable
Maria Fareri Children's Hospital at Westchester Medical Center,C7105095,Initial CNS Tumor,3702,No,Not Applicable,Not Applicable,Medulloblastoma,"Medulloblastoma, WNT-activated",CBTN,Ventricles,Not Applicable
Maria Fareri Children's Hospital at Westchester Medical Center,C7817511,Initial CNS Tumor,1172,Yes,Leptomeningeal,Not Applicable,Medulloblastoma,"Medulloblastoma, non-WNT/non-SHH",CBTN,Cerebellum/Posterior Fossa;Ventricles,Not Applicable
Maria Fareri Children's Hospital at Westchester Medical Center,C7817511,Progressive,1217,Yes,Leptomeningeal,Not Applicable,Medulloblastoma,"Medulloblastoma, non-WNT/non-SHH",CBTN,Cerebellum/Posterior Fossa,Not Applicable
Maria Fareri Children's Hospital at Westchester Medical Center,C7817757,Initial CNS Tumor,6164,No,Not Applicable,Not Applicable,Medulloblastoma,"Medulloblastoma, non-WNT/non-SHH",CBTN,Cerebellum/Posterior Fossa,Not Applicable
Maria Fareri Children's Hospital at Westchester Medical Center,C8197950,Initial CNS Tumor,1480,No,Not Applicable,Not Applicable,Atypical teratoid/rhabdoid tumor,"ATRT, NOS or NEC",CBTN,Cerebellum/Posterior Fossa,Not Applicable
Meyer Children's Hospital,C1063458,Initial CNS Tumor,3108,No,Not Applicable,Not Applicable,Medulloblastoma,"Medulloblastoma, NOS or NEC",CBTN,Cerebellum/Posterior Fossa,Not Applicable
Meyer Children's Hospital,C1063458,Recurrence,4791,Unavailable,Not Applicable,Not Applicable,Medulloblastoma,"Medulloblastoma, Group 4",OpenPedCan,Cerebellum/Posterior Fossa,Not Applicable
Meyer Children's Hospital,C1205277,Initial CNS Tumor,3640,No,Not Applicable,Not Applicable,Medulloblastoma,"Medulloblastoma, Group 4",OpenPedCan,Cerebellum/Posterior Fossa,Not Applicable
Meyer Children's Hospital,C2403912,Initial CNS Tumor,1423,No,Not Applicable,Not Applicable,Medulloblastoma,"Medulloblastoma, Group 3",OpenPedCan,Cerebellum/Posterior Fossa,Not Applicable
Meyer Children's Hospital,C2404158,Initial CNS Tumor,720,No,Not Applicable,Not Applicable,Medulloblastoma,"Medulloblastoma, NOS or NEC",CBTN,Cerebellum/Posterior Fossa,Not Applicable
Meyer Children's Hospital,C2404158,Progressive,1300,Unavailable,Not Applicable,Not Applicable,Medulloblastoma,"Medulloblastoma, NOS or NEC",CBTN,Cerebellum/Posterior Fossa,Not Applicable
Meyer Children's Hospital,C2404773,Initial CNS Tumor,4469,No,Not Applicable,Not Applicable,Medulloblastoma,"Medulloblastoma, NOS or NEC",CBTN,Cerebellum/Posterior Fossa,Not Applicable
Meyer Children's Hospital,C2405388,Initial CNS Tumor,251,No,Not Applicable,Not Applicable,Medulloblastoma,"Medulloblastoma, NOS or NEC",CBTN,Cerebellum/Posterior Fossa,Not Applicable
Meyer Children's Hospital,C2405388,Deceased,318,Unavailable,Not Applicable,Not Applicable,Medulloblastoma,"Medulloblastoma, NOS or NEC",CBTN,Cerebellum/Posterior Fossa,Not Applicable
Meyer Children's Hospital,C2704155,Initial CNS Tumor,2058,No,Not Applicable,Not Applicable,Medulloblastoma,"Medulloblastoma, Group 4",OpenPedCan,Cerebellum/Posterior Fossa,Not Applicable
Meyer Children's Hospital,C292371,Initial CNS Tumor,882,No,Not Applicable,Not Applicable,Medulloblastoma,"Medulloblastoma, NOS or NEC",CBTN,Cerebellum/Posterior Fossa,Not Applicable
Meyer Children's Hospital,C293601,Initial CNS Tumor,3712,No,Not Applicable,Not Applicable,Medulloblastoma,"Medulloblastoma, Group 4",OpenPedCan,Cerebellum/Posterior Fossa,Not Applicable
Meyer Children's Hospital,C3253719,Initial CNS Tumor,1789,No,Not Applicable,Not Applicable,Medulloblastoma,"Medulloblastoma, Group 4",OpenPedCan,Cerebellum/Posterior Fossa,Not Applicable
Meyer Children's Hospital,C3256302,Initial CNS Tumor,1229,No,Not Applicable,Not Applicable,Medulloblastoma,"Medulloblastoma, Group 3",OpenPedCan,Cerebellum/Posterior Fossa,Not Applicable
Meyer Children's Hospital,C333453,Initial CNS Tumor,1113,No,Not Applicable,Not Applicable,Atypical teratoid/rhabdoid tumor,ATRT-MYC,OpenPedCan,Thalamus,Not Applicable
Meyer Children's Hospital,C3471675,Initial CNS Tumor,5025,No,Not Applicable,Not Applicable,Medulloblastoma,"Medulloblastoma, Group 3",OpenPedCan,Cerebellum/Posterior Fossa,Not Applicable
Meyer Children's Hospital,C3473274,Initial CNS Tumor,1547,No,Not Applicable,Not Applicable,Atypical teratoid/rhabdoid tumor,ATRT-MYC,OpenPedCan,Frontal Lobe,Not Applicable
Meyer Children's Hospital,C3473397,Initial CNS Tumor,1637,No,Not Applicable,Not Applicable,Medulloblastoma,"Medulloblastoma, Group 4",OpenPedCan,Cerebellum/Posterior Fossa,Not Applicable
Meyer Children's Hospital,C3571674,Initial CNS Tumor,3918,No,Not Applicable,Not Applicable,Medulloblastoma,"Medulloblastoma, Group 3",OpenPedCan,Cerebellum/Posterior Fossa,Not Applicable
Meyer Children's Hospital,C3572043,Initial CNS Tumor,3163,No,Not Applicable,Not Applicable,Medulloblastoma,"Medulloblastoma, Group 4",OpenPedCan,Cerebellum/Posterior Fossa,Not Applicable
Meyer Children's Hospital,C4065150,Initial CNS Tumor,4945,No,Not Applicable,Not Applicable,Medulloblastoma,"Medulloblastoma, Group 4",OpenPedCan,Ventricles,Not Applicable
Meyer Children's Hospital,C409221,Initial CNS Tumor,722,No,Not Applicable,Not Applicable,Medulloblastoma,"Medulloblastoma, NOS or NEC",CBTN,Cerebellum/Posterior Fossa,Not Applicable
Meyer Children's Hospital,C409836,Initial CNS Tumor,1680,Yes,Other,VENTRICULAR METASTASIS,Medulloblastoma,"Medulloblastoma, Group 4",OpenPedCan,Cerebellum/Posterior Fossa,Not Applicable
Meyer Children's Hospital,C411066,Initial CNS Tumor,3336,No,Not Applicable,Not Applicable,Medulloblastoma,"Medulloblastoma, Group 4",OpenPedCan,Cerebellum/Posterior Fossa,Not Applicable
Meyer Children's Hospital,C4417668,Initial CNS Tumor,1764,No,Not Applicable,Not Applicable,Medulloblastoma,"Medulloblastoma, NOS or NEC",CBTN,Cerebellum/Posterior Fossa,Not Applicable
Meyer Children's Hospital,C4418529,Initial CNS Tumor,1430,No,Not Applicable,Not Applicable,Medulloblastoma,"Medulloblastoma, NOS or NEC",CBTN,Cerebellum/Posterior Fossa,Not Applicable
Meyer Children's Hospital,C4420251,Initial CNS Tumor,1433,No,Not Applicable,Not Applicable,Medulloblastoma,"Medulloblastoma, NOS or NEC",CBTN,Cerebellum/Posterior Fossa,Not Applicable
Meyer Children's Hospital,C457560,Initial CNS Tumor,2513,No,Not Applicable,Not Applicable,Medulloblastoma,"Medulloblastoma, WNT-activated",OpenPedCan,Cerebellum/Posterior Fossa,Not Applicable
Meyer Children's Hospital,C654114,Initial CNS Tumor,129,No,Not Applicable,Not Applicable,Atypical teratoid/rhabdoid tumor,"ATRT, NOS or NEC",CBTN,Occipital Lobe,Not Applicable
Meyer Children's Hospital,C705282,Initial CNS Tumor,2272,No,Not Applicable,Not Applicable,Medulloblastoma,"Medulloblastoma, Group 4",OpenPedCan,Cerebellum/Posterior Fossa,Not Applicable
Meyer Children's Hospital,C7366347,Initial CNS Tumor,2557,No,Not Applicable,Not Applicable,Medulloblastoma,"Medulloblastoma, non-WNT/non-SHH",CBTN,Cerebellum/Posterior Fossa,Not Applicable
Meyer Children's Hospital,C7366593,Initial CNS Tumor,2922,No,Not Applicable,Not Applicable,Medulloblastoma,"Medulloblastoma, non-WNT/non-SHH",CBTN,Ventricles,Not Applicable
Meyer Children's Hospital,C7374957,Initial CNS Tumor,4018,No,Not Applicable,Not Applicable,Medulloblastoma,"Medulloblastoma, NOS or NEC",CBTN,Cerebellum/Posterior Fossa,Not Applicable
Meyer Children's Hospital,C7374957,Recurrence,4034,Unavailable,Not Applicable,Not Applicable,Medulloblastoma,"Medulloblastoma, NOS or NEC",CBTN,Cerebellum/Posterior Fossa,Not Applicable
Meyer Children's Hospital,C7374957,Recurrence,4399,Unavailable,Not Applicable,Not Applicable,Medulloblastoma,"Medulloblastoma, NOS or NEC",CBTN,Cerebellum/Posterior Fossa,Not Applicable
Meyer Children's Hospital,C7376187,Initial CNS Tumor,1659,No,Not Applicable,Not Applicable,Medulloblastoma,"Medulloblastoma, non-WNT/non-SHH",CBTN,Cerebellum/Posterior Fossa,Not Applicable
Meyer Children's Hospital,C7376187,Recurrence,2724,Unavailable,Not Applicable,Not Applicable,Medulloblastoma,"Medulloblastoma, non-WNT/non-SHH",CBTN,Cerebellum/Posterior Fossa,Not Applicable
Meyer Children's Hospital,C7376187,Recurrence,2846,Unavailable,Not Applicable,Not Applicable,Medulloblastoma,"Medulloblastoma, non-WNT/non-SHH",CBTN,Cerebellum/Posterior Fossa,Not Applicable
Meyer Children's Hospital,C7376187,Recurrence,4383,Unavailable,Not Applicable,Not Applicable,Medulloblastoma,"Medulloblastoma, non-WNT/non-SHH",CBTN,Cerebellum/Posterior Fossa,Not Applicable
Meyer Children's Hospital,C7391931,Initial CNS Tumor,31,No,Not Applicable,Not Applicable,Medulloblastoma,"Medulloblastoma, NOS or NEC",CBTN,Cerebellum/Posterior Fossa,Not Applicable
Meyer Children's Hospital,C7391931,Deceased,182,Unavailable,Not Applicable,Not Applicable,Medulloblastoma,"Medulloblastoma, NOS or NEC",CBTN,Cerebellum/Posterior Fossa,Not Applicable
Meyer Children's Hospital,C7400172,Initial CNS Tumor,1461,No,Not Applicable,Not Applicable,Medulloblastoma,"Medulloblastoma, non-WNT/non-SHH",CBTN,Cerebellum/Posterior Fossa,Not Applicable
Meyer Children's Hospital,C7401894,Initial CNS Tumor,1296,No,Not Applicable,Not Applicable,Medulloblastoma,"Medulloblastoma, NOS or NEC",CBTN,Ventricles,Not Applicable
Meyer Children's Hospital,C7401894,Recurrence,2191,Unavailable,Not Applicable,Not Applicable,Medulloblastoma,"Medulloblastoma, NOS or NEC",CBTN,Ventricles,Not Applicable
Meyer Children's Hospital,C7402140,Initial CNS Tumor,243,No,Not Applicable,Not Applicable,Atypical teratoid/rhabdoid tumor,"ATRT, NOS or NEC",CBTN,Cerebellum/Posterior Fossa,Not Applicable
Meyer Children's Hospital,C7411980,Initial CNS Tumor,5692,No,Not Applicable,Not Applicable,Medulloblastoma,"Medulloblastoma, non-WNT/non-SHH",CBTN,Cerebellum/Posterior Fossa,Not Applicable
Meyer Children's Hospital,C7424157,Initial CNS Tumor,2122,No,Not Applicable,Not Applicable,Medulloblastoma,"Medulloblastoma, non-WNT/non-SHH",CBTN,Cerebellum/Posterior Fossa,Not Applicable
Meyer Children's Hospital,C7424157,Deceased,2184,Unavailable,Not Applicable,Not Applicable,Not Reported,Not Reported,CBTN,Unavailable,Not Applicable
Meyer Children's Hospital,C7456383,Initial CNS Tumor,3094,No,Not Applicable,Not Applicable,Medulloblastoma,"Medulloblastoma, NOS or NEC",CBTN,Cerebellum/Posterior Fossa,Not Applicable
Meyer Children's Hospital,C7467576,Initial CNS Tumor,1796,No,Not Applicable,Not Applicable,Medulloblastoma,"Medulloblastoma, non-WNT/non-SHH",CBTN,Cerebellum/Posterior Fossa,Not Applicable
Meyer Children's Hospital,C7467822,Initial CNS Tumor,709,No,Not Applicable,Not Applicable,Atypical teratoid/rhabdoid tumor,"ATRT, NOS or NEC",CBTN,Other locations NOS,Right hemisphere
Meyer Children's Hospital,C7468191,Initial CNS Tumor,,No,Not Applicable,Not Applicable,Medulloblastoma,"Medulloblastoma, NOS or NEC",CBTN,Cerebellum/Posterior Fossa,Not Applicable
Meyer Children's Hospital,C7468191,Recurrence,3106,Unavailable,Not Applicable,Not Applicable,Medulloblastoma,"Medulloblastoma, NOS or NEC",CBTN,Unavailable,Not Applicable
Meyer Children's Hospital,C773424,Initial CNS Tumor,2511,No,Not Applicable,Not Applicable,Medulloblastoma,"Medulloblastoma, Group 4",OpenPedCan,Cerebellum/Posterior Fossa,Not Applicable
Meyer Children's Hospital,C773547,Initial CNS Tumor,1076,Yes,Other,Unavailable,Medulloblastoma,"Medulloblastoma, NOS or NEC",CBTN,Cerebellum/Posterior Fossa,Not Applicable
Meyer Children's Hospital,C773793,Initial CNS Tumor,1433,No,Not Applicable,Not Applicable,Medulloblastoma,"Medulloblastoma, NOS or NEC",CBTN,Cerebellum/Posterior Fossa,Not Applicable
Meyer Children's Hospital,C823608,Initial CNS Tumor,167,No,Not Applicable,Not Applicable,Medulloblastoma,"Medulloblastoma, NOS or NEC",CBTN,Cerebellum/Posterior Fossa,Not Applicable
Meyer Children's Hospital,C823731,Initial CNS Tumor,4406,No,Not Applicable,Not Applicable,Medulloblastoma,"Medulloblastoma, WNT-activated",OpenPedCan,Cerebellum/Posterior Fossa,Not Applicable
Meyer Children's Hospital,C942672,Initial CNS Tumor,4917,No,Not Applicable,Not Applicable,Medulloblastoma,"Medulloblastoma, Group 4",OpenPedCan,Cerebellum/Posterior Fossa,Not Applicable
Meyer Children's Hospital,C979203,Initial CNS Tumor,880,No,Not Applicable,Not Applicable,Medulloblastoma,"Medulloblastoma, Group 3",OpenPedCan,Cerebellum/Posterior Fossa,Not Applicable
Meyer Children's Hospital,C979203,Progressive,1008,Unavailable,Not Applicable,Not Applicable,Medulloblastoma,"Medulloblastoma, Group 3",OpenPedCan,Cerebellum/Posterior Fossa,Not Applicable
Meyer Children's Hospital,C979695,Initial CNS Tumor,3385,No,Not Applicable,Not Applicable,Medulloblastoma,"Medulloblastoma, Group 4",OpenPedCan,Occipital Lobe,Not Applicable
NYU Langone Health,C8827095,Initial CNS Tumor,2534,No,Not Applicable,Not Applicable,Medulloblastoma,"Medulloblastoma, Group 4",CBTN,Cerebellum/Posterior Fossa,Not Applicable
Nicklaus Children's Hospital,C8398932,Initial CNS Tumor,6388,No,Not Applicable,Not Applicable,Medulloblastoma,"Medulloblastoma, SHH-activated and TP53-wildtype",CBTN,Cerebellum/Posterior Fossa,Not Applicable
Nicklaus Children's Hospital,C8398932,Recurrence,6878,No,Not Applicable,Not Applicable,Medulloblastoma,"Medulloblastoma, SHH-activated and TP53-wildtype",CBTN,Cerebellum/Posterior Fossa,Not Applicable
OHSU Doernbecher Children's Hospital,C4108569,Initial CNS Tumor,2633,No,Not Applicable,Not Applicable,Medulloblastoma,"Medulloblastoma, SHH-activated and TP53-wildtype",CBTN,Cerebellum/Posterior Fossa,Not Applicable
OHSU Doernbecher Children's Hospital,C4127634,Initial CNS Tumor,2192,No,Not Applicable,Not Applicable,Medulloblastoma,"Medulloblastoma, non-WNT/non-SHH",CBTN,Cerebellum/Posterior Fossa,Not Applicable
OHSU Doernbecher Children's Hospital,C4853457,Initial CNS Tumor,4795,No,Not Applicable,Not Applicable,Medulloblastoma,"Medulloblastoma, non-WNT/non-SHH",CBTN,Cerebellum/Posterior Fossa,Not Applicable
OHSU Doernbecher Children's Hospital,C4853703,Initial CNS Tumor,4463,No,Not Applicable,Not Applicable,Medulloblastoma,"Medulloblastoma, WNT-activated",CBTN,Cerebellum/Posterior Fossa,Not Applicable
OHSU Doernbecher Children's Hospital,C5332419,Initial CNS Tumor,4799,No,Not Applicable,Not Applicable,Medulloblastoma,"Medulloblastoma, non-WNT/non-SHH",CBTN,Cerebellum/Posterior Fossa,Not Applicable
OHSU Doernbecher Children's Hospital,C5889978,Initial CNS Tumor,1225,No,Not Applicable,Not Applicable,Medulloblastoma,"Medulloblastoma, non-WNT/non-SHH",CBTN,Cerebellum/Posterior Fossa,Not Applicable
OHSU Doernbecher Children's Hospital,C6067590,Initial CNS Tumor,2862,Yes,Spine,Not Applicable,Medulloblastoma,"Medulloblastoma, non-WNT/non-SHH",CBTN,Spinal Cord- Cervical;Spinal Cord- Thoracic;Ventricles,Not Applicable
OHSU Doernbecher Children's Hospital,C6067590,Recurrence,4114,Yes,Brain;Spine,Not Applicable,Medulloblastoma,"Medulloblastoma, non-WNT/non-SHH",CBTN,Cerebellum/Posterior Fossa; Spinal Cord- Lumbar/Thecal Sac; Spinal Cord- Thoracic,Not Applicable
OHSU Doernbecher Children's Hospital,C6067590,Recurrence,4936,Yes,Brain;Spine,Not Applicable,Medulloblastoma,"Medulloblastoma, non-WNT/non-SHH",CBTN,Cerebellum/Posterior Fossa,Not Applicable
OHSU Doernbecher Children's Hospital,C6067590,Recurrence,5643,Yes,Brain;Spine,Not Applicable,Medulloblastoma,"Medulloblastoma, non-WNT/non-SHH",CBTN,Spinal Cord- Cervical,Not Applicable
OHSU Doernbecher Children's Hospital,C6067590,Progressive,6012,Yes,Brain;Spine,Not Applicable,Medulloblastoma,"Medulloblastoma, non-WNT/non-SHH",CBTN,Cerebellum/Posterior Fossa,Not Applicable
OHSU Doernbecher Children's Hospital,C6067590,Progressive,6181,Yes,Brain;Spine,Not Applicable,Medulloblastoma,"Medulloblastoma, non-WNT/non-SHH",CBTN,Cerebellum/Posterior Fossa; Spinal Cord- Cervical; Spinal Cord- Lumbar/Thecal Sac; Spinal Cord- Thoracic,Not Applicable
OHSU Doernbecher Children's Hospital,C6067590,Deceased,6258,Yes,Brain;Spine,Not Applicable,Medulloblastoma,"Medulloblastoma, non-WNT/non-SHH",CBTN,Cerebellum/Posterior Fossa; Spinal Cord- Cervical; Spinal Cord- Thoracic,Not Applicable
OHSU Doernbecher Children's Hospital,C6316173,Initial CNS Tumor,1015,Yes,Brain;Leptomeningeal;Spine,Not Applicable,Atypical teratoid/rhabdoid tumor,"ATRT, NOS or NEC",CBTN,Cerebellum/Posterior Fossa,Not Applicable
OHSU Doernbecher Children's Hospital,C6316173,Deceased,1137,Yes,Brain;Leptomeningeal;Spine,Not Applicable,Atypical teratoid/rhabdoid tumor,"ATRT, NOS or NEC",CBTN,Cerebellum/Posterior Fossa,Not Applicable
OHSU Doernbecher Children's Hospital,C6316296,Initial CNS Tumor,5467,No,Not Applicable,Not Applicable,Medulloblastoma,"Medulloblastoma, non-WNT/non-SHH",CBTN,Cerebellum/Posterior Fossa,Not Applicable
OHSU Doernbecher Children's Hospital,C7842726,Initial CNS Tumor,2328,No,Not Applicable,Not Applicable,Medulloblastoma,"Medulloblastoma, NOS or NEC",CBTN,Cerebellum/Posterior Fossa,Not Applicable
Orlando Health Arnold Palmer Hospital,C3991596,Initial CNS Tumor,4675,No,Not Applicable,Not Applicable,Medulloblastoma,"Medulloblastoma, Group 4",OpenPedCan,Cerebellum/Posterior Fossa,Not Applicable
Orlando Health Arnold Palmer Hospital,C4274373,Initial CNS Tumor,6364,No,Not Applicable,Not Applicable,Medulloblastoma,"Medulloblastoma, Group 4",CBTN,Cerebellum/Posterior Fossa,Not Applicable
Orlando Health Arnold Palmer Hospital,C4274373,Recurrence,7147,Yes,Spine,Not Applicable,Medulloblastoma,"Medulloblastoma, NOS or NEC",CBTN,Spinal Cord- Cervical; Spinal Cord- Lumbar/Thecal Sac; Spinal Cord- Thoracic,Not Applicable
Orlando Health Arnold Palmer Hospital,C4274373,Recurrence,7847,No,Not Applicable,Not Applicable,Medulloblastoma,"Medulloblastoma, non-WNT/non-SHH",CBTN,Spinal Cord- Lumbar/Thecal Sac; Spinal Cord- Thoracic,Not Applicable
Orlando Health Arnold Palmer Hospital,C4274742,Initial CNS Tumor,585,No,Not Applicable,Not Applicable,Medulloblastoma,"Medulloblastoma, NOS or NEC",CBTN,Spinal Cord- Thoracic;Occipital Lobe,Not Applicable
Orlando Health Arnold Palmer Hospital,C4274742,Second Malignancy,3963,No,Not Applicable,Not Applicable,Other,Meningioma,CBTN,Parietal Lobe,Not Applicable
Orlando Health Arnold Palmer Hospital,C4274865,Initial CNS Tumor,5172,No,Not Applicable,Not Applicable,Medulloblastoma,"Medulloblastoma, WNT-activated",CBTN,Cerebellum/Posterior Fossa,Not Applicable
Orlando Health Arnold Palmer Hospital,C4274988,Initial CNS Tumor,2104,No,Not Applicable,Not Applicable,Medulloblastoma,"Medulloblastoma, Group 4",CBTN,Cerebellum/Posterior Fossa,Not Applicable
Orlando Health Arnold Palmer Hospital,C4719387,Initial CNS Tumor,811,Yes,Spine,Not Applicable,Atypical teratoid/rhabdoid tumor,"ATRT, NOS or NEC",CBTN,Brain Stem- Pons;Cerebellum/Posterior Fossa,Not Applicable
Orlando Health Arnold Palmer Hospital,C5259849,Initial CNS Tumor,5480,No,Not Applicable,Not Applicable,Medulloblastoma,"Medulloblastoma, NOS or NEC",CBTN,Cerebellum/Posterior Fossa,Not Applicable
Orlando Health Arnold Palmer Hospital,C5259972,Initial CNS Tumor,1878,No,Not Applicable,Not Applicable,Medulloblastoma,"Medulloblastoma, NOS or NEC",CBTN,Cerebellum/Posterior Fossa,Not Applicable
Orlando Health Arnold Palmer Hospital,C5259972,Progressive,1914,Yes,Brain;Leptomeningeal;Spine,Not Applicable,Medulloblastoma,"Medulloblastoma, NOS or NEC",CBTN,Cerebellum/Posterior Fossa; Spinal Cord- Cervical; Spinal Cord- Lumbar/Thecal Sac; Spinal Cord- Thoracic,Not Applicable
Orlando Health Arnold Palmer Hospital,C5259972,Deceased,2086,Yes,Brain;Leptomeningeal;Spine,Not Applicable,Medulloblastoma,"Medulloblastoma, NOS or NEC",CBTN,Cerebellum/Posterior Fossa; Spinal Cord- Cervical; Spinal Cord- Lumbar/Thecal Sac; Spinal Cord- Thoracic,Not Applicable
Orlando Health Arnold Palmer Hospital,C6110148,Initial CNS Tumor,882,No,Not Applicable,Not Applicable,Medulloblastoma,"Medulloblastoma, SHH-activated and TP53-wildtype",CBTN,Cerebellum/Posterior Fossa,Not Applicable
Orlando Health Arnold Palmer Hospital,C6809526,Initial CNS Tumor,2734,No,Not Applicable,Not Applicable,Medulloblastoma,"Medulloblastoma, NOS or NEC",CBTN,Cerebellum/Posterior Fossa,Not Applicable
Orlando Health Arnold Palmer Hospital,C6809526,Recurrence,14497,No,Not Applicable,Not Applicable,High-Grade Glioma,"Glioblastoma, IDH-wildtype",CBTN,Brain Stem- Pons,Not Applicable
Orlando Health Arnold Palmer Hospital,C6809526,Deceased,14756,Yes,Brain,Not Applicable,High-Grade Glioma,"Glioblastoma, IDH-wildtype",CBTN,Brain Stem-Medulla; Brain Stem- Midbrain/Tectum; Brain Stem- Pons; Cerebellum/Posterior Fossa,Not Applicable
Orlando Health Arnold Palmer Hospital,C7638177,Initial CNS Tumor,6166,No,Not Applicable,Not Applicable,Medulloblastoma,"Medulloblastoma, SHH-activated and TP53-wildtype",CBTN,Cerebellum/Posterior Fossa,Not Applicable
Seattle Children's Hospital,C103074,Initial CNS Tumor,8203,No,Not Applicable,Not Applicable,Medulloblastoma,"Medulloblastoma, NOS or NEC",CBTN,Cerebellum/Posterior Fossa,Not Applicable
Seattle Children's Hospital,C104058,Initial CNS Tumor,4526,No,Not Applicable,Not Applicable,Medulloblastoma,"Medulloblastoma, WNT-activated",OpenPedCan,Cerebellum/Posterior Fossa,Not Applicable
Seattle Children's Hospital,C104427,Initial CNS Tumor,394,No,Not Applicable,Not Applicable,Atypical teratoid/rhabdoid tumor,ATRT-TYR,OpenPedCan,Cerebellum/Posterior Fossa,Not Applicable
Seattle Children's Hospital,C104427,Deceased,1519,No,Not Applicable,Not Applicable,Atypical teratoid/rhabdoid tumor,"ATRT, NOS or NEC",CBTN,Brain Stem- Pons; Cerebellum/Posterior Fossa,Not Applicable
Seattle Children's Hospital,C1056939,Initial CNS Tumor,641,No,Not Applicable,Not Applicable,Atypical teratoid/rhabdoid tumor,"ATRT, NOS or NEC",CBTN,Ventricles,Not Applicable
Seattle Children's Hospital,C1056939,Recurrence,768,No,Not Applicable,Not Applicable,Atypical teratoid/rhabdoid tumor,"ATRT, NOS or NEC",CBTN,Other locations NOS; Ventricles,Not Applicable
Seattle Children's Hospital,C1056939,Recurrence,776,No,Not Applicable,Not Applicable,Atypical teratoid/rhabdoid tumor,"ATRT, NOS or NEC",CBTN,Other locations NOS,midline tumor
Seattle Children's Hospital,C1056939,Second Malignancy,3204,No,Not Applicable,Not Applicable,Other,Meningioma,CBTN,Frontal Lobe,Not Applicable
Seattle Children's Hospital,C1057185,Initial CNS Tumor,6136,Yes,CSF;Leptomeningeal;Spine,Not Applicable,Medulloblastoma,"Medulloblastoma, Group 3",OpenPedCan,Cerebellum/Posterior Fossa;Meninges/Dura;Spine NOS,Not Applicable
Seattle Children's Hospital,C1057185,Progressive,7410,Yes,Brain,Not Applicable,Medulloblastoma,"Medulloblastoma, Group 4",OpenPedCan,Frontal Lobe,Not Applicable
Seattle Children's Hospital,C1057185,Deceased,7881,Unavailable,Not Applicable,Not Applicable,Medulloblastoma,"Medulloblastoma, NOS or NEC",CBTN,Not Applicable,Not Applicable
Seattle Children's Hospital,C1057431,Initial CNS Tumor,2090,No,Not Applicable,Not Applicable,Medulloblastoma,"Medulloblastoma, WNT-activated",CBTN,Cerebellum/Posterior Fossa,Not Applicable
Seattle Children's Hospital,C1070100,Initial CNS Tumor,5024,No,Not Applicable,Not Applicable,Medulloblastoma,"Medulloblastoma, Group 3",OpenPedCan,Cerebellum/Posterior Fossa,Not Applicable
Seattle Children's Hospital,C1070100,Progressive,6989,Yes,Spine,Not Applicable,Medulloblastoma,"Medulloblastoma, non-WNT/non-SHH",CBTN,Spinal Cord- Thoracic,Not Applicable
Seattle Children's Hospital,C1070100,Progressive,7488,Yes,Brain;Spine,Not Applicable,Medulloblastoma,"Medulloblastoma, non-WNT/non-SHH",CBTN,Cerebellum/Posterior Fossa; Spine NOS,Not Applicable
Seattle Children's Hospital,C1070100,Progressive,7849,Yes,Brain;Spine,Not Applicable,Medulloblastoma,"Medulloblastoma, non-WNT/non-SHH",CBTN,Spinal Cord- Thoracic; Suprasellar/Hypothalamic/Pituitary,Not Applicable
Seattle Children's Hospital,C1070223,Initial CNS Tumor,6590,No,Not Applicable,Not Applicable,Medulloblastoma,"Medulloblastoma, SHH-activated and TP53-mutant",CBTN,Cerebellum/Posterior Fossa,Not Applicable
Seattle Children's Hospital,C1070346,Initial CNS Tumor,663,No,Not Applicable,Not Applicable,Atypical teratoid/rhabdoid tumor,ATRT-SHH,OpenPedCan,Parietal Lobe,Not Applicable
Seattle Children's Hospital,C1070346,Recurrence,1337,Yes,Leptomeningeal,Not Applicable,Atypical teratoid/rhabdoid tumor,"ATRT, NOS or NEC",CBTN,Temporal Lobe,Not Applicable
Seattle Children's Hospital,C1070346,Progressive,1798,No,Not Applicable,Not Applicable,Atypical teratoid/rhabdoid tumor,"ATRT, NOS or NEC",CBTN,Temporal Lobe,Not Applicable
Seattle Children's Hospital,C1070346,Deceased,1862,Unavailable,Not Applicable,Not Applicable,Atypical teratoid/rhabdoid tumor,"ATRT, NOS or NEC",CBTN,Temporal Lobe,Not Applicable
Seattle Children's Hospital,C1070838,Initial CNS Tumor,2106,No,Not Applicable,Not Applicable,Medulloblastoma,"Medulloblastoma, non-WNT/non-SHH",CBTN,Cerebellum/Posterior Fossa,Not Applicable
Seattle Children's Hospital,C1070838,Recurrence,3017,Yes,Brain;Spine,Not Applicable,Medulloblastoma,"Medulloblastoma, non-WNT/non-SHH",CBTN,Cerebellum/Posterior Fossa,Not Applicable
Seattle Children's Hospital,C1070838,Progressive,3159,Yes,Brain;Leptomeningeal;Spine,Not Applicable,Medulloblastoma,"Medulloblastoma, non-WNT/non-SHH",CBTN,Cerebellum/Posterior Fossa,Not Applicable
Seattle Children's Hospital,C1070838,Progressive,3654,Yes,Brain;Leptomeningeal,Not Applicable,Medulloblastoma,"Medulloblastoma, non-WNT/non-SHH",CBTN,Brain Stem-Medulla; Spinal Cord- Thoracic,Not Applicable
Seattle Children's Hospital,C1070838,Deceased,4688,Unavailable,Not Applicable,Not Applicable,Medulloblastoma,"Medulloblastoma, non-WNT/non-SHH",CBTN,Cerebellum/Posterior Fossa; Spinal Cord- Thoracic,Not Applicable
Seattle Children's Hospital,C1154847,Initial CNS Tumor,517,No,Not Applicable,Not Applicable,Atypical teratoid/rhabdoid tumor,ATRT-TYR,OpenPedCan,Cerebellum/Posterior Fossa,Not Applicable
Seattle Children's Hospital,C1155462,Initial CNS Tumor,1516,No,Not Applicable,Not Applicable,Medulloblastoma,"Medulloblastoma, NOS or NEC",CBTN,Cerebellum/Posterior Fossa,Not Applicable
Seattle Children's Hospital,C1155462,Recurrence,1979,Yes,Brain;CSF;Leptomeningeal,Not Applicable,Medulloblastoma,"Medulloblastoma, NOS or NEC",CBTN,Cerebellum/Posterior Fossa,Not Applicable
Seattle Children's Hospital,C1155462,Progressive,2526,Yes,Brain;Leptomeningeal,Not Applicable,Medulloblastoma,"Medulloblastoma, NOS or NEC",CBTN,Cerebellum/Posterior Fossa,Not Applicable
Seattle Children's Hospital,C1155462,Progressive,2706,Yes,Brain;Leptomeningeal,Not Applicable,Medulloblastoma,"Medulloblastoma, Group 3",OpenPedCan,Cerebellum/Posterior Fossa,Not Applicable
Seattle Children's Hospital,C1155462,Deceased,2971,Unavailable,Not Applicable,Not Applicable,Medulloblastoma,"Medulloblastoma, NOS or NEC",CBTN,Cerebellum/Posterior Fossa,Not Applicable
Seattle Children's Hospital,C1155585,Initial CNS Tumor,4322,Yes,Brain;CSF,Not Applicable,Medulloblastoma,"Medulloblastoma, Group 4",OpenPedCan,Cerebellum/Posterior Fossa;Ventricles,Not Applicable
Seattle Children's Hospital,C1155585,Recurrence,4821,Yes,CSF;Leptomeningeal;Spine,Not Applicable,Medulloblastoma,"Medulloblastoma, non-WNT/non-SHH",CBTN,Spinal Cord- Cervical; Spinal Cord- Lumbar/Thecal Sac; Spinal Cord- Thoracic,Not Applicable
Seattle Children's Hospital,C1155585,Progressive,4935,Yes,Brain;CSF;Leptomeningeal;Spine,Not Applicable,Medulloblastoma,"Medulloblastoma, non-WNT/non-SHH",CBTN,Spinal Cord- Cervical; Spinal Cord- Lumbar/Thecal Sac; Spinal Cord- Thoracic,Not Applicable
Seattle Children's Hospital,C1155585,Deceased,5072,Unavailable,Not Applicable,Not Applicable,Medulloblastoma,"Medulloblastoma, non-WNT/non-SHH",CBTN,Cerebellum/Posterior Fossa; Spinal Cord- Cervical; Spinal Cord- Lumbar/Thecal Sac; Spinal Cord- Thoracic,Not Applicable
Seattle Children's Hospital,C1183875,Initial CNS Tumor,6394,No,Not Applicable,Not Applicable,Medulloblastoma,"Medulloblastoma, WNT-activated",CBTN,Cerebellum/Posterior Fossa,Not Applicable
Seattle Children's Hospital,C123123,Initial CNS Tumor,836,No,Not Applicable,Not Applicable,Atypical teratoid/rhabdoid tumor,"ATRT, NOS or NEC",CBTN,Cerebellum/Posterior Fossa,Not Applicable
Seattle Children's Hospital,C123123,Deceased,926,No,Not Applicable,Not Applicable,Atypical teratoid/rhabdoid tumor,"ATRT, NOS or NEC",CBTN,Not Applicable,Not Applicable
Seattle Children's Hospital,C1253493,Initial CNS Tumor,1997,No,Not Applicable,Not Applicable,Medulloblastoma,"Medulloblastoma, Group 4",OpenPedCan,Cerebellum/Posterior Fossa,Not Applicable
Seattle Children's Hospital,C1253862,Initial CNS Tumor,3137,No,Not Applicable,Not Applicable,Medulloblastoma,"Medulloblastoma, SHH-activated and TP53-wildtype",CBTN,Cerebellum/Posterior Fossa,Not Applicable
Seattle Children's Hospital,C1253862,Recurrence,3217,No,Not Applicable,Not Applicable,Medulloblastoma,"Medulloblastoma, SHH-activated and TP53-wildtype",CBTN,Cerebellum/Posterior Fossa,Not Applicable
Seattle Children's Hospital,C1253862,Recurrence,4425,Yes,Brain,Not Applicable,Medulloblastoma,"Medulloblastoma, SHH-activated and TP53-wildtype",CBTN,Cerebellum/Posterior Fossa; Frontal Lobe,Not Applicable
Seattle Children's Hospital,C1253862,Progressive,4622,Yes,Brain;Leptomeningeal;Spine,Not Applicable,Medulloblastoma,"Medulloblastoma, SHH-activated and TP53-wildtype",CBTN,Cerebellum/Posterior Fossa; Frontal Lobe; Spinal Cord- Thoracic,Not Applicable
Seattle Children's Hospital,C1253862,Progressive,4690,Yes,Brain;Leptomeningeal;Spine,Not Applicable,Medulloblastoma,"Medulloblastoma, SHH-activated and TP53-wildtype",CBTN,Cerebellum/Posterior Fossa; Frontal Lobe,Not Applicable
Seattle Children's Hospital,C1253862,Second Malignancy,5086,No,Not Applicable,Not Applicable,Other,Not a primary CNS tumor,CBTN,Other locations NOS,Stomach
Seattle Children's Hospital,C1253862,Deceased,5143,Unavailable,Not Applicable,Not Applicable,Other,Specify,CBTN,Other locations NOS,Stomach
Seattle Children's Hospital,C141696,Initial CNS Tumor,3977,Yes,Brain;CSF;Leptomeningeal;Spine,Not Applicable,Medulloblastoma,"Medulloblastoma, SHH-activated and TP53-wildtype",CBTN,Cerebellum/Posterior Fossa,Not Applicable
Seattle Children's Hospital,C141696,Progressive,5041,Yes,Brain,Not Applicable,Medulloblastoma,"Medulloblastoma, SHH-activated and TP53-wildtype",CBTN,Cerebellum/Posterior Fossa; Frontal Lobe,Not Applicable
Seattle Children's Hospital,C141696,Progressive,5140,Yes,Brain;Leptomeningeal;Spine,Not Applicable,Medulloblastoma,"Medulloblastoma, SHH-activated and TP53-wildtype",CBTN,Cerebellum/Posterior Fossa; Spine NOS,Not Applicable
Seattle Children's Hospital,C141696,Progressive,5300,Yes,Brain;Leptomeningeal,Not Applicable,Medulloblastoma,"Medulloblastoma, SHH-activated and TP53-wildtype",CBTN,Cerebellum/Posterior Fossa,Not Applicable
Seattle Children's Hospital,C141696,Progressive,5487,Yes,Brain;Spine,Not Applicable,Medulloblastoma,"Medulloblastoma, SHH-activated and TP53-wildtype",CBTN,Cerebellum/Posterior Fossa,Not Applicable
Seattle Children's Hospital,C141696,Progressive,5710,Yes,Brain;Spine,Not Applicable,Medulloblastoma,"Medulloblastoma, SHH-activated and TP53-wildtype",CBTN,Cerebellum/Posterior Fossa,Not Applicable
Seattle Children's Hospital,C141696,Deceased,5750,Yes,Brain;Spine,Not Applicable,Medulloblastoma,"Medulloblastoma, SHH-activated and TP53-wildtype",CBTN,Cerebellum/Posterior Fossa,Not Applicable
Seattle Children's Hospital,C141942,Initial CNS Tumor,163,Yes,Brain;Leptomeningeal,Not Applicable,Medulloblastoma,"Medulloblastoma, NOS or NEC",CBTN,Cerebellum/Posterior Fossa,Not Applicable
Seattle Children's Hospital,C142557,Initial CNS Tumor,1032,Yes,Brain,Not Applicable,Medulloblastoma,"Medulloblastoma, Group 4",OpenPedCan,Cerebellum/Posterior Fossa,Not Applicable
Seattle Children's Hospital,C142557,Progressive,1502,Yes,Brain;Leptomeningeal,Not Applicable,Medulloblastoma,"Medulloblastoma, non-WNT/non-SHH",CBTN,Cerebellum/Posterior Fossa; Spine NOS,Not Applicable
Seattle Children's Hospital,C142557,Progressive,1708,Yes,CSF;Spine,Not Applicable,Medulloblastoma,"Medulloblastoma, non-WNT/non-SHH",CBTN,Cerebellum/Posterior Fossa; Spine NOS,Not Applicable
Seattle Children's Hospital,C142557,Progressive,1823,Yes,CSF,Not Applicable,Medulloblastoma,"Medulloblastoma, Group 4",CBTN,Cerebellum/Posterior Fossa; Spine NOS,Not Applicable
Seattle Children's Hospital,C142557,Deceased,1970,Unavailable,Not Applicable,Not Applicable,Medulloblastoma,"Medulloblastoma, Group 4",CBTN,Cerebellum/Posterior Fossa,Not Applicable
Seattle Children's Hospital,C142803,Initial CNS Tumor,641,Yes,Brain,Not Applicable,Medulloblastoma,"Medulloblastoma, NOS or NEC",CBTN,Cerebellum/Posterior Fossa,Not Applicable
Seattle Children's Hospital,C143172,Initial CNS Tumor,4044,No,Not Applicable,Not Applicable,Medulloblastoma,"Medulloblastoma, Group 4",OpenPedCan,Cerebellum/Posterior Fossa,Not Applicable
Seattle Children's Hospital,C143418,Initial CNS Tumor,1882,Yes,Spine,Not Applicable,Medulloblastoma,"Medulloblastoma, Group 4",OpenPedCan,Cerebellum/Posterior Fossa;Spine NOS,Not Applicable
Seattle Children's Hospital,C143541,Initial CNS Tumor,292,No,Not Applicable,Not Applicable,Medulloblastoma,"Medulloblastoma, SHH-activated and TP53-wildtype",CBTN,Cerebellum/Posterior Fossa,Not Applicable
Seattle Children's Hospital,C147354,Initial CNS Tumor,3458,No,Not Applicable,Not Applicable,Medulloblastoma,"Medulloblastoma, NOS or NEC",CBTN,Cerebellum/Posterior Fossa,Not Applicable
Seattle Children's Hospital,C147477,Initial CNS Tumor,2428,No,Not Applicable,Not Applicable,Medulloblastoma,"Medulloblastoma, WNT-activated",OpenPedCan,Cerebellum/Posterior Fossa,Not Applicable
Seattle Children's Hospital,C147846,Initial CNS Tumor,2565,No,Not Applicable,Not Applicable,Atypical teratoid/rhabdoid tumor,"ATRT, NOS or NEC",CBTN,Temporal Lobe,Not Applicable
Seattle Children's Hospital,C147846,Recurrence,3045,No,Not Applicable,Not Applicable,Atypical teratoid/rhabdoid tumor,"ATRT, NOS or NEC",CBTN,Occipital Lobe,Not Applicable
Seattle Children's Hospital,C147846,Deceased,3361,No,Not Applicable,Not Applicable,Atypical teratoid/rhabdoid tumor,"ATRT, NOS or NEC",CBTN,Occipital Lobe,Not Applicable
Seattle Children's Hospital,C147969,Initial CNS Tumor,1876,No,Not Applicable,Not Applicable,Medulloblastoma,"Medulloblastoma, NOS or NEC",CBTN,Brain Stem-Medulla;Ventricles,Not Applicable
Seattle Children's Hospital,C148215,Initial CNS Tumor,202,No,Not Applicable,Not Applicable,Atypical teratoid/rhabdoid tumor,"ATRT, NOS or NEC",CBTN,Frontal Lobe;Parietal Lobe,Not Applicable
Seattle Children's Hospital,C148215,Second Malignancy,5999,No,Not Applicable,Not Applicable,High-Grade Glioma,"Diffuse pediatric-type high-grade glioma, H3-wildtype and IDH-wildtype",CBTN,Parietal Lobe; Thalamus,Not Applicable
Seattle Children's Hospital,C148584,Initial CNS Tumor,1897,No,Not Applicable,Not Applicable,Medulloblastoma,"Medulloblastoma, NOS or NEC",CBTN,Cerebellum/Posterior Fossa,Not Applicable
Seattle Children's Hospital,C148707,Initial CNS Tumor,575,No,Not Applicable,Not Applicable,Atypical teratoid/rhabdoid tumor,"ATRT, NOS or NEC",CBTN,Frontal Lobe,Not Applicable
Seattle Children's Hospital,C148830,Initial CNS Tumor,605,No,Not Applicable,Not Applicable,Medulloblastoma,"Medulloblastoma, NOS or NEC",CBTN,Cerebellum/Posterior Fossa,Not Applicable
Seattle Children's Hospital,C148953,Initial CNS Tumor,1042,No,Not Applicable,Not Applicable,Medulloblastoma,"Medulloblastoma, NOS or NEC",CBTN,Ventricles,Not Applicable
Seattle Children's Hospital,C149076,Deceased,560,Yes,Brain,Not Applicable,Medulloblastoma,"Medulloblastoma, NOS or NEC",CBTN,Cerebellum/Posterior Fossa,Not Applicable
Seattle Children's Hospital,C149199,Initial CNS Tumor,4238,No,Not Applicable,Not Applicable,Medulloblastoma,"Medulloblastoma, Group 3",OpenPedCan,Cerebellum/Posterior Fossa,Not Applicable
Seattle Children's Hospital,C149568,Initial CNS Tumor,35,No,Not Applicable,Not Applicable,Atypical teratoid/rhabdoid tumor,"ATRT, NOS or NEC",CBTN,Cerebellum/Posterior Fossa,Not Applicable
Seattle Children's Hospital,C149568,Progressive,196,No,Not Applicable,Not Applicable,Atypical teratoid/rhabdoid tumor,"ATRT, NOS or NEC",CBTN,Cerebellum/Posterior Fossa,Not Applicable
Seattle Children's Hospital,C149568,Deceased,227,No,Not Applicable,Not Applicable,Atypical teratoid/rhabdoid tumor,"ATRT, NOS or NEC",CBTN,Cerebellum/Posterior Fossa,Not Applicable
Seattle Children's Hospital,C153012,Initial CNS Tumor,2790,No,Not Applicable,Not Applicable,Medulloblastoma,"Medulloblastoma, NOS or NEC",CBTN,Ventricles,Not Applicable
Seattle Children's Hospital,C153012,Recurrence,3334,Yes,Leptomeningeal,Not Applicable,Medulloblastoma,"Medulloblastoma, NOS or NEC",CBTN,Meninges/Dura,Not Applicable
Seattle Children's Hospital,C153012,Deceased,3601,Unavailable,Not Applicable,Not Applicable,Medulloblastoma,"Medulloblastoma, NOS or NEC",CBTN,Other locations NOS,unknown
Seattle Children's Hospital,C153135,Initial CNS Tumor,1931,Yes,CSF,Not Applicable,Medulloblastoma,"Medulloblastoma, Group 3",OpenPedCan,Cerebellum/Posterior Fossa,Not Applicable
Seattle Children's Hospital,C153504,Initial CNS Tumor,3000,No,Not Applicable,Not Applicable,Medulloblastoma,"Medulloblastoma, NOS or NEC",CBTN,Cerebellum/Posterior Fossa,Not Applicable
Seattle Children's Hospital,C154365,Initial CNS Tumor,5709,No,Not Applicable,Not Applicable,Medulloblastoma,"Medulloblastoma, NOS or NEC",CBTN,Ventricles,Not Applicable
Seattle Children's Hospital,C169248,Initial CNS Tumor,2153,No,Not Applicable,Not Applicable,Medulloblastoma,"Medulloblastoma, NOS or NEC",CBTN,Ventricles,Not Applicable
Seattle Children's Hospital,C169248,Recurrence,3139,No,Not Applicable,Not Applicable,Medulloblastoma,"Medulloblastoma, NOS or NEC",CBTN,Ventricles,Not Applicable
Seattle Children's Hospital,C169248,Recurrence,5467,Not Reported,Not Applicable,Not Applicable,Medulloblastoma,"Medulloblastoma, NOS or NEC",CBTN,Ventricles,Not Applicable
Seattle Children's Hospital,C169248,Recurrence,9081,No,Not Applicable,Not Applicable,Medulloblastoma,"Medulloblastoma, non-WNT/non-SHH",CBTN,Temporal Lobe,Not Applicable
Seattle Children's Hospital,C169371,Initial CNS Tumor,3132,No,Not Applicable,Not Applicable,Medulloblastoma,"Medulloblastoma, NOS or NEC",CBTN,Ventricles,Not Applicable
Seattle Children's Hospital,C169863,Initial CNS Tumor,2902,No,Not Applicable,Not Applicable,Medulloblastoma,"Medulloblastoma, NOS or NEC",CBTN,Ventricles,Not Applicable
Seattle Children's Hospital,C169863,Recurrence,3379,Yes,Leptomeningeal;Spine,Not Applicable,Medulloblastoma,"Medulloblastoma, NOS or NEC",CBTN,Cerebellum/Posterior Fossa,Not Applicable
Seattle Children's Hospital,C169863,Deceased,3773,No,Not Applicable,Not Applicable,Medulloblastoma,"Medulloblastoma, NOS or NEC",CBTN,Ventricles,Not Applicable
Seattle Children's Hospital,C170109,Initial CNS Tumor,6345,No,Not Applicable,Not Applicable,Medulloblastoma,"Medulloblastoma, NOS or NEC",CBTN,Cerebellum/Posterior Fossa,Not Applicable
Seattle Children's Hospital,C170232,Initial CNS Tumor,3142,Yes,CSF,Not Applicable,Medulloblastoma,"Medulloblastoma, NOS or NEC",CBTN,Ventricles,Not Applicable
Seattle Children's Hospital,C170355,Initial CNS Tumor,3695,No,Not Applicable,Not Applicable,Medulloblastoma,"Medulloblastoma, NOS or NEC",CBTN,Ventricles,Not Applicable
Seattle Children's Hospital,C171462,Initial CNS Tumor,805,No,Not Applicable,Not Applicable,Medulloblastoma,"Medulloblastoma, NOS or NEC",CBTN,Ventricles,Not Applicable
Seattle Children's Hospital,C171462,Recurrence,1320,Yes,Brain,Not Applicable,Medulloblastoma,"Medulloblastoma, NOS or NEC",CBTN,Not Reported,Not Applicable
Seattle Children's Hospital,C173799,Initial CNS Tumor,4640,No,Not Applicable,Not Applicable,Medulloblastoma,"Medulloblastoma, NOS or NEC",CBTN,Brain Stem-Medulla,Not Applicable
Seattle Children's Hospital,C175398,Initial CNS Tumor,1056,No,Not Applicable,Not Applicable,Medulloblastoma,"Medulloblastoma, NOS or NEC",CBTN,Cerebellum/Posterior Fossa,Not Applicable
Seattle Children's Hospital,C175398,Deceased,1705,No,Not Applicable,Not Applicable,Medulloblastoma,"Medulloblastoma, NOS or NEC",CBTN,Cerebellum/Posterior Fossa,Not Applicable
Seattle Children's Hospital,C175521,Initial CNS Tumor,4674,No,Not Applicable,Not Applicable,Medulloblastoma,"Medulloblastoma, NOS or NEC",CBTN,Ventricles,Not Applicable
Seattle Children's Hospital,C225951,Initial CNS Tumor,1336,Yes,Other,diffuse leptomeningeal metastases,Medulloblastoma,"Medulloblastoma, NOS or NEC",CBTN,Ventricles,Not Applicable
Seattle Children's Hospital,C226074,Initial CNS Tumor,147,No,Not Applicable,Not Applicable,Atypical teratoid/rhabdoid tumor,ATRT-SHH,OpenPedCan,Cerebellum/Posterior Fossa,Not Applicable
Seattle Children's Hospital,C226443,Initial CNS Tumor,2560,No,Not Applicable,Not Applicable,Medulloblastoma,"Medulloblastoma, NOS or NEC",CBTN,Cerebellum/Posterior Fossa,Not Applicable
Seattle Children's Hospital,C226443,Deceased,2586,Yes,Brain,Not Applicable,Medulloblastoma,"Medulloblastoma, NOS or NEC",CBTN,Cerebellum/Posterior Fossa,Not Applicable
Seattle Children's Hospital,C2332203,Initial CNS Tumor,4746,No,Not Applicable,Not Applicable,Medulloblastoma,"Medulloblastoma, NOS or NEC",CBTN,Cerebellum/Posterior Fossa,Not Applicable
Seattle Children's Hospital,C2332203,Progressive,5782,No,Not Applicable,Not Applicable,Medulloblastoma,"Medulloblastoma, NOS or NEC",CBTN,Cerebellum/Posterior Fossa,Not Applicable
Seattle Children's Hospital,C2333064,Initial CNS Tumor,545,No,Not Applicable,Not Applicable,Medulloblastoma,"Medulloblastoma, SHH-activated and TP53-wildtype",CBTN,Cerebellum/Posterior Fossa,Not Applicable
Seattle Children's Hospital,C2333310,Initial CNS Tumor,490,Yes,Brain;Spine,Not Applicable,Atypical teratoid/rhabdoid tumor,"ATRT, NOS or NEC",CBTN,Spinal Cord- Cervical;Temporal Lobe;Ventricles,Not Applicable
Seattle Children's Hospital,C2333310,Recurrence,771,Yes,Brain;Leptomeningeal,Not Applicable,Atypical teratoid/rhabdoid tumor,"ATRT, NOS or NEC",CBTN,Brain Stem- Pons; Spinal Cord- Cervical; Temporal Lobe; Ventricles,Not Applicable
Seattle Children's Hospital,C2333310,Deceased,806,Yes,Brain;Leptomeningeal,Not Applicable,Atypical teratoid/rhabdoid tumor,"ATRT, NOS or NEC",CBTN,Brain Stem- Pons; Frontal Lobe; Spinal Cord- Cervical; Temporal Lobe; Ventricles,Not Applicable
Seattle Children's Hospital,C2355081,Initial CNS Tumor,4996,No,Not Applicable,Not Applicable,Medulloblastoma,"Medulloblastoma, Group 3",OpenPedCan,Cerebellum/Posterior Fossa,Not Applicable
Seattle Children's Hospital,C2355081,Progressive,6552,Yes,Brain,Not Applicable,Medulloblastoma,"Medulloblastoma, non-WNT/non-SHH",CBTN,Frontal Lobe,Not Applicable
Seattle Children's Hospital,C2358156,Initial CNS Tumor,395,No,Not Applicable,Not Applicable,Medulloblastoma,"Medulloblastoma, NOS or NEC",CBTN,Cerebellum/Posterior Fossa,Not Applicable
Seattle Children's Hospital,C2463690,Initial CNS Tumor,1272,No,Not Applicable,Not Applicable,Medulloblastoma,"Medulloblastoma, non-WNT/non-SHH",CBTN,Cerebellum/Posterior Fossa,Not Applicable
Seattle Children's Hospital,C2544870,Initial CNS Tumor,5124,Yes,CSF;Leptomeningeal;Spine,Not Applicable,Medulloblastoma,"Medulloblastoma, Group 4",OpenPedCan,Cerebellum/Posterior Fossa,Not Applicable
Seattle Children's Hospital,C2571192,Initial CNS Tumor,802,No,Not Applicable,Not Applicable,Atypical teratoid/rhabdoid tumor,"ATRT, NOS or NEC",CBTN,Ventricles,Not Applicable
Seattle Children's Hospital,C2571192,Recurrence,1168,Yes,Brain;CSF;Leptomeningeal;Spine,Not Applicable,Atypical teratoid/rhabdoid tumor,"ATRT, NOS or NEC",CBTN,Frontal Lobe; Spinal Cord- Cervical; Spinal Cord- Lumbar/Thecal Sac; Spinal Cord- Thoracic,Not Applicable
Seattle Children's Hospital,C2571192,Deceased,1248,Yes,Brain;Spine,Not Applicable,Atypical teratoid/rhabdoid tumor,"ATRT, NOS or NEC",CBTN,Frontal Lobe; Spinal Cord- Cervical; Spinal Cord- Lumbar/Thecal Sac; Spinal Cord- Thoracic,Not Applicable
Seattle Children's Hospital,C2571315,Initial CNS Tumor,1277,No,Not Applicable,Not Applicable,Medulloblastoma,"Medulloblastoma, non-WNT/non-SHH",CBTN,Cerebellum/Posterior Fossa,Not Applicable
Seattle Children's Hospital,C2605755,Initial CNS Tumor,557,Yes,Leptomeningeal;Spine,Not Applicable,Medulloblastoma,"Medulloblastoma, non-WNT/non-SHH",CBTN,Cerebellum/Posterior Fossa,Not Applicable
Seattle Children's Hospital,C2696529,Initial CNS Tumor,912,No,Not Applicable,Not Applicable,Medulloblastoma,"Medulloblastoma, NOS or NEC",CBTN,Cerebellum/Posterior Fossa,Not Applicable
Seattle Children's Hospital,C2698251,Initial CNS Tumor,1431,No,Not Applicable,Not Applicable,Medulloblastoma,"Medulloblastoma, non-WNT/non-SHH",CBTN,Cerebellum/Posterior Fossa,Not Applicable
Seattle Children's Hospital,C2714610,Initial CNS Tumor,836,No,Not Applicable,Not Applicable,Atypical teratoid/rhabdoid tumor,"ATRT, NOS or NEC",CBTN,Cerebellum/Posterior Fossa,Not Applicable
Seattle Children's Hospital,C2784966,Initial CNS Tumor,8530,No,Not Applicable,Not Applicable,Medulloblastoma,"Medulloblastoma, NOS or NEC",CBTN,Cerebellum/Posterior Fossa,Not Applicable
Seattle Children's Hospital,C2784966,Recurrence,10542,No,Not Applicable,Not Applicable,Medulloblastoma,"Medulloblastoma, NOS or NEC",CBTN,Cerebellum/Posterior Fossa,Not Applicable
Seattle Children's Hospital,C2852616,Initial CNS Tumor,5664,No,Not Applicable,Not Applicable,Medulloblastoma,"Medulloblastoma, NOS or NEC",CBTN,Cerebellum/Posterior Fossa,Not Applicable
Seattle Children's Hospital,C2892714,Initial CNS Tumor,1033,Yes,Brain,Not Applicable,Medulloblastoma,"Medulloblastoma, non-WNT/non-SHH",CBTN,Cerebellum/Posterior Fossa;Ventricles,Not Applicable
Seattle Children's Hospital,C298890,Initial CNS Tumor,6257,No,Not Applicable,Not Applicable,Medulloblastoma,"Medulloblastoma, NOS or NEC",CBTN,Cerebellum/Posterior Fossa;Ventricles,Not Applicable
Seattle Children's Hospital,C298890,Deceased,6302,No,Not Applicable,Not Applicable,Medulloblastoma,"Medulloblastoma, NOS or NEC",CBTN,Not Applicable,Not Applicable
Seattle Children's Hospital,C303810,Initial CNS Tumor,1123,No,Not Applicable,Not Applicable,Medulloblastoma,"Medulloblastoma, Group 3",CBTN,Cerebellum/Posterior Fossa,Not Applicable
Seattle Children's Hospital,C303810,Recurrence,1210,Yes,CSF,Not Applicable,Medulloblastoma,"Medulloblastoma, Group 3",CBTN,Cerebellum/Posterior Fossa,Not Applicable
Seattle Children's Hospital,C303810,Second Malignancy,3061,Yes,Other,Lung and cervical lymphnodes,Not Reported,Not Reported,CBTN,Other locations NOS,Thyroid
Seattle Children's Hospital,C303810,Second Malignancy,3079,Yes,Other,Lung and Cervical lymphnodes,Not Reported,Not Reported,CBTN,Other locations NOS,Thyroid
Seattle Children's Hospital,C303810,Second Malignancy,5987,No,Not Applicable,Not Applicable,Low-Grade Glioma,"Low-Grade Glioma, NOS or NEC",CBTN,Frontal Lobe,Not Applicable
Seattle Children's Hospital,C310206,Initial CNS Tumor,2648,Yes,Brain;Leptomeningeal;Spine,Not Applicable,Medulloblastoma,"Medulloblastoma, non-WNT/non-SHH",CBTN,Cerebellum/Posterior Fossa;Spine NOS,Not Applicable
Seattle Children's Hospital,C310206,Second Malignancy,5687,No,Not Applicable,Not Applicable,Other,Meningioma,CBTN,Meninges/Dura; Skull,Not Applicable
Seattle Children's Hospital,C310206,Progressive,7912,Yes,Brain,Not Applicable,Other,Meningioma,CBTN,Frontal Lobe; Occipital Lobe; Parietal Lobe,Not Applicable
Seattle Children's Hospital,C3388527,Initial CNS Tumor,1192,Yes,Spine,Not Applicable,Medulloblastoma,"Medulloblastoma, Group 4",OpenPedCan,Cerebellum/Posterior Fossa;Spinal Cord- Lumbar/Thecal Sac,Not Applicable
Seattle Children's Hospital,C3544368,Initial CNS Tumor,571,No,Not Applicable,Not Applicable,Medulloblastoma,"Medulloblastoma, SHH-activated and TP53-wildtype",CBTN,Cerebellum/Posterior Fossa,Not Applicable
Seattle Children's Hospital,C3544737,Initial CNS Tumor,4624,No,Not Applicable,Not Applicable,Medulloblastoma,"Medulloblastoma, SHH-activated and TP53-mutant",CBTN,Cerebellum/Posterior Fossa,Not Applicable
Seattle Children's Hospital,C3544737,Progressive,4921,Yes,Brain,Not Applicable,Medulloblastoma,"Medulloblastoma, SHH-activated and TP53-mutant",CBTN,Cerebellum/Posterior Fossa,Not Applicable
Seattle Children's Hospital,C3544737,Deceased,4971,Yes,Brain,Not Applicable,Medulloblastoma,"Medulloblastoma, SHH-activated and TP53-mutant",CBTN,Cerebellum/Posterior Fossa,Not Applicable
Seattle Children's Hospital,C3631329,Initial CNS Tumor,4278,No,Not Applicable,Not Applicable,Medulloblastoma,"Medulloblastoma, Group 4",CBTN,Cerebellum/Posterior Fossa,Not Applicable
Seattle Children's Hospital,C3631698,Initial CNS Tumor,9216,No,Not Applicable,Not Applicable,Medulloblastoma,"Medulloblastoma, SHH-activated and TP53-wildtype",CBTN,Cerebellum/Posterior Fossa,Not Applicable
Seattle Children's Hospital,C3631698,Recurrence,11019,No,Not Applicable,Not Applicable,Medulloblastoma,"Medulloblastoma, SHH-activated and TP53-wildtype",CBTN,Spinal Cord- Lumbar/Thecal Sac,Not Applicable
Seattle Children's Hospital,C371583,Initial CNS Tumor,2538,No,Not Applicable,Not Applicable,Medulloblastoma,"Medulloblastoma, Group 4",OpenPedCan,Cerebellum/Posterior Fossa,Not Applicable
Seattle Children's Hospital,C3717306,Initial CNS Tumor,3855,Yes,Brain,Not Applicable,Medulloblastoma,"Medulloblastoma, Group 4",CBTN,Cerebellum/Posterior Fossa,Not Applicable
Seattle Children's Hospital,C3884586,Initial CNS Tumor,3630,No,Not Applicable,Not Applicable,Medulloblastoma,"Medulloblastoma, Group 4",CBTN,Cerebellum/Posterior Fossa,Not Applicable
Seattle Children's Hospital,C4031571,Initial CNS Tumor,1187,Yes,Spine,Not Applicable,Atypical teratoid/rhabdoid tumor,"ATRT, NOS or NEC",CBTN,Cerebellum/Posterior Fossa;Spinal Cord- Lumbar/Thecal Sac;Spinal Cord- Thoracic,Not Applicable
Seattle Children's Hospital,C4031571,Deceased,2657,No,Not Applicable,Not Applicable,Atypical teratoid/rhabdoid tumor,"ATRT, NOS or NEC",CBTN,Not Applicable,Not Applicable
Seattle Children's Hospital,C4031694,Initial CNS Tumor,3365,No,Not Applicable,Not Applicable,Medulloblastoma,"Medulloblastoma, Group 4",CBTN,Cerebellum/Posterior Fossa,Not Applicable
Seattle Children's Hospital,C4033539,Deceased,1595,No,Not Applicable,Not Applicable,Medulloblastoma,"Medulloblastoma, NOS or NEC",CBTN,Cerebellum/Posterior Fossa,Not Applicable
Seattle Children's Hospital,C4034523,Initial CNS Tumor,1562,Yes,Leptomeningeal;Spine,Not Applicable,Medulloblastoma,"Medulloblastoma, Group 3",CBTN,Cerebellum/Posterior Fossa;Spinal Cord- Lumbar/Thecal Sac,Not Applicable
Seattle Children's Hospital,C4034523,Progressive,2214,Yes,CSF;Leptomeningeal;Spine,Not Applicable,Medulloblastoma,"Medulloblastoma, Group 3",CBTN,Cerebellum/Posterior Fossa; Spinal Cord- Cervical; Spinal Cord- Lumbar/Thecal Sac,Not Applicable
Seattle Children's Hospital,C4034523,Deceased,2284,Unavailable,Not Applicable,Not Applicable,Medulloblastoma,"Medulloblastoma, Group 3",CBTN,Cerebellum/Posterior Fossa; Spinal Cord- Cervical; Spinal Cord- Lumbar/Thecal Sac,Not Applicable
Seattle Children's Hospital,C4034646,Initial CNS Tumor,1785,Yes,Leptomeningeal;Spine,Not Applicable,Atypical teratoid/rhabdoid tumor,"ATRT, NOS or NEC",CBTN,Ventricles;Spinal Cord- Thoracic,Not Applicable
Seattle Children's Hospital,C4103649,Initial CNS Tumor,2122,Yes,Brain;Other,Not Applicable,Medulloblastoma,"Medulloblastoma, Group 4",CBTN,Cerebellum/Posterior Fossa,Not Applicable
Seattle Children's Hospital,C4104018,Initial CNS Tumor,167,Yes,Brain,Not Applicable,Medulloblastoma,"Medulloblastoma, NOS or NEC",CBTN,Cerebellum/Posterior Fossa;Other locations NOS,Left cerebellar hemisphere
Seattle Children's Hospital,C4104018,Recurrence,613,Yes,Brain,Not Applicable,Medulloblastoma,"Medulloblastoma, NOS or NEC",CBTN,Cerebellum/Posterior Fossa; Other locations NOS,left superior cerebellar hemisphere 
Seattle Children's Hospital,C4104018,Recurrence,663,Yes,Brain,Not Applicable,Medulloblastoma,"Medulloblastoma, NOS or NEC",CBTN,Cerebellum/Posterior Fossa; Other locations NOS,left superior cerebellar hemisphere 
Seattle Children's Hospital,C4344483,Initial CNS Tumor,3009,No,Not Applicable,Not Applicable,Medulloblastoma,"Medulloblastoma, NOS or NEC",CBTN,Cerebellum/Posterior Fossa,Not Applicable
Seattle Children's Hospital,C5254437,Initial CNS Tumor,1481,No,Not Applicable,Not Applicable,Atypical teratoid/rhabdoid tumor,ATRT-MYC,CBTN,Spinal Cord- Thoracic,Not Applicable
Seattle Children's Hospital,C5254437,Progressive,1989,Yes,Brain;Spine,Not Applicable,Atypical teratoid/rhabdoid tumor,ATRT-MYC,CBTN,Spinal Cord- Lumbar/Thecal Sac; Suprasellar/Hypothalamic/Pituitary,Not Applicable
Seattle Children's Hospital,C5254437,Progressive,2011,No,Not Applicable,Not Applicable,Atypical teratoid/rhabdoid tumor,ATRT-MYC,CBTN,Spinal Cord- Lumbar/Thecal Sac; Suprasellar/Hypothalamic/Pituitary,Not Applicable
Seattle Children's Hospital,C5254437,Progressive,2133,Yes,Leptomeningeal,Not Applicable,Atypical teratoid/rhabdoid tumor,ATRT-MYC,CBTN,Spinal Cord- Thoracic; Suprasellar/Hypothalamic/Pituitary,Not Applicable
Seattle Children's Hospital,C5254437,Deceased,2176,Yes,Brain;Leptomeningeal;Spine,Not Applicable,Atypical teratoid/rhabdoid tumor,ATRT-MYC,CBTN,Brain Stem- Midbrain/Tectum; Spinal Cord- Cervical; Spinal Cord- Lumbar/Thecal Sac; Spinal Cord- Thoracic; Suprasellar/Hypothalamic/Pituitary,Not Applicable
Seattle Children's Hospital,C5492565,Initial CNS Tumor,4669,No,Not Applicable,Not Applicable,Medulloblastoma,"Medulloblastoma, WNT-activated",CBTN,Cerebellum/Posterior Fossa,Not Applicable
Seattle Children's Hospital,C558912,Initial CNS Tumor,1026,Yes,CSF;Spine,Not Applicable,Atypical teratoid/rhabdoid tumor,"ATRT, NOS or NEC",CBTN,Brain Stem- Pons;Cerebellum/Posterior Fossa;Other locations NOS,Left cerebellopontine angle involving internal auditory canal.
Seattle Children's Hospital,C558912,Recurrence,1183,No,Not Applicable,Not Applicable,Atypical teratoid/rhabdoid tumor,"ATRT, NOS or NEC",CBTN,Other locations NOS,CERVICOMEDULLARY JUNCTION
Seattle Children's Hospital,C558912,Deceased,1255,Unavailable,Not Applicable,Not Applicable,Atypical teratoid/rhabdoid tumor,"ATRT, NOS or NEC",CBTN,Other locations NOS,Cervicomedulary junction
Seattle Children's Hospital,C5623560,Initial CNS Tumor,1726,Yes,Brain;CSF;Leptomeningeal;Spine,Not Applicable,Medulloblastoma,"Medulloblastoma, Group 3",CBTN,Cerebellum/Posterior Fossa,Not Applicable
Seattle Children's Hospital,C5623560,Deceased,1879,No,Not Applicable,Not Applicable,Medulloblastoma,"Medulloblastoma, Group 3",CBTN,Not Applicable,Not Applicable
Seattle Children's Hospital,C5624052,Initial CNS Tumor,78,No,Not Applicable,Not Applicable,Medulloblastoma,"Medulloblastoma, SHH-activated and TP53-wildtype",CBTN,Cerebellum/Posterior Fossa,Not Applicable
Seattle Children's Hospital,C602700,Initial CNS Tumor,1385,Yes,CSF;Spine,Not Applicable,Medulloblastoma,"Medulloblastoma, Group 3",OpenPedCan,Cerebellum/Posterior Fossa,Not Applicable
Seattle Children's Hospital,C602700,Second Malignancy,3963,No,Not Applicable,Not Applicable,Other,Meningioma,CBTN,Cerebellum/Posterior Fossa,Not Applicable
Seattle Children's Hospital,C603069,Initial CNS Tumor,218,No,Not Applicable,Not Applicable,Atypical teratoid/rhabdoid tumor,ATRT-TYR,OpenPedCan,Cerebellum/Posterior Fossa,Not Applicable
Seattle Children's Hospital,C603069,Recurrence,438,Yes,Spine,Not Applicable,Atypical teratoid/rhabdoid tumor,"ATRT, NOS or NEC",CBTN,Cerebellum/Posterior Fossa,Not Applicable
Seattle Children's Hospital,C603069,Progressive,479,No,Not Applicable,Not Applicable,Atypical teratoid/rhabdoid tumor,"ATRT, NOS or NEC",CBTN,Cerebellum/Posterior Fossa,Not Applicable
Seattle Children's Hospital,C603069,Progressive,553,Yes,Brain,Not Applicable,Atypical teratoid/rhabdoid tumor,"ATRT, NOS or NEC",CBTN,Cerebellum/Posterior Fossa,Not Applicable
Seattle Children's Hospital,C603069,Progressive,598,Yes,Brain;Leptomeningeal;Spine,Not Applicable,Atypical teratoid/rhabdoid tumor,"ATRT, NOS or NEC",CBTN,Cerebellum/Posterior Fossa,Not Applicable
Seattle Children's Hospital,C603069,Deceased,626,Yes,Spine,Not Applicable,Atypical teratoid/rhabdoid tumor,"ATRT, NOS or NEC",CBTN,Cerebellum/Posterior Fossa,Not Applicable
Seattle Children's Hospital,C6083703,Initial CNS Tumor,2915,No,Not Applicable,Not Applicable,Medulloblastoma,"Medulloblastoma, WNT-activated",CBTN,Cerebellum/Posterior Fossa,Not Applicable
Seattle Children's Hospital,C622257,Initial CNS Tumor,1750,Yes,CSF;Spine,Not Applicable,Medulloblastoma,"Medulloblastoma, Group 3",CBTN,Cerebellum/Posterior Fossa;Spinal Cord- Cervical;Spinal Cord- Thoracic,Not Applicable
Seattle Children's Hospital,C622257,Progressive,1998,Yes,Brain;Leptomeningeal;Spine,Not Applicable,Medulloblastoma,"Medulloblastoma, Group 3",CBTN,Cerebellum/Posterior Fossa; Spinal Cord- Cervical; Spinal Cord- Thoracic,Not Applicable
Seattle Children's Hospital,C622257,Deceased,2031,Unavailable,Not Applicable,Not Applicable,Medulloblastoma,"Medulloblastoma, Group 3",CBTN,Cerebellum/Posterior Fossa; Spinal Cord- Cervical; Spinal Cord- Thoracic,Not Applicable
Seattle Children's Hospital,C647349,Initial CNS Tumor,761,Yes,Brain;Spine,Not Applicable,Medulloblastoma,"Medulloblastoma, Group 3",OpenPedCan,Cerebellum/Posterior Fossa,Not Applicable
Seattle Children's Hospital,C647349,Recurrence,1272,Yes,Brain;Leptomeningeal;Spine,Not Applicable,Medulloblastoma,"Medulloblastoma, non-WNT/non-SHH",CBTN,Cerebellum/Posterior Fossa; Frontal Lobe; Spine NOS; Temporal Lobe,Not Applicable
Seattle Children's Hospital,C647349,Progressive,1376,Yes,Brain;Spine,Not Applicable,Medulloblastoma,"Medulloblastoma, non-WNT/non-SHH",CBTN,Cerebellum/Posterior Fossa; Frontal Lobe; Spinal Cord- Lumbar/Thecal Sac; Spinal Cord- Thoracic; Temporal Lobe,Not Applicable
Seattle Children's Hospital,C647349,Progressive,1408,Yes,Brain;Leptomeningeal;Spine,Not Applicable,Medulloblastoma,"Medulloblastoma, non-WNT/non-SHH",CBTN,Cerebellum/Posterior Fossa; Frontal Lobe; Spinal Cord- Cervical; Spinal Cord- Thoracic; Temporal Lobe,Not Applicable
Seattle Children's Hospital,C647349,Deceased,1575,Yes,Brain;Leptomeningeal;Spine,Not Applicable,Medulloblastoma,"Medulloblastoma, non-WNT/non-SHH",CBTN,Cerebellum/Posterior Fossa,Not Applicable
Seattle Children's Hospital,C676746,Initial CNS Tumor,6444,Yes,CSF,Not Applicable,Medulloblastoma,"Medulloblastoma, Group 4",OpenPedCan,Cerebellum/Posterior Fossa,Not Applicable
Seattle Children's Hospital,C677115,Initial CNS Tumor,3630,No,Not Applicable,Not Applicable,Medulloblastoma,"Medulloblastoma, Group 4",OpenPedCan,Cerebellum/Posterior Fossa,Not Applicable
Seattle Children's Hospital,C6958725,Initial CNS Tumor,897,No,Not Applicable,Not Applicable,Atypical teratoid/rhabdoid tumor,"ATRT, NOS or NEC",CBTN,Cerebellum/Posterior Fossa,Not Applicable
Seattle Children's Hospital,C700977,Initial CNS Tumor,7628,No,Not Applicable,Not Applicable,Medulloblastoma,"Medulloblastoma, non-WNT/non-SHH",CBTN,Cerebellum/Posterior Fossa,Not Applicable
Seattle Children's Hospital,C701223,Initial CNS Tumor,3248,No,Not Applicable,Not Applicable,Medulloblastoma,"Medulloblastoma, WNT-activated",CBTN,Cerebellum/Posterior Fossa,Not Applicable
Seattle Children's Hospital,C701223,Deceased,3762,No,Not Applicable,Not Applicable,Medulloblastoma,"Medulloblastoma, WNT-activated",CBTN,Cerebellum/Posterior Fossa,Not Applicable
Seattle Children's Hospital,C701469,Initial CNS Tumor,737,Yes,Brain;Spine,Not Applicable,Medulloblastoma,"Medulloblastoma, Group 3",OpenPedCan,Spinal Cord- Cervical;Spinal Cord- Thoracic;Cerebellum/Posterior Fossa;Spinal Cord- Lumbar/Thecal Sac,Not Applicable
Seattle Children's Hospital,C7093902,Initial CNS Tumor,916,Yes,Spine,Not Applicable,Medulloblastoma,"Medulloblastoma, Group 3",CBTN,Cerebellum/Posterior Fossa;Spinal Cord- Lumbar/Thecal Sac,Not Applicable
Seattle Children's Hospital,C724962,Initial CNS Tumor,4428,No,Not Applicable,Not Applicable,Medulloblastoma,"Medulloblastoma, Group 4",OpenPedCan,Cerebellum/Posterior Fossa,Not Applicable
Seattle Children's Hospital,C725331,Initial CNS Tumor,4973,Yes,Leptomeningeal;Spine;Brain;Leptomeningeal;Spine,Not Applicable,Medulloblastoma,"Medulloblastoma, NOS or NEC",CBTN,Cerebellum/Posterior Fossa,Not Applicable
Seattle Children's Hospital,C725331,Progressive,5308,Yes,Brain;Leptomeningeal,Not Applicable,Medulloblastoma,"Medulloblastoma, NOS or NEC",CBTN,Cerebellum/Posterior Fossa,Not Applicable
Seattle Children's Hospital,C725331,Deceased,5497,Yes,Leptomeningeal,Not Applicable,Medulloblastoma,"Medulloblastoma, NOS or NEC",CBTN,Cerebellum/Posterior Fossa,Not Applicable
Seattle Children's Hospital,C7302756,Initial CNS Tumor,1698,No,Not Applicable,Not Applicable,Medulloblastoma,"Medulloblastoma, non-WNT/non-SHH",CBTN,Cerebellum/Posterior Fossa,Not Applicable
Seattle Children's Hospital,C7457490,Initial CNS Tumor,1195,No,Not Applicable,Not Applicable,Medulloblastoma,"Medulloblastoma, Group 3",CBTN,Cerebellum/Posterior Fossa,Not Applicable
Seattle Children's Hospital,C758541,Initial CNS Tumor,2820,Yes,Brain;Spine,Not Applicable,Medulloblastoma,"Medulloblastoma, Group 4",OpenPedCan,Cerebellum/Posterior Fossa,Not Applicable
Seattle Children's Hospital,C758541,Progressive,3483,Yes,Brain;Leptomeningeal,Not Applicable,Medulloblastoma,"Medulloblastoma, NOS or NEC",CBTN,Frontal Lobe; Parietal Lobe; Temporal Lobe,Not Applicable
Seattle Children's Hospital,C758541,Progressive,4209,Yes,Brain;Leptomeningeal;Spine,Not Applicable,Medulloblastoma,"Medulloblastoma, NOS or NEC",CBTN,Frontal Lobe; Parietal Lobe; Spinal Cord- Thoracic; Temporal Lobe,Not Applicable
Seattle Children's Hospital,C758541,Progressive,4584,Yes,Brain;Leptomeningeal,Not Applicable,Medulloblastoma,"Medulloblastoma, NOS or NEC",CBTN,Frontal Lobe; Parietal Lobe; Temporal Lobe,Not Applicable
Seattle Children's Hospital,C758541,Progressive,4855,Yes,Brain;Spine,Not Applicable,Medulloblastoma,"Medulloblastoma, NOS or NEC",CBTN,Frontal Lobe; Parietal Lobe; Spinal Cord- Lumbar/Thecal Sac; Temporal Lobe,Not Applicable
Seattle Children's Hospital,C758541,Progressive,5175,Yes,Brain;Spine,Not Applicable,Medulloblastoma,"Medulloblastoma, NOS or NEC",CBTN,Cerebellum/Posterior Fossa; Spine NOS,Not Applicable
Seattle Children's Hospital,C758541,Progressive,5344,Yes,Brain;Leptomeningeal;Spine,Not Applicable,Medulloblastoma,"Medulloblastoma, NOS or NEC",CBTN,Cerebellum/Posterior Fossa; Frontal Lobe; Parietal Lobe; Temporal Lobe,Not Applicable
Seattle Children's Hospital,C758541,Progressive,6039,Yes,Brain;Leptomeningeal,Not Applicable,Medulloblastoma,"Medulloblastoma, NOS or NEC",CBTN,Frontal Lobe; Parietal Lobe; Spine NOS; Temporal Lobe,Not Applicable
Seattle Children's Hospital,C758541,Progressive,6288,Yes,Brain;Leptomeningeal;Spine,Not Applicable,Medulloblastoma,"Medulloblastoma, NOS or NEC",CBTN,Frontal Lobe; Parietal Lobe; Spinal Cord- Lumbar/Thecal Sac; Temporal Lobe,Not Applicable
Seattle Children's Hospital,C758541,Deceased,6634,Unavailable,Not Applicable,Not Applicable,Medulloblastoma,"Medulloblastoma, NOS or NEC",CBTN,Frontal Lobe; Parietal Lobe; Spinal Cord- Thoracic; Temporal Lobe,Not Applicable
Seattle Children's Hospital,C7611978,Initial CNS Tumor,1447,Yes,Spine,Not Applicable,Atypical teratoid/rhabdoid tumor,ATRT-MYC,CBTN,Frontal Lobe;Temporal Lobe,Not Applicable
Seattle Children's Hospital,C7617267,Initial CNS Tumor,1182,Yes,Leptomeningeal,Not Applicable,Atypical teratoid/rhabdoid tumor,ATRT-SHH,CBTN,Frontal Lobe;Ventricles,Not Applicable
Seattle Children's Hospital,C7617267,Progressive,1561,Yes,Leptomeningeal,Not Applicable,Atypical teratoid/rhabdoid tumor,ATRT-SHH,CBTN,Frontal Lobe,Not Applicable
Seattle Children's Hospital,C7617267,Recurrence,2015,No,Not Applicable,Not Applicable,Atypical teratoid/rhabdoid tumor,ATRT-SHH,CBTN,Parietal Lobe,Not Applicable
Seattle Children's Hospital,C782649,Initial CNS Tumor,4007,No,Not Applicable,Not Applicable,Atypical teratoid/rhabdoid tumor,"ATRT, NOS or NEC",CBTN,Thalamus;Brain Stem- Midbrain/Tectum,Not Applicable
Seattle Children's Hospital,C782895,Initial CNS Tumor,2013,Yes,Spine,Not Applicable,Medulloblastoma,"Medulloblastoma, Group 3",OpenPedCan,Cerebellum/Posterior Fossa,Not Applicable
Seattle Children's Hospital,C784371,Initial CNS Tumor,8286,No,Not Applicable,Not Applicable,Medulloblastoma,"Medulloblastoma, NOS or NEC",CBTN,Cerebellum/Posterior Fossa,Not Applicable
Seattle Children's Hospital,C797655,Initial CNS Tumor,2186,No,Not Applicable,Not Applicable,Medulloblastoma,"Medulloblastoma, Group 3",OpenPedCan,Cerebellum/Posterior Fossa,Not Applicable
Seattle Children's Hospital,C8183559,Initial CNS Tumor,3490,Yes,Brain;CSF;Spine,Not Applicable,Medulloblastoma,"Medulloblastoma, Group 4",CBTN,Cerebellum/Posterior Fossa,Not Applicable
Seattle Children's Hospital,C836769,Initial CNS Tumor,4295,Yes,Brain;Leptomeningeal,Not Applicable,Medulloblastoma,"Medulloblastoma, non-WNT/non-SHH",CBTN,Cerebellum/Posterior Fossa,Not Applicable
Seattle Children's Hospital,C836769,Recurrence,4664,Yes,Brain;Leptomeningeal;Spine,Not Applicable,Medulloblastoma,"Medulloblastoma, non-WNT/non-SHH",CBTN,Cerebellum/Posterior Fossa; Spine NOS,Not Applicable
Seattle Children's Hospital,C836769,Deceased,4929,No,Not Applicable,Not Applicable,Medulloblastoma,"Medulloblastoma, non-WNT/non-SHH",CBTN,Cerebellum/Posterior Fossa,Not Applicable
Seattle Children's Hospital,C837630,Initial CNS Tumor,77,No,Not Applicable,Not Applicable,Medulloblastoma,"Medulloblastoma, NOS or NEC",CBTN,Cerebellum/Posterior Fossa,Not Applicable
Seattle Children's Hospital,C837630,Recurrence,1279,Yes,Brain,Not Applicable,Medulloblastoma,"Medulloblastoma, NOS or NEC",CBTN,Cerebellum/Posterior Fossa; Ventricles,Not Applicable
Seattle Children's Hospital,C837630,Recurrence,1769,No,Not Applicable,Not Applicable,Medulloblastoma,"Medulloblastoma, NOS or NEC",CBTN,Cerebellum/Posterior Fossa,Not Applicable
Seattle Children's Hospital,C837630,Progressive,2253,No,Not Applicable,Not Applicable,Medulloblastoma,"Medulloblastoma, NOS or NEC",CBTN,Cerebellum/Posterior Fossa,Not Applicable
Seattle Children's Hospital,C837630,Deceased,2913,Unavailable,Not Applicable,Not Applicable,Medulloblastoma,"Medulloblastoma, NOS or NEC",CBTN,Not Applicable,Not Applicable
Seattle Children's Hospital,C8379990,Initial CNS Tumor,4368,Yes,Brain;Spine,Not Applicable,Medulloblastoma,"Medulloblastoma, Group 4",CBTN,Cerebellum/Posterior Fossa,Not Applicable
Seattle Children's Hospital,C8405943,Initial CNS Tumor,3540,No,Not Applicable,Not Applicable,Medulloblastoma,"Medulloblastoma, Group 4",CBTN,Cerebellum/Posterior Fossa,Not Applicable
Seattle Children's Hospital,C8419104,Initial CNS Tumor,796,Yes,Brain;Leptomeningeal,Not Applicable,Atypical teratoid/rhabdoid tumor,"ATRT, NOS or NEC",CBTN,Thalamus;Ventricles,Not Applicable
Seattle Children's Hospital,C8432019,Initial CNS Tumor,1686,No,Not Applicable,Not Applicable,Medulloblastoma,"Medulloblastoma, Group 3",CBTN,Cerebellum/Posterior Fossa;Ventricles,Not Applicable
Seattle Children's Hospital,C8432019,Recurrence,2197,No,Not Applicable,Not Applicable,Medulloblastoma,"Medulloblastoma, Group 3",CBTN,Ventricles,Not Applicable
Seattle Children's Hospital,C8432142,Initial CNS Tumor,994,No,Not Applicable,Not Applicable,Medulloblastoma,"Medulloblastoma, Group 3",CBTN,Cerebellum/Posterior Fossa,Not Applicable
Seattle Children's Hospital,C849561,Initial CNS Tumor,733,No,Not Applicable,Not Applicable,Medulloblastoma,"Medulloblastoma, SHH-activated and TP53-wildtype",CBTN,Cerebellum/Posterior Fossa,Not Applicable
Seattle Children's Hospital,C849561,Second Malignancy,3022,No,Not Applicable,Not Applicable,Other,Meningioma,CBTN,Cerebellum/Posterior Fossa,Not Applicable
Seattle Children's Hospital,C912414,Initial CNS Tumor,2888,No,Not Applicable,Not Applicable,Medulloblastoma,"Medulloblastoma, Group 4",OpenPedCan,Cerebellum/Posterior Fossa,Not Applicable
Seattle Children's Hospital,C912660,Initial CNS Tumor,1851,No,Not Applicable,Not Applicable,Medulloblastoma,"Medulloblastoma, SHH-activated and TP53-wildtype",CBTN,Cerebellum/Posterior Fossa,Not Applicable
Seattle Children's Hospital,C912660,Recurrence,2841,No,Not Applicable,Not Applicable,Medulloblastoma,"Medulloblastoma, SHH-activated and TP53-wildtype",CBTN,Cerebellum/Posterior Fossa,Not Applicable
Seattle Children's Hospital,C912660,Recurrence,3037,Yes,CSF,Not Applicable,Medulloblastoma,"Medulloblastoma, SHH-activated and TP53-wildtype",CBTN,Cerebellum/Posterior Fossa,Not Applicable
Seattle Children's Hospital,C912660,Recurrence,3170,No,Not Applicable,Not Applicable,Medulloblastoma,"Medulloblastoma, SHH-activated and TP53-wildtype",CBTN,Cerebellum/Posterior Fossa,Not Applicable
Seattle Children's Hospital,C912660,Progressive,3198,No,Not Applicable,Not Applicable,Medulloblastoma,"Medulloblastoma, SHH-activated and TP53-wildtype",CBTN,Cerebellum/Posterior Fossa,Not Applicable
Seattle Children's Hospital,C912660,Progressive,3348,Yes,Spine,Not Applicable,Medulloblastoma,"Medulloblastoma, SHH-activated and TP53-wildtype",CBTN,Cerebellum/Posterior Fossa,Not Applicable
Seattle Children's Hospital,C912660,Progressive,3779,Yes,Brain;Leptomeningeal;Spine,Not Applicable,Medulloblastoma,"Medulloblastoma, SHH-activated and TP53-wildtype",CBTN,Cerebellum/Posterior Fossa,Not Applicable
Seattle Children's Hospital,C912660,Deceased,3853,Unavailable,Not Applicable,Not Applicable,Medulloblastoma,"Medulloblastoma, SHH-activated and TP53-wildtype",CBTN,Cerebellum/Posterior Fossa; Spinal Cord- Cervical; Spinal Cord- Lumbar/Thecal Sac; Spinal Cord- Thoracic,Not Applicable
Seattle Children's Hospital,C923607,Initial CNS Tumor,1392,No,Not Applicable,Not Applicable,Medulloblastoma,"Medulloblastoma, Group 3",OpenPedCan,Cerebellum/Posterior Fossa,Not Applicable
Seattle Children's Hospital,C948330,Initial CNS Tumor,5918,No,Not Applicable,Not Applicable,Medulloblastoma,"Medulloblastoma, Group 4",OpenPedCan,Cerebellum/Posterior Fossa,Not Applicable
Seattle Children's Hospital,C991257,Initial CNS Tumor,3724,No,Not Applicable,Not Applicable,Medulloblastoma,"Medulloblastoma, Group 3",OpenPedCan,Cerebellum/Posterior Fossa,Not Applicable
Seattle Children's Hospital,C99507,Initial CNS Tumor,1999,No,Not Applicable,Not Applicable,Medulloblastoma,"Medulloblastoma, Group 4",OpenPedCan,Cerebellum/Posterior Fossa,Not Applicable
Stanford Lucile Packard Children's Hospital,C1014381,Initial CNS Tumor,4758,No,Not Applicable,Not Applicable,Medulloblastoma,"Medulloblastoma, WNT-activated",OpenPedCan,Cerebellum/Posterior Fossa,Not Applicable
Stanford Lucile Packard Children's Hospital,C2337369,Initial CNS Tumor,1345,No,Not Applicable,Not Applicable,Medulloblastoma,"Medulloblastoma, Group 4",OpenPedCan,Ventricles,Not Applicable
Stanford Lucile Packard Children's Hospital,C2488782,Initial CNS Tumor,2491,No,Not Applicable,Not Applicable,Medulloblastoma,"Medulloblastoma, NOS or NEC",CBTN,Frontal Lobe,Not Applicable
Stanford Lucile Packard Children's Hospital,C2488782,Deceased,2832,No,Not Applicable,Not Applicable,Not Reported,Not Reported,CBTN,Not Applicable,Not Applicable
Stanford Lucile Packard Children's Hospital,C2602680,Initial CNS Tumor,1638,No,Not Applicable,Not Applicable,Atypical teratoid/rhabdoid tumor,ATRT-MYC,OpenPedCan,Frontal Lobe,Not Applicable
Stanford Lucile Packard Children's Hospital,C2602680,Recurrence,1934,No,Not Applicable,Not Applicable,Atypical teratoid/rhabdoid tumor,ATRT-MYC,OpenPedCan,Frontal Lobe,Not Applicable
Stanford Lucile Packard Children's Hospital,C2602680,Deceased,1976,No,Not Applicable,Not Applicable,Atypical teratoid/rhabdoid tumor,"ATRT, NOS or NEC",CBTN,Frontal Lobe,Not Applicable
Stanford Lucile Packard Children's Hospital,C2660736,Initial CNS Tumor,2774,No,Not Applicable,Not Applicable,Medulloblastoma,"Medulloblastoma, NOS or NEC",CBTN,Cerebellum/Posterior Fossa,Not Applicable
Stanford Lucile Packard Children's Hospital,C2684844,Initial CNS Tumor,1441,No,Not Applicable,Not Applicable,Medulloblastoma,"Medulloblastoma, Group 3",OpenPedCan,Cerebellum/Posterior Fossa,Not Applicable
Stanford Lucile Packard Children's Hospital,C2898495,Initial CNS Tumor,2602,No,Not Applicable,Not Applicable,Medulloblastoma,"Medulloblastoma, Group 4",OpenPedCan,Cerebellum/Posterior Fossa,Not Applicable
Stanford Lucile Packard Children's Hospital,C3224691,Initial CNS Tumor,3579,No,Not Applicable,Not Applicable,Medulloblastoma,"Medulloblastoma, NOS or NEC",CBTN,Ventricles,Not Applicable
Stanford Lucile Packard Children's Hospital,C3224691,Second Malignancy,5774,No,Not Applicable,Not Applicable,High-Grade Glioma,"High-Grade Glioma, NOS or NEC",CBTN,Cerebellum/Posterior Fossa,Not Applicable
Stanford Lucile Packard Children's Hospital,C3224691,Recurrence,6497,No,Not Applicable,Not Applicable,High-Grade Glioma,"High-Grade Glioma, NOS or NEC",CBTN,Cerebellum/Posterior Fossa,Not Applicable
Stanford Lucile Packard Children's Hospital,C3224814,Initial CNS Tumor,1829,No,Not Applicable,Not Applicable,Medulloblastoma,"Medulloblastoma, Group 4",OpenPedCan,Cerebellum/Posterior Fossa,Not Applicable
Stanford Lucile Packard Children's Hospital,C3518784,Initial CNS Tumor,2514,No,Not Applicable,Not Applicable,Medulloblastoma,"Medulloblastoma, SHH-activated and TP53-mutant",CBTN,Cerebellum/Posterior Fossa,Not Applicable
Stanford Lucile Packard Children's Hospital,C3522105,Initial CNS Tumor,6741,Yes,Brain,Not Applicable,Medulloblastoma,"Medulloblastoma, Group 4",OpenPedCan,Cerebellum/Posterior Fossa,Not Applicable
Stanford Lucile Packard Children's Hospital,C3638094,Initial CNS Tumor,373,No,Not Applicable,Not Applicable,Atypical teratoid/rhabdoid tumor,"ATRT, NOS or NEC",CBTN,Cerebellum/Posterior Fossa,Not Applicable
Stanford Lucile Packard Children's Hospital,C3638094,Recurrence,677,Yes,Spine,Not Applicable,Atypical teratoid/rhabdoid tumor,"ATRT, NOS or NEC",CBTN,Spinal Cord- Cervical; Spinal Cord- Thoracic,Not Applicable
Stanford Lucile Packard Children's Hospital,C3638340,Initial CNS Tumor,3319,No,Not Applicable,Not Applicable,Medulloblastoma,"Medulloblastoma, NOS or NEC",CBTN,Cerebellum/Posterior Fossa,Not Applicable
Stanford Lucile Packard Children's Hospital,C3638340,Second Malignancy,4896,Yes,Brain,Not Applicable,Other,Meningioma,CBTN,Frontal Lobe,Not Applicable
Stanford Lucile Packard Children's Hospital,C3638586,Initial CNS Tumor,2334,No,Not Applicable,Not Applicable,Medulloblastoma,"Medulloblastoma, Group 4",OpenPedCan,Cerebellum/Posterior Fossa;Ventricles,Not Applicable
Stanford Lucile Packard Children's Hospital,C3841167,Initial CNS Tumor,2783,No,Not Applicable,Not Applicable,Medulloblastoma,"Medulloblastoma, Group 4",OpenPedCan,Ventricles,Not Applicable
Stanford Lucile Packard Children's Hospital,C4084953,Initial CNS Tumor,1124,No,Not Applicable,Not Applicable,Medulloblastoma,"Medulloblastoma, SHH-activated and TP53-wildtype",CBTN,Cerebellum/Posterior Fossa,Not Applicable
Stanford Lucile Packard Children's Hospital,C4085199,Initial CNS Tumor,1212,No,Not Applicable,Not Applicable,Medulloblastoma,"Medulloblastoma, NOS or NEC",CBTN,Cerebellum/Posterior Fossa,Not Applicable
Stanford Lucile Packard Children's Hospital,C4085199,Recurrence,1789,Yes,Brain;Leptomeningeal;Spine,Not Applicable,Medulloblastoma,"Medulloblastoma, NOS or NEC",CBTN,Cerebellum/Posterior Fossa; Meninges/Dura; Spinal Cord- Cervical,Not Applicable
Stanford Lucile Packard Children's Hospital,C4097622,Initial CNS Tumor,368,No,Not Applicable,Not Applicable,Atypical teratoid/rhabdoid tumor,ATRT-SHH,CBTN,Cerebellum/Posterior Fossa,Not Applicable
Stanford Lucile Packard Children's Hospital,C4097622,Deceased,563,Unavailable,Not Applicable,Not Applicable,Atypical teratoid/rhabdoid tumor,ATRT-SHH,CBTN,Cerebellum/Posterior Fossa,Not Applicable
Stanford Lucile Packard Children's Hospital,C4470927,Initial CNS Tumor,891,No,Not Applicable,Not Applicable,Atypical teratoid/rhabdoid tumor,"ATRT, NOS or NEC",CBTN,Temporal Lobe,Not Applicable
Stanford Lucile Packard Children's Hospital,C4470927,Deceased,933,Unavailable,Not Applicable,Not Applicable,Atypical teratoid/rhabdoid tumor,"ATRT, NOS or NEC",CBTN,Temporal Lobe,Not Applicable
Stanford Lucile Packard Children's Hospital,C4472157,Initial CNS Tumor,1169,No,Not Applicable,Not Applicable,Atypical teratoid/rhabdoid tumor,"ATRT, NOS or NEC",CBTN,Pineal Gland,Not Applicable
Stanford Lucile Packard Children's Hospital,C6344955,Initial CNS Tumor,3472,No,Not Applicable,Not Applicable,Medulloblastoma,"Medulloblastoma, SHH-activated and TP53-wildtype",CBTN,Cerebellum/Posterior Fossa,Not Applicable
Stanford Lucile Packard Children's Hospital,C6345324,Initial CNS Tumor,3194,No,Not Applicable,Not Applicable,Medulloblastoma,"Medulloblastoma, non-WNT/non-SHH",CBTN,Ventricles,Not Applicable
Stanford Lucile Packard Children's Hospital,C6345447,Initial CNS Tumor,320,Yes,Spine,Not Applicable,Medulloblastoma,"Medulloblastoma, non-WNT/non-SHH",CBTN,Cerebellum/Posterior Fossa,Not Applicable
Stanford Lucile Packard Children's Hospital,C6889968,Initial CNS Tumor,2164,No,Not Applicable,Not Applicable,Medulloblastoma,"Medulloblastoma, SHH-activated and TP53-wildtype",CBTN,Cerebellum/Posterior Fossa,Not Applicable
Stanford Lucile Packard Children's Hospital,C7376433,Initial CNS Tumor,1714,Yes,Spine,Not Applicable,Medulloblastoma,"Medulloblastoma, non-WNT/non-SHH",CBTN,Cerebellum/Posterior Fossa,Not Applicable
Stanford Lucile Packard Children's Hospital,C7862775,Initial CNS Tumor,4126,No,Not Applicable,Not Applicable,Medulloblastoma,"Medulloblastoma, SHH-activated and TP53-mutant",CBTN,Cerebellum/Posterior Fossa,Not Applicable
Stanford Lucile Packard Children's Hospital,C8205084,Deceased,2239,Yes,Spine,Not Applicable,Medulloblastoma,"Medulloblastoma, Group 3",CBTN,Cerebellum/Posterior Fossa,Not Applicable
The Children's Hospital of Philadelphia,C1003065,Initial CNS Tumor,4413,Yes,Leptomeningeal;Spine,Not Applicable,Medulloblastoma,"Medulloblastoma, non-WNT/non-SHH",CBTN,Meninges/Dura;Spinal Cord- Thoracic;Suprasellar/Hypothalamic/Pituitary,Not Applicable
The Children's Hospital of Philadelphia,C1003188,Initial CNS Tumor,5465,No,Not Applicable,Not Applicable,Medulloblastoma,"Medulloblastoma, Group 4",OpenPedCan,Cerebellum/Posterior Fossa,Not Applicable
The Children's Hospital of Philadelphia,C101721,Initial CNS Tumor,428,No,Not Applicable,Not Applicable,Atypical teratoid/rhabdoid tumor,"ATRT, NOS or NEC",CBTN,Cerebellum/Posterior Fossa,Not Applicable
The Children's Hospital of Philadelphia,C101721,Deceased,652,Yes,Brain;Spine,Not Applicable,Atypical teratoid/rhabdoid tumor,"ATRT, NOS or NEC",CBTN,Cerebellum/Posterior Fossa; Ventricles,Not Applicable
The Children's Hospital of Philadelphia,C1026804,Initial CNS Tumor,5299,No,Not Applicable,Not Applicable,Medulloblastoma,"Medulloblastoma, Group 4",OpenPedCan,Cerebellum/Posterior Fossa,Not Applicable
The Children's Hospital of Philadelphia,C1026804,Recurrence,6444,Yes,CSF;Leptomeningeal;Spine,Not Applicable,Medulloblastoma,"Medulloblastoma, non-WNT/non-SHH",CBTN,Suprasellar/Hypothalamic/Pituitary,Not Applicable
The Children's Hospital of Philadelphia,C1026804,Progressive,6520,Yes,CSF;Leptomeningeal;Spine,Not Applicable,Medulloblastoma,"Medulloblastoma, non-WNT/non-SHH",CBTN,Suprasellar/Hypothalamic/Pituitary,Not Applicable
The Children's Hospital of Philadelphia,C1026804,Progressive,6601,Yes,CSF;Leptomeningeal;Spine,Not Applicable,Medulloblastoma,"Medulloblastoma, non-WNT/non-SHH",CBTN,Suprasellar/Hypothalamic/Pituitary,Not Applicable
The Children's Hospital of Philadelphia,C1026804,Progressive,6752,Yes,CSF;Leptomeningeal;Spine,Not Applicable,Medulloblastoma,"Medulloblastoma, non-WNT/non-SHH",CBTN,Suprasellar/Hypothalamic/Pituitary,Not Applicable
The Children's Hospital of Philadelphia,C1026804,Progressive,6837,Yes,CSF;Leptomeningeal;Spine,Not Applicable,Medulloblastoma,"Medulloblastoma, non-WNT/non-SHH",CBTN,Suprasellar/Hypothalamic/Pituitary,Not Applicable
The Children's Hospital of Philadelphia,C1026804,Progressive,6955,Yes,CSF;Leptomeningeal;Spine,Not Applicable,Medulloblastoma,"Medulloblastoma, non-WNT/non-SHH",CBTN,Suprasellar/Hypothalamic/Pituitary,Not Applicable
The Children's Hospital of Philadelphia,C1026804,Progressive,7142,Yes,CSF;Leptomeningeal;Spine,Not Applicable,Medulloblastoma,"Medulloblastoma, non-WNT/non-SHH",CBTN,Cerebellum/Posterior Fossa,Not Applicable
The Children's Hospital of Philadelphia,C1026804,Deceased,7311,Yes,CSF;Leptomeningeal;Spine,Not Applicable,Medulloblastoma,"Medulloblastoma, non-WNT/non-SHH",CBTN,Suprasellar/Hypothalamic/Pituitary,Not Applicable
The Children's Hospital of Philadelphia,C1031847,Initial CNS Tumor,1458,No,Not Applicable,Not Applicable,Medulloblastoma,"Medulloblastoma, Group 4",OpenPedCan,Cerebellum/Posterior Fossa,Not Applicable
The Children's Hospital of Philadelphia,C1032093,Initial CNS Tumor,819,No,Not Applicable,Not Applicable,Atypical teratoid/rhabdoid tumor,ATRT-MYC,OpenPedCan,Frontal Lobe,Not Applicable
The Children's Hospital of Philadelphia,C1032093,Recurrence,1049,Yes,Leptomeningeal,Not Applicable,Atypical teratoid/rhabdoid tumor,"ATRT, NOS or NEC",CBTN,Frontal Lobe,Not Applicable
The Children's Hospital of Philadelphia,C1032093,Progressive,1135,Yes,Leptomeningeal;Spine,Not Applicable,Atypical teratoid/rhabdoid tumor,"ATRT, NOS or NEC",CBTN,Frontal Lobe,Not Applicable
The Children's Hospital of Philadelphia,C1032093,Progressive,1298,Yes,Leptomeningeal;Spine,Not Applicable,Atypical teratoid/rhabdoid tumor,"ATRT, NOS or NEC",CBTN,Frontal Lobe,Not Applicable
The Children's Hospital of Philadelphia,C1032093,Deceased,1343,Yes,Leptomeningeal;Spine,Not Applicable,Atypical teratoid/rhabdoid tumor,"ATRT, NOS or NEC",CBTN,Frontal Lobe,Not Applicable
The Children's Hospital of Philadelphia,C1036644,Initial CNS Tumor,711,No,Not Applicable,Not Applicable,Atypical teratoid/rhabdoid tumor,ATRT-SHH,OpenPedCan,Cerebellum/Posterior Fossa,Not Applicable
The Children's Hospital of Philadelphia,C1036644,Recurrence,846,Yes,Leptomeningeal,Not Applicable,Atypical teratoid/rhabdoid tumor,"ATRT, NOS or NEC",CBTN,Occipital Lobe,Not Applicable
The Children's Hospital of Philadelphia,C1036644,Progressive,895,Yes,Leptomeningeal,Not Applicable,Atypical teratoid/rhabdoid tumor,"ATRT, NOS or NEC",CBTN,Occipital Lobe,Not Applicable
The Children's Hospital of Philadelphia,C1036644,Progressive,953,Yes,Leptomeningeal,Not Applicable,Atypical teratoid/rhabdoid tumor,"ATRT, NOS or NEC",CBTN,Occipital Lobe,Not Applicable
The Children's Hospital of Philadelphia,C1036644,Deceased,965,Yes,Leptomeningeal,Not Applicable,Atypical teratoid/rhabdoid tumor,"ATRT, NOS or NEC",CBTN,Occipital Lobe,Not Applicable
The Children's Hospital of Philadelphia,C1054725,Initial CNS Tumor,3260,No,Not Applicable,Not Applicable,Medulloblastoma,"Medulloblastoma, WNT-activated",CBTN,Cerebellum/Posterior Fossa,Not Applicable
The Children's Hospital of Philadelphia,C1060629,Initial CNS Tumor,4673,No,Not Applicable,Not Applicable,Medulloblastoma,"Medulloblastoma, Group 3",OpenPedCan,Cerebellum/Posterior Fossa,Not Applicable
The Children's Hospital of Philadelphia,C1100235,Initial CNS Tumor,306,No,Not Applicable,Not Applicable,Medulloblastoma,"Medulloblastoma, SHH-activated and TP53-wildtype",CBTN,Cerebellum/Posterior Fossa,Not Applicable
The Children's Hospital of Philadelphia,C112791,Initial CNS Tumor,3418,No,Not Applicable,Not Applicable,Medulloblastoma,"Medulloblastoma, NOS or NEC",CBTN,Cerebellum/Posterior Fossa,Not Applicable
The Children's Hospital of Philadelphia,C112791,Second Malignancy,5550,No,Not Applicable,Not Applicable,Other,Meningioma,CBTN,Temporal Lobe,Not Applicable
The Children's Hospital of Philadelphia,C115743,Initial CNS Tumor,116,No,Not Applicable,Not Applicable,Medulloblastoma,"Medulloblastoma, NOS or NEC",CBTN,Cerebellum/Posterior Fossa,Not Applicable
The Children's Hospital of Philadelphia,C115743,Deceased,1267,No,Not Applicable,Not Applicable,Medulloblastoma,"Medulloblastoma, NOS or NEC",CBTN,Not Applicable,Not Applicable
The Children's Hospital of Philadelphia,C121893,Initial CNS Tumor,382,No,Not Applicable,Not Applicable,Atypical teratoid/rhabdoid tumor,"ATRT, NOS or NEC",CBTN,Cerebellum/Posterior Fossa,Not Applicable
The Children's Hospital of Philadelphia,C121893,Deceased,411,No,Not Applicable,Not Applicable,Not Reported,Not Reported,CBTN,Not Applicable,Not Applicable
The Children's Hospital of Philadelphia,C1223973,Initial CNS Tumor,3336,No,Not Applicable,Not Applicable,Medulloblastoma,"Medulloblastoma, Group 4",OpenPedCan,Cerebellum/Posterior Fossa,Not Applicable
The Children's Hospital of Philadelphia,C1232952,Initial CNS Tumor,3126,No,Not Applicable,Not Applicable,Medulloblastoma,"Medulloblastoma, Group 4",OpenPedCan,Cerebellum/Posterior Fossa,Not Applicable
The Children's Hospital of Philadelphia,C1248204,Initial CNS Tumor,2076,No,Not Applicable,Not Applicable,Atypical teratoid/rhabdoid tumor,"ATRT, NOS or NEC",CBTN,Cranial Nerves NOS;Other locations NOS,Cerebral peduncle;Cerebral Peduncle
The Children's Hospital of Philadelphia,C1277601,Initial CNS Tumor,684,No,Not Applicable,Not Applicable,Atypical teratoid/rhabdoid tumor,ATRT-SHH,OpenPedCan,Frontal Lobe,Not Applicable
The Children's Hospital of Philadelphia,C136653,Initial CNS Tumor,1620,Yes,Leptomeningeal,Not Applicable,Medulloblastoma,"Medulloblastoma, NOS or NEC",CBTN,Parietal Lobe;Occipital Lobe,Not Applicable
The Children's Hospital of Philadelphia,C136653,Recurrence,3509,No,Not Applicable,Not Applicable,Medulloblastoma,"Medulloblastoma, NOS or NEC",CBTN,Occipital Lobe; Parietal Lobe,Not Applicable
The Children's Hospital of Philadelphia,C140712,Initial CNS Tumor,1506,No,Not Applicable,Not Applicable,Atypical teratoid/rhabdoid tumor,ATRT-SHH,OpenPedCan,Temporal Lobe,Not Applicable
The Children's Hospital of Philadelphia,C140712,Recurrence,1525,Yes,Brain,Not Applicable,Atypical teratoid/rhabdoid tumor,"ATRT, NOS or NEC",CBTN,Other locations NOS,Dissemination to infratentorial and supratentorial compartments
The Children's Hospital of Philadelphia,C140712,Progressive,1824,Yes,Brain;Leptomeningeal,Not Applicable,Atypical teratoid/rhabdoid tumor,"ATRT, NOS or NEC",CBTN,Cerebellum/Posterior Fossa; Other locations NOS; Temporal Lobe,Not Applicable
The Children's Hospital of Philadelphia,C140712,Progressive,1904,Yes,Brain;Leptomeningeal,Not Applicable,Atypical teratoid/rhabdoid tumor,ATRT-SHH,OpenPedCan,Cerebellum/Posterior Fossa; Other locations NOS; Temporal Lobe,"Left cerebellar hemisphere, right tectum"
The Children's Hospital of Philadelphia,C140712,Deceased,2086,Yes,Brain;Leptomeningeal,Not Applicable,Atypical teratoid/rhabdoid tumor,"ATRT, NOS or NEC",CBTN,Cerebellum/Posterior Fossa; Other locations NOS; Temporal Lobe,Not Applicable
The Children's Hospital of Philadelphia,C146247,Initial CNS Tumor,1221,Yes,CSF;Leptomeningeal,Not Applicable,Medulloblastoma,"Medulloblastoma, Group 3",OpenPedCan,Cerebellum/Posterior Fossa,Not Applicable
The Children's Hospital of Philadelphia,C146247,Progressive,1432,Yes,Brain;CSF;Leptomeningeal;Spine,Not Applicable,Medulloblastoma,"Medulloblastoma, NOS or NEC",CBTN,Cerebellum/Posterior Fossa,Not Applicable
The Children's Hospital of Philadelphia,C146247,Deceased,1545,Yes,Brain;CSF;Leptomeningeal;Spine,Not Applicable,Medulloblastoma,"Medulloblastoma, NOS or NEC",CBTN,Cerebellum/Posterior Fossa,Not Applicable
The Children's Hospital of Philadelphia,C15252,Initial CNS Tumor,604,No,Not Applicable,Not Applicable,Medulloblastoma,"Medulloblastoma, NOS or NEC",CBTN,Cerebellum/Posterior Fossa,Not Applicable
The Children's Hospital of Philadelphia,C16113,Initial CNS Tumor,5282,No,Not Applicable,Not Applicable,Medulloblastoma,"Medulloblastoma, NOS or NEC",CBTN,Cerebellum/Posterior Fossa,Not Applicable
The Children's Hospital of Philadelphia,C16113,Recurrence,5718,Yes,Leptomeningeal,Not Applicable,Medulloblastoma,"Medulloblastoma, NOS or NEC",CBTN,Cerebellum/Posterior Fossa,Not Applicable
The Children's Hospital of Philadelphia,C17466,Initial CNS Tumor,5666,No,Not Applicable,Not Applicable,Medulloblastoma,"Medulloblastoma, Group 4",OpenPedCan,Spinal Cord- Cervical;Spinal Cord- Thoracic;Ventricles;Cerebellum/Posterior Fossa;Spinal Cord- Lumbar/Thecal Sac,Not Applicable
The Children's Hospital of Philadelphia,C18081,Initial CNS Tumor,715,Yes,Brain;Leptomeningeal;Spine,Not Applicable,Medulloblastoma,"Medulloblastoma, Group 3",OpenPedCan,Cerebellum/Posterior Fossa,Not Applicable
The Children's Hospital of Philadelphia,C18081,Progressive,917,Yes,Brain;Leptomeningeal;Spine,Not Applicable,Medulloblastoma,"Medulloblastoma, NOS or NEC",CBTN,Cerebellum/Posterior Fossa; Frontal Lobe,Not Applicable
The Children's Hospital of Philadelphia,C18081,Deceased,990,Yes,Brain;Leptomeningeal;Spine,Not Applicable,Medulloblastoma,"Medulloblastoma, NOS or NEC",CBTN,Cerebellum/Posterior Fossa; Frontal Lobe,Not Applicable
The Children's Hospital of Philadelphia,C18819,Initial CNS Tumor,883,No,Not Applicable,Not Applicable,Atypical teratoid/rhabdoid tumor,ATRT-MYC,OpenPedCan,Cerebellum/Posterior Fossa,Not Applicable
The Children's Hospital of Philadelphia,C18819,Progressive,987,Yes,Brain;Spine,Not Applicable,Atypical teratoid/rhabdoid tumor,"ATRT, NOS or NEC",CBTN,Cerebellum/Posterior Fossa,Not Applicable
The Children's Hospital of Philadelphia,C18819,Deceased,1000,Yes,Spine,Not Applicable,Atypical teratoid/rhabdoid tumor,"ATRT, NOS or NEC",CBTN,Cerebellum/Posterior Fossa,Not Applicable
The Children's Hospital of Philadelphia,C196554,Initial CNS Tumor,345,Yes,Other,Pulmonary,Atypical teratoid/rhabdoid tumor,"ATRT, NOS or NEC",CBTN,Skull,Not Applicable
The Children's Hospital of Philadelphia,C196554,Recurrence,572,No,Not Applicable,Not Applicable,Atypical teratoid/rhabdoid tumor,"ATRT, NOS or NEC",CBTN,Skull,Not Applicable
The Children's Hospital of Philadelphia,C196554,Deceased,840,Unavailable,Not Applicable,Not Applicable,Not Reported,Not Reported,CBTN,Not Applicable,Not Applicable
The Children's Hospital of Philadelphia,C20049,Initial CNS Tumor,596,No,Not Applicable,Not Applicable,Atypical teratoid/rhabdoid tumor,"ATRT, NOS or NEC",CBTN,Cerebellum/Posterior Fossa,Not Applicable
The Children's Hospital of Philadelphia,C20049,Second Malignancy,2850,No,Not Applicable,Not Applicable,Not Reported,Not Reported,CBTN,Skull,Not Applicable
The Children's Hospital of Philadelphia,C20910,Initial CNS Tumor,2644,No,Not Applicable,Not Applicable,Medulloblastoma,"Medulloblastoma, Group 4",OpenPedCan,Cerebellum/Posterior Fossa,Not Applicable
The Children's Hospital of Philadelphia,C20910,Recurrence,3743,Yes,Spine,Not Applicable,Medulloblastoma,"Medulloblastoma, NOS or NEC",CBTN,Cerebellum/Posterior Fossa; Spinal Cord- Lumbar/Thecal Sac,Not Applicable
The Children's Hospital of Philadelphia,C20910,Progressive,4172,Yes,Brain;Leptomeningeal,Not Applicable,Medulloblastoma,"Medulloblastoma, NOS or NEC",CBTN,Cerebellum/Posterior Fossa; Meninges/Dura; Spinal Cord- Lumbar/Thecal Sac,Not Applicable
The Children's Hospital of Philadelphia,C20910,Progressive,4396,Yes,Brain;Leptomeningeal,Not Applicable,Medulloblastoma,"Medulloblastoma, NOS or NEC",CBTN,Cerebellum/Posterior Fossa; Meninges/Dura; Spinal Cord- Thoracic,Not Applicable
The Children's Hospital of Philadelphia,C20910,Progressive,4460,Yes,Brain;Leptomeningeal,Not Applicable,Medulloblastoma,"Medulloblastoma, NOS or NEC",CBTN,Cerebellum/Posterior Fossa; Meninges/Dura; Spinal Cord- Thoracic,Not Applicable
The Children's Hospital of Philadelphia,C20910,Progressive,4662,Yes,Brain,Not Applicable,Medulloblastoma,"Medulloblastoma, NOS or NEC",CBTN,Cerebellum/Posterior Fossa; Meninges/Dura; Spinal Cord- Lumbar/Thecal Sac,Not Applicable
The Children's Hospital of Philadelphia,C20910,Deceased,4966,Yes,Brain;Leptomeningeal;Spine,Not Applicable,Medulloblastoma,"Medulloblastoma, NOS or NEC",CBTN,Cerebellum/Posterior Fossa; Spinal Cord- Lumbar/Thecal Sac,Not Applicable
The Children's Hospital of Philadelphia,C21402,Initial CNS Tumor,1384,No,Not Applicable,Not Applicable,Medulloblastoma,"Medulloblastoma, Group 3",OpenPedCan,Cerebellum/Posterior Fossa,Not Applicable
The Children's Hospital of Philadelphia,C21402,Recurrence,1573,No,Not Applicable,Not Applicable,Medulloblastoma,"Medulloblastoma, NOS or NEC",CBTN,Cerebellum/Posterior Fossa,Not Applicable
The Children's Hospital of Philadelphia,C21402,Second Malignancy,3504,No,Not Applicable,Not Applicable,Other,Atypical Meningioma,CBTN,Frontal Lobe,Not Applicable
The Children's Hospital of Philadelphia,C21402,Second Malignancy,4443,No,Not Applicable,Not Applicable,Other,Not a primary CNS tumor,CBTN,Skull,Not Applicable
The Children's Hospital of Philadelphia,C21402,Progressive,4647,No,Not Applicable,Not Applicable,Other,Not a primary CNS tumor,CBTN,Skull,Not Applicable
The Children's Hospital of Philadelphia,C21402,Recurrence,4898,No,Not Applicable,Not Applicable,Other,Not a primary CNS tumor,CBTN,Skull,Not Applicable
The Children's Hospital of Philadelphia,C21402,Deceased,5246,Yes,Brain,Not Applicable,Other,Not a primary CNS tumor,CBTN,Skull,Not Applicable
The Children's Hospital of Philadelphia,C216603,Initial CNS Tumor,1258,No,Not Applicable,Not Applicable,Medulloblastoma,"Medulloblastoma, NOS or NEC",CBTN,Cerebellum/Posterior Fossa,Not Applicable
The Children's Hospital of Philadelphia,C216603,Second Malignancy,6779,Unavailable,Not Applicable,Not Applicable,Other,Meningioma,CBTN,Parietal Lobe,Not Applicable
The Children's Hospital of Philadelphia,C216603,Progressive,7884,No,Not Applicable,Not Applicable,High-Grade Glioma,"High-Grade Glioma, NOS or NEC",CBTN,Parietal Lobe; Temporal Lobe,Not Applicable
The Children's Hospital of Philadelphia,C216603,Recurrence,8100,Yes,Leptomeningeal,Not Applicable,High-Grade Glioma,"High-Grade Glioma, NOS or NEC",CBTN,Meninges/Dura; Parietal Lobe; Temporal Lobe,Not Applicable
The Children's Hospital of Philadelphia,C216603,Deceased,8282,Yes,Leptomeningeal,Not Applicable,High-Grade Glioma,"High-Grade Glioma, NOS or NEC",CBTN,Meninges/Dura; Parietal Lobe; Temporal Lobe,Not Applicable
The Children's Hospital of Philadelphia,C217095,Initial CNS Tumor,2994,No,Not Applicable,Not Applicable,Medulloblastoma,"Medulloblastoma, Group 4",CBTN,Cerebellum/Posterior Fossa;Spinal Cord- Lumbar/Thecal Sac,Not Applicable
The Children's Hospital of Philadelphia,C217095,Progressive,3007,Yes,Spine,Not Applicable,Medulloblastoma,"Medulloblastoma, Group 4",CBTN,Cerebellum/Posterior Fossa; Spinal Cord- Lumbar/Thecal Sac,Not Applicable
The Children's Hospital of Philadelphia,C217095,Second Malignancy,4367,No,Not Applicable,Not Applicable,CNS Sarcoma,"CNS Sarcoma, NOS or NEC",CBTN,Spinal Cord- Lumbar/Thecal Sac,Not Applicable
The Children's Hospital of Philadelphia,C217095,Recurrence,4773,Yes,Spine,Not Applicable,CNS Sarcoma,"CNS Sarcoma, NOS or NEC",CBTN,Spine NOS,Not Applicable
The Children's Hospital of Philadelphia,C217095,Progressive,6895,No,Not Applicable,Not Applicable,Other,Not a primary CNS tumor,CBTN,Cerebellum/Posterior Fossa,Not Applicable
The Children's Hospital of Philadelphia,C21894,Initial CNS Tumor,1736,No,Not Applicable,Not Applicable,Atypical teratoid/rhabdoid tumor,"ATRT, NOS or NEC",CBTN,Cerebellum/Posterior Fossa,Not Applicable
The Children's Hospital of Philadelphia,C21894,Unavailable,5394,No,Not Applicable,Not Applicable,Not Reported,Not Reported,CBTN,Brain Stem- Midbrain/Tectum,Not Applicable
The Children's Hospital of Philadelphia,C22263,Initial CNS Tumor,4068,No,Not Applicable,Not Applicable,Medulloblastoma,"Medulloblastoma, Group 3",OpenPedCan,Cerebellum/Posterior Fossa,Not Applicable
The Children's Hospital of Philadelphia,C227058,Initial CNS Tumor,506,No,Not Applicable,Not Applicable,Atypical teratoid/rhabdoid tumor,"ATRT, NOS or NEC",CBTN,Cerebellum/Posterior Fossa;Brain Stem- Midbrain/Tectum,Not Applicable
The Children's Hospital of Philadelphia,C227058,Recurrence,1083,Unavailable,Not Applicable,Not Applicable,Atypical teratoid/rhabdoid tumor,"ATRT, NOS or NEC",CBTN,Brain Stem- Midbrain/Tectum; Cerebellum/Posterior Fossa,Not Applicable
The Children's Hospital of Philadelphia,C227058,Deceased,1203,Unavailable,Not Applicable,Not Applicable,Atypical teratoid/rhabdoid tumor,"ATRT, NOS or NEC",CBTN,Brain Stem- Midbrain/Tectum; Cerebellum/Posterior Fossa,Not Applicable
The Children's Hospital of Philadelphia,C22755,Initial CNS Tumor,3437,Yes,Other,"local\r\ntwo nodular metastatic lesions, one in the third ventricle and one in the right temporal horn\r\nspine- negative",Medulloblastoma,"Medulloblastoma, NOS or NEC",CBTN,Cerebellum/Posterior Fossa;Ventricles,Not Applicable
The Children's Hospital of Philadelphia,C22755,Recurrence,5022,Yes,Leptomeningeal;Other,"local\r\ntwo nodular metastatic lesions, one in the third ventricle and one in the right temporal horn\r\nspine- negative",Medulloblastoma,"Medulloblastoma, NOS or NEC",CBTN,Cerebellum/Posterior Fossa; Meninges/Dura; Ventricles,Not Applicable
The Children's Hospital of Philadelphia,C22755,Deceased,6627,No,Not Applicable,Not Applicable,Not Reported,Not Reported,CBTN,Not Applicable,Not Applicable
The Children's Hospital of Philadelphia,C22878,Initial CNS Tumor,2238,No,Not Applicable,Not Applicable,Medulloblastoma,"Medulloblastoma, NOS or NEC",CBTN,Cerebellum/Posterior Fossa,Not Applicable
The Children's Hospital of Philadelphia,C22878,Second Malignancy,5694,No,Not Applicable,Not Applicable,High-Grade Glioma,"High-Grade Glioma, NOS or NEC",CBTN,Cerebellum/Posterior Fossa,Not Applicable
The Children's Hospital of Philadelphia,C22878,Progressive,6218,No,Not Applicable,Not Applicable,High-Grade Glioma,"High-Grade Glioma, NOS or NEC",CBTN,Cerebellum/Posterior Fossa,Not Applicable
The Children's Hospital of Philadelphia,C22878,Deceased,6299,No,Not Applicable,Not Applicable,High-Grade Glioma,"High-Grade Glioma, NOS or NEC",CBTN,Cerebellum/Posterior Fossa,Not Applicable
The Children's Hospital of Philadelphia,C230994,Initial CNS Tumor,3026,No,Not Applicable,Not Applicable,Medulloblastoma,"Medulloblastoma, Group 4",OpenPedCan,Cerebellum/Posterior Fossa;Ventricles,Not Applicable
The Children's Hospital of Philadelphia,C2313753,Initial CNS Tumor,381,No,Not Applicable,Not Applicable,Medulloblastoma,"Medulloblastoma, NOS or NEC",CBTN,Cerebellum/Posterior Fossa,Not Applicable
The Children's Hospital of Philadelphia,C2313753,Progressive,583,No,Not Applicable,Not Applicable,Medulloblastoma,"Medulloblastoma, NOS or NEC",CBTN,Cerebellum/Posterior Fossa,Not Applicable
The Children's Hospital of Philadelphia,C2318673,Initial CNS Tumor,1475,Yes,Brain;Spine,Not Applicable,Medulloblastoma,"Medulloblastoma, Group 4",OpenPedCan,Cerebellum/Posterior Fossa;Ventricles,Not Applicable
The Children's Hospital of Philadelphia,C2318673,Progressive,1521,Yes,Brain;Leptomeningeal;Spine,Not Applicable,Medulloblastoma,"Medulloblastoma, non-WNT/non-SHH",CBTN,Cerebellum/Posterior Fossa; Ventricles,Not Applicable
The Children's Hospital of Philadelphia,C2318673,Deceased,1690,Yes,Brain;Leptomeningeal;Spine,Not Applicable,Medulloblastoma,"Medulloblastoma, non-WNT/non-SHH",CBTN,Cerebellum/Posterior Fossa; Ventricles,Not Applicable
The Children's Hospital of Philadelphia,C2322117,Initial CNS Tumor,128,Yes,Brain,Not Applicable,Atypical teratoid/rhabdoid tumor,"ATRT, NOS or NEC",CBTN,Parietal Lobe,Not Applicable
The Children's Hospital of Philadelphia,C2322117,Recurrence,724,Yes,Brain,Not Applicable,Atypical teratoid/rhabdoid tumor,"ATRT, NOS or NEC",CBTN,Parietal Lobe,Not Applicable
The Children's Hospital of Philadelphia,C2322117,Progressive,900,Yes,Brain;Leptomeningeal,Not Applicable,Atypical teratoid/rhabdoid tumor,"ATRT, NOS or NEC",CBTN,Parietal Lobe,Not Applicable
The Children's Hospital of Philadelphia,C2338845,Initial CNS Tumor,4534,No,Not Applicable,Not Applicable,Medulloblastoma,"Medulloblastoma, Group 4",OpenPedCan,Cerebellum/Posterior Fossa;Ventricles,Not Applicable
The Children's Hospital of Philadelphia,C2346471,Initial CNS Tumor,3655,Yes,Brain;Leptomeningeal;Spine,Not Applicable,Medulloblastoma,"Medulloblastoma, SHH-activated and TP53-wildtype",CBTN,Cerebellum/Posterior Fossa,Not Applicable
The Children's Hospital of Philadelphia,C2381034,Initial CNS Tumor,6521,No,Not Applicable,Not Applicable,Medulloblastoma,"Medulloblastoma, SHH-activated and TP53-wildtype",CBTN,Cerebellum/Posterior Fossa,Not Applicable
The Children's Hospital of Philadelphia,C24108,Initial CNS Tumor,1059,No,Not Applicable,Not Applicable,Medulloblastoma,"Medulloblastoma, NOS or NEC",CBTN,Ventricles;Pineal Gland,Not Applicable
The Children's Hospital of Philadelphia,C2442411,Initial CNS Tumor,1204,Yes,Spine,Not Applicable,Atypical teratoid/rhabdoid tumor,ATRT-MYC,OpenPedCan,Other locations NOS,cerebellopontine angle
The Children's Hospital of Philadelphia,C2442411,Progressive,1616,Yes,Brain,Not Applicable,Atypical teratoid/rhabdoid tumor,"ATRT, NOS or NEC",CBTN,Other locations NOS,"cavernous sinus, Meckel's cave"
The Children's Hospital of Philadelphia,C2442411,Deceased,1703,Yes,Brain;Leptomeningeal,Not Applicable,Atypical teratoid/rhabdoid tumor,"ATRT, NOS or NEC",CBTN,Brain Stem- Pons; Cerebellum/Posterior Fossa; Other locations NOS; Temporal Lobe,"cavernous sinus, CPA, internal auditory canals,"
The Children's Hospital of Philadelphia,C245754,Initial CNS Tumor,4595,Yes,Spine,Not Applicable,Medulloblastoma,"Medulloblastoma, NOS or NEC",CBTN,Cerebellum/Posterior Fossa,Not Applicable
The Children's Hospital of Philadelphia,C245754,Second Malignancy,8061,No,Not Applicable,Not Applicable,Other,Meningioma,CBTN,Parietal Lobe,Not Applicable
The Children's Hospital of Philadelphia,C2479926,Initial CNS Tumor,3270,No,Not Applicable,Not Applicable,Medulloblastoma,"Medulloblastoma, SHH-activated and TP53-mutant",CBTN,Cerebellum/Posterior Fossa,Not Applicable
The Children's Hospital of Philadelphia,C2479926,Progressive,3827,Yes,Other,Clival metastasis,Medulloblastoma,"Medulloblastoma, SHH-activated and TP53-mutant",CBTN,Cerebellum/Posterior Fossa; Other locations NOS,Clival
The Children's Hospital of Philadelphia,C2479926,Progressive,4117,No,Not Applicable,Not Applicable,Medulloblastoma,"Medulloblastoma, SHH-activated and TP53-mutant",CBTN,Cerebellum/Posterior Fossa,Not Applicable
The Children's Hospital of Philadelphia,C2479926,Recurrence,4230,No,Not Applicable,Not Applicable,Medulloblastoma,"Medulloblastoma, SHH-activated and TP53-mutant",CBTN,Cerebellum/Posterior Fossa,Not Applicable
The Children's Hospital of Philadelphia,C2479926,Recurrence,4389,Yes,Leptomeningeal,Not Applicable,Medulloblastoma,"Medulloblastoma, SHH-activated and TP53-mutant",CBTN,Cerebellum/Posterior Fossa; Meninges/Dura,Not Applicable
The Children's Hospital of Philadelphia,C2479926,Deceased,4424,No,Not Applicable,Not Applicable,Medulloblastoma,"Medulloblastoma, SHH-activated and TP53-mutant",CBTN,Cerebellum/Posterior Fossa; Meninges/Dura,Not Applicable
The Children's Hospital of Philadelphia,C2501205,Initial CNS Tumor,1481,No,Not Applicable,Not Applicable,Medulloblastoma,"Medulloblastoma, non-WNT/non-SHH",CBTN,Cerebellum/Posterior Fossa,Not Applicable
The Children's Hospital of Philadelphia,C2501205,Recurrence,2031,Yes,Leptomeningeal,Not Applicable,Medulloblastoma,"Medulloblastoma, non-WNT/non-SHH",CBTN,Cerebellum/Posterior Fossa,Not Applicable
The Children's Hospital of Philadelphia,C25092,Initial CNS Tumor,2038,No,Not Applicable,Not Applicable,Medulloblastoma,"Medulloblastoma, Group 3",OpenPedCan,Cerebellum/Posterior Fossa,Not Applicable
The Children's Hospital of Philadelphia,C2536506,Initial CNS Tumor,672,No,Not Applicable,Not Applicable,Medulloblastoma,"Medulloblastoma, SHH-activated and TP53-wildtype",CBTN,Cerebellum/Posterior Fossa,Not Applicable
The Children's Hospital of Philadelphia,C2536998,Initial CNS Tumor,1142,No,Not Applicable,Not Applicable,Atypical teratoid/rhabdoid tumor,"ATRT, NOS or NEC",CBTN,Cerebellum/Posterior Fossa,Not Applicable
The Children's Hospital of Philadelphia,C2536998,Second Malignancy,1737,No,Not Applicable,Not Applicable,Not Reported,Not Reported,CBTN,Other locations NOS,Brainstem NOS
The Children's Hospital of Philadelphia,C2554956,Initial CNS Tumor,1441,No,Not Applicable,Not Applicable,Atypical teratoid/rhabdoid tumor,"ATRT, NOS or NEC",CBTN,Cerebellum/Posterior Fossa;Ventricles,Not Applicable
The Children's Hospital of Philadelphia,C2556555,Initial CNS Tumor,5448,No,Not Applicable,Not Applicable,Medulloblastoma,"Medulloblastoma, Group 4",OpenPedCan,Cerebellum/Posterior Fossa;Ventricles,Not Applicable
The Children's Hospital of Philadelphia,C2556555,Second Malignancy,6371,No,Not Applicable,Not Applicable,Other,Hemangiomas and vascular malformations,CBTN,Parietal Lobe,Not Applicable
The Children's Hospital of Philadelphia,C2556555,Progressive,7028,Yes,Brain,Not Applicable,Other,Hemangiomas and vascular malformations,CBTN,Occipital Lobe; Parietal Lobe,Not Applicable
The Children's Hospital of Philadelphia,C25830,Progressive,6555,Yes,Brain,Not Applicable,Medulloblastoma,"Medulloblastoma, NOS or NEC",CBTN,Cerebellum/Posterior Fossa,Not Applicable
The Children's Hospital of Philadelphia,C25830,Progressive,6992,Yes,Brain,Not Applicable,Medulloblastoma,"Medulloblastoma, NOS or NEC",CBTN,Basal Ganglia; Cerebellum/Posterior Fossa; Occipital Lobe; Other locations NOS; Parietal Lobe; Temporal Lobe; Thalamus,Not Applicable
The Children's Hospital of Philadelphia,C25830,Deceased,7042,Yes,Brain,Not Applicable,Medulloblastoma,"Medulloblastoma, NOS or NEC",CBTN,Cerebellum/Posterior Fossa,Not Applicable
The Children's Hospital of Philadelphia,C2595915,Initial CNS Tumor,2456,No,Not Applicable,Not Applicable,Medulloblastoma,"Medulloblastoma, non-WNT/non-SHH",CBTN,Cerebellum/Posterior Fossa,Not Applicable
The Children's Hospital of Philadelphia,C2646837,Initial CNS Tumor,2839,Yes,Leptomeningeal,Not Applicable,Medulloblastoma,"Medulloblastoma, non-WNT/non-SHH",CBTN,Cerebellum/Posterior Fossa;Ventricles,Not Applicable
The Children's Hospital of Philadelphia,C2646837,Progressive,2939,Yes,Leptomeningeal;Other;Spine,Paraspinal\r\nsoft tissues from C1 down to C4-C5,Medulloblastoma,"Medulloblastoma, Group 3",OpenPedCan,Cerebellum/Posterior Fossa; Ventricles,Not Applicable
The Children's Hospital of Philadelphia,C2646837,Progressive,3077,Yes,Leptomeningeal,Not Applicable,Medulloblastoma,"Medulloblastoma, non-WNT/non-SHH",CBTN,Cerebellum/Posterior Fossa; Ventricles,Not Applicable
The Children's Hospital of Philadelphia,C2646837,Deceased,3169,Yes,Leptomeningeal,Not Applicable,Medulloblastoma,"Medulloblastoma, non-WNT/non-SHH",CBTN,Cerebellum/Posterior Fossa; Ventricles,Not Applicable
The Children's Hospital of Philadelphia,C2658645,Initial CNS Tumor,-1,No,Not Applicable,Not Applicable,Atypical teratoid/rhabdoid tumor,"ATRT, NOS or NEC",CBTN,Parietal Lobe;Ventricles;Temporal Lobe;Occipital Lobe,Not Applicable
The Children's Hospital of Philadelphia,C2658645,Deceased,0,Yes,Brain,Not Applicable,Atypical teratoid/rhabdoid tumor,"ATRT, NOS or NEC",CBTN,Occipital Lobe; Parietal Lobe; Temporal Lobe; Ventricles,Not Applicable
The Children's Hospital of Philadelphia,C2698005,Initial CNS Tumor,348,No,Not Applicable,Not Applicable,Atypical teratoid/rhabdoid tumor,"ATRT, NOS or NEC",CBTN,Cerebellum/Posterior Fossa,Not Applicable
The Children's Hospital of Philadelphia,C2698005,Progressive,973,No,Not Applicable,Not Applicable,Atypical teratoid/rhabdoid tumor,ATRT-MYC,OpenPedCan,Cerebellum/Posterior Fossa,Not Applicable
The Children's Hospital of Philadelphia,C2698005,Progressive,1153,No,Not Applicable,Not Applicable,Atypical teratoid/rhabdoid tumor,"ATRT, NOS or NEC",CBTN,Cerebellum/Posterior Fossa,Not Applicable
The Children's Hospital of Philadelphia,C2698005,Second Malignancy,1679,No,Not Applicable,Not Applicable,Other,Not a primary CNS tumor,CBTN,Other locations NOS,Bone marrow
The Children's Hospital of Philadelphia,C270354,Initial CNS Tumor,320,No,Not Applicable,Not Applicable,Atypical teratoid/rhabdoid tumor,"ATRT, NOS or NEC",CBTN,Cerebellum/Posterior Fossa,Not Applicable
The Children's Hospital of Philadelphia,C270354,Deceased,349,Unavailable,Not Applicable,Not Applicable,Atypical teratoid/rhabdoid tumor,"ATRT, NOS or NEC",CBTN,Not Applicable,Not Applicable
The Children's Hospital of Philadelphia,C270723,Initial CNS Tumor,3312,No,Not Applicable,Not Applicable,Medulloblastoma,"Medulloblastoma, NOS or NEC",CBTN,Cerebellum/Posterior Fossa,Not Applicable
The Children's Hospital of Philadelphia,C270723,Initial CNS Tumor,3332,No,Not Applicable,Not Applicable,Medulloblastoma,"Medulloblastoma, SHH-activated and TP53-mutant",CBTN,Cerebellum/Posterior Fossa,Not Applicable
The Children's Hospital of Philadelphia,C270723,Recurrence,3877,Yes,Leptomeningeal;Spine,Not Applicable,Medulloblastoma,"Medulloblastoma, SHH-activated and TP53-mutant",CBTN,Cerebellum/Posterior Fossa,Not Applicable
The Children's Hospital of Philadelphia,C270723,Progressive,4021,Yes,Leptomeningeal;Spine,Not Applicable,Medulloblastoma,"Medulloblastoma, SHH-activated and TP53-mutant",CBTN,Cerebellum/Posterior Fossa; Meninges/Dura,Not Applicable
The Children's Hospital of Philadelphia,C270723,Deceased,4294,Yes,Leptomeningeal;Spine,Not Applicable,Medulloblastoma,"Medulloblastoma, SHH-activated and TP53-mutant",CBTN,Cerebellum/Posterior Fossa,Not Applicable
The Children's Hospital of Philadelphia,C27552,Initial CNS Tumor,3856,No,Not Applicable,Not Applicable,Medulloblastoma,"Medulloblastoma, Group 4",OpenPedCan,Cerebellum/Posterior Fossa,Not Applicable
The Children's Hospital of Philadelphia,C27552,Second Malignancy,6560,No,Not Applicable,Not Applicable,Low-Grade Glioma,"Low-Grade Glioma, NOS or NEC",CBTN,Frontal Lobe,Not Applicable
The Children's Hospital of Philadelphia,C27552,Progressive,6931,No,Not Applicable,Not Applicable,Low-Grade Glioma,"Low-Grade Glioma, NOS or NEC",CBTN,Frontal Lobe,Not Applicable
The Children's Hospital of Philadelphia,C2774019,Initial CNS Tumor,1853,Yes,Leptomeningeal,Not Applicable,Medulloblastoma,"Medulloblastoma, Group 3",OpenPedCan,Cerebellum/Posterior Fossa;Ventricles,Not Applicable
The Children's Hospital of Philadelphia,C2774019,Recurrence,2311,Yes,Brain;CSF;Leptomeningeal,Not Applicable,Medulloblastoma,"Medulloblastoma, non-WNT/non-SHH",CBTN,Meninges/Dura; Parietal Lobe; Temporal Lobe,Not Applicable
The Children's Hospital of Philadelphia,C2774019,Progressive,2536,Yes,Brain;CSF;Leptomeningeal,Not Applicable,Medulloblastoma,"Medulloblastoma, non-WNT/non-SHH",CBTN,Cerebellum/Posterior Fossa; Parietal Lobe; Temporal Lobe,Not Applicable
The Children's Hospital of Philadelphia,C2774019,Deceased,2647,Yes,Brain;CSF;Leptomeningeal,Not Applicable,Medulloblastoma,"Medulloblastoma, non-WNT/non-SHH",CBTN,Cerebellum/Posterior Fossa; Meninges/Dura; Parietal Lobe; Temporal Lobe,Not Applicable
The Children's Hospital of Philadelphia,C2786688,Initial CNS Tumor,1985,No,Not Applicable,Not Applicable,Medulloblastoma,"Medulloblastoma, Group 3",OpenPedCan,Cerebellum/Posterior Fossa,Not Applicable
The Children's Hospital of Philadelphia,C2786688,Recurrence,2103,Yes,Leptomeningeal;Spine,Not Applicable,Medulloblastoma,"Medulloblastoma, non-WNT/non-SHH",CBTN,Cerebellum/Posterior Fossa,Not Applicable
The Children's Hospital of Philadelphia,C2786688,Progressive,2192,Yes,Brain;Leptomeningeal;Spine,Not Applicable,Medulloblastoma,"Medulloblastoma, non-WNT/non-SHH",CBTN,Cerebellum/Posterior Fossa; Other locations NOS,Leptomeningeal enhancement along cerebellar sulci
The Children's Hospital of Philadelphia,C2786688,Deceased,2243,Yes,Leptomeningeal,Not Applicable,Medulloblastoma,"Medulloblastoma, non-WNT/non-SHH",CBTN,Cerebellum/Posterior Fossa; Spine NOS,Not Applicable
The Children's Hospital of Philadelphia,C2848188,Progressive,219,Yes,Brain;Other,"Right axilla, left posterior neck (subcutaneous), left gluteus (subcutaneous)",Atypical teratoid/rhabdoid tumor,"ATRT, NOS or NEC",CBTN,Frontal Lobe; Other locations NOS,Multiple enhancing supratentorial and infratentorial lesions
The Children's Hospital of Philadelphia,C2848188,Progressive,256,Yes,Brain;Other,"Right axilla, left posterior neck (subcutaneous), left gluteus (subcutaneous), right adrenal, multiple brain lesions",Atypical teratoid/rhabdoid tumor,"ATRT, NOS or NEC",CBTN,Frontal Lobe; Occipital Lobe; Temporal Lobe,Not Applicable
The Children's Hospital of Philadelphia,C2848188,Deceased,284,Yes,Brain;Other,"Right axilla, left posterior neck (subcutaneous), left gluteus (subcutaneous), right adrenal, multiple brain lesions",Atypical teratoid/rhabdoid tumor,"ATRT, NOS or NEC",CBTN,Cerebellum/Posterior Fossa; Frontal Lobe; Occipital Lobe; Parietal Lobe; Temporal Lobe,Not Applicable
The Children's Hospital of Philadelphia,C28905,Initial CNS Tumor,4234,No,Not Applicable,Not Applicable,Medulloblastoma,"Medulloblastoma, Group 4",OpenPedCan,Cerebellum/Posterior Fossa,Not Applicable
The Children's Hospital of Philadelphia,C28905,Recurrence,5669,Yes,Leptomeningeal;Spine,Not Applicable,Medulloblastoma,"Medulloblastoma, NOS or NEC",CBTN,Cerebellum/Posterior Fossa,Not Applicable
The Children's Hospital of Philadelphia,C28905,Progressive,6054,Yes,Leptomeningeal;Spine,Not Applicable,Medulloblastoma,"Medulloblastoma, NOS or NEC",CBTN,Cerebellum/Posterior Fossa,Not Applicable
The Children's Hospital of Philadelphia,C28905,Progressive,6337,Yes,Brain;Leptomeningeal;Spine,Not Applicable,Medulloblastoma,"Medulloblastoma, NOS or NEC",CBTN,Cerebellum/Posterior Fossa,Not Applicable
The Children's Hospital of Philadelphia,C28905,Progressive,6369,Yes,Leptomeningeal,Not Applicable,Medulloblastoma,"Medulloblastoma, NOS or NEC",CBTN,Cerebellum/Posterior Fossa,Not Applicable
The Children's Hospital of Philadelphia,C28905,Progressive,6434,Yes,Brain;Leptomeningeal;Spine,Not Applicable,Medulloblastoma,"Medulloblastoma, NOS or NEC",CBTN,Cerebellum/Posterior Fossa; Meninges/Dura,Not Applicable
The Children's Hospital of Philadelphia,C28905,Deceased,6510,Yes,Brain;Leptomeningeal;Spine,Not Applicable,Medulloblastoma,"Medulloblastoma, NOS or NEC",CBTN,Cerebellum/Posterior Fossa,Not Applicable
The Children's Hospital of Philadelphia,C2896773,Initial CNS Tumor,4254,Yes,CSF;Leptomeningeal;Spine,Not Applicable,Medulloblastoma,"Medulloblastoma, Group 4",OpenPedCan,Cerebellum/Posterior Fossa;Ventricles,Not Applicable
The Children's Hospital of Philadelphia,C2897019,Initial CNS Tumor,1794,No,Not Applicable,Not Applicable,Medulloblastoma,"Medulloblastoma, WNT-activated",CBTN,Cerebellum/Posterior Fossa;Ventricles,Not Applicable
The Children's Hospital of Philadelphia,C2897142,Initial CNS Tumor,5980,No,Not Applicable,Not Applicable,Medulloblastoma,"Medulloblastoma, SHH-activated and TP53-mutant",CBTN,Cerebellum/Posterior Fossa,Not Applicable
The Children's Hospital of Philadelphia,C29028,Initial CNS Tumor,3655,Yes,Spine,Not Applicable,Medulloblastoma,"Medulloblastoma, Group 4",OpenPedCan,Cerebellum/Posterior Fossa,Not Applicable
The Children's Hospital of Philadelphia,C2981889,Initial CNS Tumor,365,No,Not Applicable,Not Applicable,Medulloblastoma,"Medulloblastoma, NOS or NEC",CBTN,Cerebellum/Posterior Fossa,Not Applicable
The Children's Hospital of Philadelphia,C2981889,Deceased,4202,Yes,Other,Liver,Not Reported,Not Reported,CBTN,Not Applicable,Not Applicable
The Children's Hospital of Philadelphia,C3003906,Deceased,181,Yes,Brain;Leptomeningeal;Spine,Not Applicable,Atypical teratoid/rhabdoid tumor,"ATRT, NOS or NEC",CBTN,Brain Stem-Medulla; Brain Stem- Midbrain/Tectum; Brain Stem- Pons; Cerebellum/Posterior Fossa; Hippocampus; Other locations NOS; Skull; Spinal Cord- Cervical; Spinal Cord- Lumbar/Thecal Sac; Spinal Cord- Thoracic; Suprasellar/Hypothalamic/Pituitary; Thalamus; Ventricles,deep nuclei
The Children's Hospital of Philadelphia,C30135,Initial CNS Tumor,1366,No,Not Applicable,Not Applicable,Medulloblastoma,"Medulloblastoma, Group 3",OpenPedCan,Cerebellum/Posterior Fossa,Not Applicable
The Children's Hospital of Philadelphia,C308730,Initial CNS Tumor,4601,No,Not Applicable,Not Applicable,Medulloblastoma,"Medulloblastoma, Group 4",OpenPedCan,Cerebellum/Posterior Fossa,Not Applicable
The Children's Hospital of Philadelphia,C312912,Initial CNS Tumor,6576,No,Not Applicable,Not Applicable,Medulloblastoma,"Medulloblastoma, NOS or NEC",CBTN,Frontal Lobe,Not Applicable
The Children's Hospital of Philadelphia,C312912,Recurrence,7095,No,Not Applicable,Not Applicable,High-Grade Glioma,"High-Grade Glioma, NOS or NEC",CBTN,Frontal Lobe,Not Applicable
The Children's Hospital of Philadelphia,C312912,Progressive,7271,No,Not Applicable,Not Applicable,High-Grade Glioma,"High-Grade Glioma, NOS or NEC",CBTN,Frontal Lobe,Not Applicable
The Children's Hospital of Philadelphia,C312912,Deceased,7420,Unavailable,Not Applicable,Not Applicable,High-Grade Glioma,"High-Grade Glioma, NOS or NEC",CBTN,Frontal Lobe,Not Applicable
The Children's Hospital of Philadelphia,C3169587,Initial CNS Tumor,2697,No,Not Applicable,Not Applicable,Medulloblastoma,"Medulloblastoma, SHH-activated and TP53-wildtype",CBTN,Cerebellum/Posterior Fossa,Not Applicable
The Children's Hospital of Philadelphia,C3198492,Initial CNS Tumor,3453,No,Not Applicable,Not Applicable,Medulloblastoma,"Medulloblastoma, Group 4",OpenPedCan,Cerebellum/Posterior Fossa;Ventricles,Not Applicable
The Children's Hospital of Philadelphia,C33948,Initial CNS Tumor,2014,No,Not Applicable,Not Applicable,Medulloblastoma,"Medulloblastoma, NOS or NEC",CBTN,Cerebellum/Posterior Fossa,Not Applicable
The Children's Hospital of Philadelphia,C33948,Second Malignancy,8517,No,Not Applicable,Not Applicable,Other,Meningioma,CBTN,Temporal Lobe,Not Applicable
The Children's Hospital of Philadelphia,C33948,Recurrence,8688,No,Not Applicable,Not Applicable,Other,Meningioma,CBTN,Temporal Lobe,Not Applicable
The Children's Hospital of Philadelphia,C33948,Recurrence,9322,No,Not Applicable,Not Applicable,Other,Meningioma,CBTN,Temporal Lobe,Not Applicable
The Children's Hospital of Philadelphia,C3406239,Initial CNS Tumor,659,No,Not Applicable,Not Applicable,Medulloblastoma,"Medulloblastoma, Group 3",OpenPedCan,Cerebellum/Posterior Fossa,Not Applicable
The Children's Hospital of Philadelphia,C3406239,Recurrence,1049,Yes,Brain;Spine,Not Applicable,Medulloblastoma,"Medulloblastoma, non-WNT/non-SHH",CBTN,Cerebellum/Posterior Fossa; Spinal Cord- Lumbar/Thecal Sac; Spinal Cord- Thoracic; Temporal Lobe,Not Applicable
The Children's Hospital of Philadelphia,C3406239,Progressive,1140,Yes,Leptomeningeal;Spine,Not Applicable,Medulloblastoma,"Medulloblastoma, non-WNT/non-SHH",CBTN,Cerebellum/Posterior Fossa; Spinal Cord- Cervical; Temporal Lobe,Not Applicable
The Children's Hospital of Philadelphia,C3406239,Progressive,1511,Yes,CSF;Leptomeningeal;Spine,Not Applicable,Medulloblastoma,"Medulloblastoma, non-WNT/non-SHH",CBTN,Cerebellum/Posterior Fossa; Meninges/Dura; Spinal Cord- Cervical; Spinal Cord- Thoracic; Ventricles,Not Applicable
The Children's Hospital of Philadelphia,C3406239,Deceased,1682,Yes,CSF;Leptomeningeal;Spine,Not Applicable,Medulloblastoma,"Medulloblastoma, non-WNT/non-SHH",CBTN,Cerebellum/Posterior Fossa; Meninges/Dura; Spinal Cord- Cervical; Spinal Cord- Thoracic; Ventricles,Not Applicable
The Children's Hospital of Philadelphia,C3408822,Initial CNS Tumor,1636,Yes,CSF;Spine,Not Applicable,Medulloblastoma,"Medulloblastoma, Group 3",OpenPedCan,Cerebellum/Posterior Fossa;Spine NOS;Ventricles,Not Applicable
The Children's Hospital of Philadelphia,C3408822,Recurrence,1840,Yes,Leptomeningeal;Other;Spine,Bone,Medulloblastoma,"Medulloblastoma, non-WNT/non-SHH",CBTN,Cerebellum/Posterior Fossa; Spine NOS; Ventricles,Not Applicable
The Children's Hospital of Philadelphia,C3408822,Deceased,1918,Yes,Leptomeningeal;Other;Spine,Bone,Medulloblastoma,"Medulloblastoma, non-WNT/non-SHH",CBTN,Cerebellum/Posterior Fossa; Spine NOS; Ventricles,Not Applicable
The Children's Hospital of Philadelphia,C3409560,Initial CNS Tumor,2782,No,Not Applicable,Not Applicable,Medulloblastoma,"Medulloblastoma, NOS or NEC",CBTN,Cerebellum/Posterior Fossa;Ventricles;Other locations NOS,left cerebellomedullary angle cistern and foramen of Luschka
The Children's Hospital of Philadelphia,C3418416,Initial CNS Tumor,479,No,Not Applicable,Not Applicable,Medulloblastoma,"Medulloblastoma, Group 3",OpenPedCan,Cerebellum/Posterior Fossa;Ventricles,Not Applicable
The Children's Hospital of Philadelphia,C3422106,Initial CNS Tumor,25,No,Not Applicable,Not Applicable,Atypical teratoid/rhabdoid tumor,ATRT-TYR,OpenPedCan,Cerebellum/Posterior Fossa,Not Applicable
The Children's Hospital of Philadelphia,C3422106,Progressive,183,No,Not Applicable,Not Applicable,Atypical teratoid/rhabdoid tumor,ATRT-TYR,OpenPedCan,Cerebellum/Posterior Fossa,Not Applicable
The Children's Hospital of Philadelphia,C3474996,Initial CNS Tumor,6821,No,Not Applicable,Not Applicable,Medulloblastoma,"Medulloblastoma, NOS or NEC",CBTN,Cerebellum/Posterior Fossa,Not Applicable
The Children's Hospital of Philadelphia,C3474996,Progressive,7866,No,Not Applicable,Not Applicable,Medulloblastoma,"Medulloblastoma, NOS or NEC",CBTN,Cerebellum/Posterior Fossa,Not Applicable
The Children's Hospital of Philadelphia,C3474996,Progressive,8913,No,Not Applicable,Not Applicable,Medulloblastoma,"Medulloblastoma, NOS or NEC",CBTN,Cerebellum/Posterior Fossa,Not Applicable
The Children's Hospital of Philadelphia,C3474996,Progressive,9042,Yes,Leptomeningeal,Not Applicable,Medulloblastoma,"Medulloblastoma, NOS or NEC",CBTN,Cerebellum/Posterior Fossa; Skull,Not Applicable
The Children's Hospital of Philadelphia,C3474996,Deceased,9307,Yes,Leptomeningeal,Not Applicable,Medulloblastoma,"Medulloblastoma, NOS or NEC",CBTN,Cerebellum/Posterior Fossa; Skull,Not Applicable
The Children's Hospital of Philadelphia,C3519645,Initial CNS Tumor,953,Yes,Leptomeningeal,Not Applicable,Medulloblastoma,"Medulloblastoma, Group 3",OpenPedCan,Cerebellum/Posterior Fossa,Not Applicable
The Children's Hospital of Philadelphia,C3519645,Progressive,1363,Yes,Brain;Leptomeningeal;Spine,Not Applicable,Medulloblastoma,"Medulloblastoma, non-WNT/non-SHH",CBTN,Cerebellum/Posterior Fossa,Not Applicable
The Children's Hospital of Philadelphia,C3519645,Deceased,1429,No,Not Applicable,Not Applicable,Medulloblastoma,"Medulloblastoma, non-WNT/non-SHH",CBTN,Cerebellum/Posterior Fossa,Not Applicable
The Children's Hospital of Philadelphia,C3552978,Initial CNS Tumor,3335,Yes,Leptomeningeal,Not Applicable,Medulloblastoma,"Medulloblastoma, non-WNT/non-SHH",CBTN,Cerebellum/Posterior Fossa;Meninges/Dura,Not Applicable
The Children's Hospital of Philadelphia,C3552978,Progressive,3803,Yes,Leptomeningeal;Spine,Not Applicable,Medulloblastoma,"Medulloblastoma, non-WNT/non-SHH",CBTN,Cerebellum/Posterior Fossa,Not Applicable
The Children's Hospital of Philadelphia,C3552978,Deceased,4079,Yes,Leptomeningeal;Spine,Not Applicable,Medulloblastoma,"Medulloblastoma, Group 4",OpenPedCan,Cerebellum/Posterior Fossa; Meninges/Dura; Other locations NOS; Spinal Cord- Cervical; Spinal Cord- Thoracic,Brain Stem NOS
The Children's Hospital of Philadelphia,C3559497,Initial CNS Tumor,1523,No,Not Applicable,Not Applicable,Atypical teratoid/rhabdoid tumor,ATRT-SHH,OpenPedCan,Pineal Gland,Not Applicable
The Children's Hospital of Philadelphia,C3651501,Initial CNS Tumor,346,No,Not Applicable,Not Applicable,Medulloblastoma,"Medulloblastoma, Group 4",OpenPedCan,Cerebellum/Posterior Fossa,Not Applicable
The Children's Hospital of Philadelphia,C3665154,Initial CNS Tumor,6703,No,Not Applicable,Not Applicable,Medulloblastoma,"Medulloblastoma, SHH-activated and TP53-mutant",CBTN,Cerebellum/Posterior Fossa,Not Applicable
The Children's Hospital of Philadelphia,C3665400,Initial CNS Tumor,1544,No,Not Applicable,Not Applicable,Medulloblastoma,"Medulloblastoma, SHH-activated and TP53-wildtype",CBTN,Cerebellum/Posterior Fossa,Not Applicable
The Children's Hospital of Philadelphia,C3665400,Progressive,2182,No,Not Applicable,Not Applicable,Medulloblastoma,"Medulloblastoma, SHH-activated and TP53-wildtype",CBTN,Cerebellum/Posterior Fossa,Not Applicable
The Children's Hospital of Philadelphia,C374412,Initial CNS Tumor,190,Yes,Spine,Not Applicable,Atypical teratoid/rhabdoid tumor,ATRT-SHH,OpenPedCan,Spinal Cord- Thoracic;Other locations NOS;Spinal Cord- Lumbar/Thecal Sac;Temporal Lobe,Paraspinal
The Children's Hospital of Philadelphia,C374412,Progressive,525,Yes,Spine,Not Applicable,Atypical teratoid/rhabdoid tumor,"ATRT, NOS or NEC",CBTN,Other locations NOS; Spinal Cord- Lumbar/Thecal Sac; Spinal Cord- Thoracic; Ventricles,Paraspinal
The Children's Hospital of Philadelphia,C374412,Progressive,572,Yes,Spine,Not Applicable,Atypical teratoid/rhabdoid tumor,"ATRT, NOS or NEC",CBTN,Other locations NOS; Spinal Cord- Lumbar/Thecal Sac; Spinal Cord- Thoracic; Ventricles,Paraspinal
The Children's Hospital of Philadelphia,C374412,Deceased,713,Yes,Other;Spine,Lungs,Atypical teratoid/rhabdoid tumor,ATRT-MYC,OpenPedCan,Other locations NOS; Spinal Cord- Lumbar/Thecal Sac; Spinal Cord- Thoracic; Ventricles,"Paraspinal, lungs"
The Children's Hospital of Philadelphia,C3755559,Initial CNS Tumor,454,No,Not Applicable,Not Applicable,Medulloblastoma,"Medulloblastoma, Group 3",CBTN,Skull,Not Applicable
The Children's Hospital of Philadelphia,C3755559,Progressive,739,No,Not Applicable,Not Applicable,Medulloblastoma,"Medulloblastoma, Group 3",CBTN,Skull,Not Applicable
The Children's Hospital of Philadelphia,C3755559,Progressive,1131,Yes,Leptomeningeal,Not Applicable,Medulloblastoma,"Medulloblastoma, Group 3",CBTN,Temporal Lobe,Not Applicable
The Children's Hospital of Philadelphia,C3755559,Deceased,1160,Yes,Leptomeningeal,Not Applicable,Medulloblastoma,"Medulloblastoma, Group 3",CBTN,Frontal Lobe,Not Applicable
The Children's Hospital of Philadelphia,C3755928,Initial CNS Tumor,5557,No,Not Applicable,Not Applicable,Medulloblastoma,"Medulloblastoma, WNT-activated",CBTN,Cerebellum/Posterior Fossa,Not Applicable
The Children's Hospital of Philadelphia,C3767367,Initial CNS Tumor,3790,No,Not Applicable,Not Applicable,Medulloblastoma,"Medulloblastoma, Group 4",OpenPedCan,Cerebellum/Posterior Fossa,Not Applicable
The Children's Hospital of Philadelphia,C377979,Initial CNS Tumor,3424,No,Not Applicable,Not Applicable,Medulloblastoma,"Medulloblastoma, Group 4",OpenPedCan,Ventricles,Not Applicable
The Children's Hospital of Philadelphia,C377979,Recurrence,6706,Unavailable,Not Applicable,Not Applicable,Medulloblastoma,"Medulloblastoma, NOS or NEC",CBTN,Cerebellum/Posterior Fossa,Not Applicable
The Children's Hospital of Philadelphia,C377979,Second Malignancy,9360,No,Not Applicable,Not Applicable,Other,Meningioma,CBTN,Meninges/Dura,Not Applicable
The Children's Hospital of Philadelphia,C3816813,Initial CNS Tumor,637,No,Not Applicable,Not Applicable,Atypical teratoid/rhabdoid tumor,"ATRT, NOS or NEC",CBTN,Cerebellum/Posterior Fossa,Not Applicable
The Children's Hospital of Philadelphia,C3859863,Initial CNS Tumor,4099,No,Not Applicable,Not Applicable,Medulloblastoma,"Medulloblastoma, WNT-activated",CBTN,Cerebellum/Posterior Fossa,Not Applicable
The Children's Hospital of Philadelphia,C3860232,Initial CNS Tumor,1366,No,Not Applicable,Not Applicable,Medulloblastoma,"Medulloblastoma, SHH-activated and TP53-mutant",CBTN,Cerebellum/Posterior Fossa,Not Applicable
The Children's Hospital of Philadelphia,C3860232,Recurrence,2576,No,Not Applicable,Not Applicable,Medulloblastoma,"Medulloblastoma, SHH-activated and TP53-mutant",CBTN,Cerebellum/Posterior Fossa,Not Applicable
The Children's Hospital of Philadelphia,C3943503,Initial CNS Tumor,964,Yes,Brain;Leptomeningeal;Spine,Not Applicable,Medulloblastoma,"Medulloblastoma, Group 3",OpenPedCan,Cerebellum/Posterior Fossa;Meninges/Dura;Spinal Cord- Thoracic,Not Applicable
The Children's Hospital of Philadelphia,C396306,Initial CNS Tumor,562,No,Not Applicable,Not Applicable,Atypical teratoid/rhabdoid tumor,ATRT-SHH,OpenPedCan,Ventricles;Brain Stem- Midbrain/Tectum,Not Applicable
The Children's Hospital of Philadelphia,C396306,Recurrence,1019,Yes,Brain;Leptomeningeal,Not Applicable,Atypical teratoid/rhabdoid tumor,"ATRT, NOS or NEC",CBTN,Brain Stem- Midbrain/Tectum; Ventricles,Not Applicable
The Children's Hospital of Philadelphia,C396552,Initial CNS Tumor,480,Yes,Leptomeningeal,Not Applicable,Medulloblastoma,"Medulloblastoma, NOS or NEC",CBTN,Cerebellum/Posterior Fossa;Spinal Cord- Lumbar/Thecal Sac,Not Applicable
The Children's Hospital of Philadelphia,C3971178,Initial CNS Tumor,3357,No,Not Applicable,Not Applicable,Medulloblastoma,"Medulloblastoma, WNT-activated",CBTN,Cerebellum/Posterior Fossa,Not Applicable
The Children's Hospital of Philadelphia,C39729,Initial CNS Tumor,1235,No,Not Applicable,Not Applicable,Medulloblastoma,"Medulloblastoma, NOS or NEC",CBTN,Cerebellum/Posterior Fossa,Not Applicable
The Children's Hospital of Philadelphia,C3979173,Initial CNS Tumor,5706,Yes,Leptomeningeal,Not Applicable,Medulloblastoma,"Medulloblastoma, non-WNT/non-SHH",CBTN,Cerebellum/Posterior Fossa;Ventricles,Not Applicable
The Children's Hospital of Philadelphia,C3979173,Progressive,5797,Yes,Leptomeningeal,Not Applicable,Medulloblastoma,"Medulloblastoma, Group 3",OpenPedCan,Cerebellum/Posterior Fossa; Ventricles,Not Applicable
The Children's Hospital of Philadelphia,C3980157,Initial CNS Tumor,5087,Yes,Brain;CSF;Leptomeningeal,Not Applicable,Medulloblastoma,"Medulloblastoma, non-WNT/non-SHH",CBTN,Cerebellum/Posterior Fossa;Ventricles,Not Applicable
The Children's Hospital of Philadelphia,C40098,Initial CNS Tumor,86,No,Not Applicable,Not Applicable,Medulloblastoma,"Medulloblastoma, NOS or NEC",CBTN,Cerebellum/Posterior Fossa,Not Applicable
The Children's Hospital of Philadelphia,C4021731,Initial CNS Tumor,543,No,Not Applicable,Not Applicable,Medulloblastoma,"Medulloblastoma, NOS or NEC",CBTN,Cerebellum/Posterior Fossa,Not Applicable
The Children's Hospital of Philadelphia,C4049406,Initial CNS Tumor,2705,No,Not Applicable,Not Applicable,Medulloblastoma,"Medulloblastoma, non-WNT/non-SHH",CBTN,Cerebellum/Posterior Fossa,Not Applicable
The Children's Hospital of Philadelphia,C4049406,Recurrence,3273,Yes,Leptomeningeal,Not Applicable,Medulloblastoma,"Medulloblastoma, non-WNT/non-SHH",CBTN,Cerebellum/Posterior Fossa,Not Applicable
The Children's Hospital of Philadelphia,C4063305,Initial CNS Tumor,7024,No,Not Applicable,Not Applicable,Medulloblastoma,"Medulloblastoma, NOS or NEC",CBTN,Cerebellum/Posterior Fossa,Not Applicable
The Children's Hospital of Philadelphia,C4063305,Progressive,7663,Yes,Leptomeningeal,Not Applicable,Medulloblastoma,"Medulloblastoma, NOS or NEC",CBTN,Cerebellum/Posterior Fossa,Not Applicable
The Children's Hospital of Philadelphia,C4063305,Progressive,7850,Yes,CSF;Leptomeningeal,Not Applicable,Medulloblastoma,"Medulloblastoma, NOS or NEC",CBTN,Cerebellum/Posterior Fossa,Not Applicable
The Children's Hospital of Philadelphia,C4063305,Deceased,8270,Yes,CSF;Leptomeningeal,Not Applicable,Medulloblastoma,"Medulloblastoma, NOS or NEC",CBTN,Cerebellum/Posterior Fossa,Not Applicable
The Children's Hospital of Philadelphia,C406761,Initial CNS Tumor,1038,No,Not Applicable,Not Applicable,Atypical teratoid/rhabdoid tumor,"ATRT, NOS or NEC",CBTN,Frontal Lobe,Not Applicable
The Children's Hospital of Philadelphia,C406761,Recurrence,1232,Yes,Brain;Leptomeningeal;Spine,Not Applicable,Atypical teratoid/rhabdoid tumor,"ATRT, NOS or NEC",CBTN,Brain Stem- Pons; Frontal Lobe; Ventricles,Not Applicable
The Children's Hospital of Philadelphia,C406761,Progressive,1272,Yes,Brain;Leptomeningeal;Spine,Not Applicable,Atypical teratoid/rhabdoid tumor,"ATRT, NOS or NEC",CBTN,Brain Stem- Pons; Cerebellum/Posterior Fossa; Frontal Lobe; Spinal Cord- Lumbar/Thecal Sac; Spinal Cord- Thoracic; Ventricles,Not Applicable
The Children's Hospital of Philadelphia,C406761,Deceased,1471,Yes,Brain;Leptomeningeal;Spine,Not Applicable,Not Reported,Not Reported,CBTN,Not Applicable,Not Applicable
The Children's Hospital of Philadelphia,C40713,Initial CNS Tumor,2589,Yes,Spine,Not Applicable,Medulloblastoma,"Medulloblastoma, Group 4",OpenPedCan,Cerebellum/Posterior Fossa,Not Applicable
The Children's Hospital of Philadelphia,C4082862,Initial CNS Tumor,7927,No,Not Applicable,Not Applicable,Medulloblastoma,"Medulloblastoma, NOS or NEC",CBTN,Cerebellum/Posterior Fossa,Not Applicable
The Children's Hospital of Philadelphia,C4093563,Initial CNS Tumor,1048,No,Not Applicable,Not Applicable,Medulloblastoma,"Medulloblastoma, Group 3",CBTN,Cerebellum/Posterior Fossa,Not Applicable
The Children's Hospital of Philadelphia,C4093563,Recurrence,1597,Yes,Leptomeningeal;Spine,Not Applicable,Medulloblastoma,"Medulloblastoma, Group 3",CBTN,Cerebellum/Posterior Fossa,Not Applicable
The Children's Hospital of Philadelphia,C4093563,Progressive,1835,Yes,Leptomeningeal;Spine,Not Applicable,Medulloblastoma,"Medulloblastoma, Group 3",CBTN,Cerebellum/Posterior Fossa,Not Applicable
The Children's Hospital of Philadelphia,C4093563,Progressive,2097,No,Not Applicable,Not Applicable,Medulloblastoma,"Medulloblastoma, Group 3",CBTN,Cerebellum/Posterior Fossa,Not Applicable
The Children's Hospital of Philadelphia,C4093563,Progressive,2165,Yes,Bone Marrow;Other,diffuse osseous metastatic disease,Medulloblastoma,"Medulloblastoma, Group 3",CBTN,Cerebellum/Posterior Fossa,Not Applicable
The Children's Hospital of Philadelphia,C4093563,Deceased,2274,Yes,Bone Marrow;Other,diffuse osseous metastatic disease,Medulloblastoma,"Medulloblastoma, Group 3",CBTN,Cerebellum/Posterior Fossa,Not Applicable
The Children's Hospital of Philadelphia,C41328,Initial CNS Tumor,13275,No,Not Applicable,Not Applicable,Medulloblastoma,"Medulloblastoma, NOS or NEC",CBTN,Cerebellum/Posterior Fossa,Not Applicable
The Children's Hospital of Philadelphia,C4174251,Initial CNS Tumor,4346,No,Not Applicable,Not Applicable,Atypical teratoid/rhabdoid tumor,"ATRT, NOS or NEC",CBTN,Cerebellum/Posterior Fossa,Not Applicable
The Children's Hospital of Philadelphia,C4174251,Deceased,4590,No,Not Applicable,Not Applicable,Atypical teratoid/rhabdoid tumor,"ATRT, NOS or NEC",CBTN,Cerebellum/Posterior Fossa,Not Applicable
The Children's Hospital of Philadelphia,C4190733,Initial CNS Tumor,1446,Yes,Spine,Not Applicable,Medulloblastoma,"Medulloblastoma, Group 4",OpenPedCan,Cerebellum/Posterior Fossa;Spine NOS;Ventricles,Not Applicable
The Children's Hospital of Philadelphia,C4190856,Initial CNS Tumor,6575,No,Not Applicable,Not Applicable,Medulloblastoma,"Medulloblastoma, SHH-activated and TP53-wildtype",CBTN,Cerebellum/Posterior Fossa,Not Applicable
The Children's Hospital of Philadelphia,C419553,Initial CNS Tumor,4854,No,Not Applicable,Not Applicable,Medulloblastoma,"Medulloblastoma, Group 4",OpenPedCan,Cerebellum/Posterior Fossa,Not Applicable
The Children's Hospital of Philadelphia,C419553,Second Malignancy,6590,No,Not Applicable,Not Applicable,Other,Not a primary CNS tumor,CBTN,Temporal Lobe,Not Applicable
The Children's Hospital of Philadelphia,C4261089,Initial CNS Tumor,4151,Yes,Brain,Not Applicable,Atypical teratoid/rhabdoid tumor,ATRT-MYC,CBTN,Brain Stem-Medulla;Brain Stem- Pons;Cerebellum/Posterior Fossa,Not Applicable
The Children's Hospital of Philadelphia,C4316685,Initial CNS Tumor,4000,No,Not Applicable,Not Applicable,Medulloblastoma,"Medulloblastoma, SHH-activated and TP53-wildtype",CBTN,Cerebellum/Posterior Fossa,Not Applicable
The Children's Hospital of Philadelphia,C432222,Initial CNS Tumor,495,No,Not Applicable,Not Applicable,Medulloblastoma,"Medulloblastoma, NOS or NEC",CBTN,Cerebellum/Posterior Fossa,Not Applicable
The Children's Hospital of Philadelphia,C4333905,Initial CNS Tumor,1502,No,Not Applicable,Not Applicable,Medulloblastoma,"Medulloblastoma, SHH-activated and TP53-wildtype",CBTN,Cerebellum/Posterior Fossa,Not Applicable
The Children's Hospital of Philadelphia,C4345713,Initial CNS Tumor,4442,No,Not Applicable,Not Applicable,Medulloblastoma,"Medulloblastoma, non-WNT/non-SHH",CBTN,Cerebellum/Posterior Fossa,Not Applicable
The Children's Hospital of Philadelphia,C44403,Initial CNS Tumor,1888,Yes,Spine,Not Applicable,Medulloblastoma,"Medulloblastoma, Group 3",OpenPedCan,Cerebellum/Posterior Fossa,Not Applicable
The Children's Hospital of Philadelphia,C4463301,Initial CNS Tumor,2043,Yes,Spine,Not Applicable,Medulloblastoma,"Medulloblastoma, Group 4",OpenPedCan,Cerebellum/Posterior Fossa;Ventricles,Not Applicable
The Children's Hospital of Philadelphia,C4463916,Initial CNS Tumor,580,No,Not Applicable,Not Applicable,Medulloblastoma,"Medulloblastoma, SHH-activated and TP53-wildtype",CBTN,Cerebellum/Posterior Fossa,Not Applicable
The Children's Hospital of Philadelphia,C4483473,Initial CNS Tumor,1017,No,Not Applicable,Not Applicable,Atypical teratoid/rhabdoid tumor,"ATRT, NOS or NEC",CBTN,Frontal Lobe,Not Applicable
The Children's Hospital of Philadelphia,C45141,Initial CNS Tumor,6676,No,Not Applicable,Not Applicable,Medulloblastoma,"Medulloblastoma, NOS or NEC",CBTN,Cerebellum/Posterior Fossa,Not Applicable
The Children's Hospital of Philadelphia,C45141,Recurrence,9799,Yes,Spine,Not Applicable,Medulloblastoma,"Medulloblastoma, NOS or NEC",CBTN,Cerebellum/Posterior Fossa; Spinal Cord- Cervical; Spinal Cord- Thoracic,Not Applicable
The Children's Hospital of Philadelphia,C45879,Initial CNS Tumor,265,No,Not Applicable,Not Applicable,Medulloblastoma,"Medulloblastoma, NOS or NEC",CBTN,Cerebellum/Posterior Fossa,Not Applicable
The Children's Hospital of Philadelphia,C466293,Initial CNS Tumor,383,No,Not Applicable,Not Applicable,Atypical teratoid/rhabdoid tumor,ATRT-MYC,OpenPedCan,Parietal Lobe;Temporal Lobe,Not Applicable
The Children's Hospital of Philadelphia,C466293,Recurrence,2082,No,Not Applicable,Not Applicable,Atypical teratoid/rhabdoid tumor,ATRT-MYC,CBTN,Parietal Lobe,Not Applicable
The Children's Hospital of Philadelphia,C466293,Recurrence,2364,Yes,Brain;Spine,Not Applicable,Atypical teratoid/rhabdoid tumor,ATRT-MYC,CBTN,Brain Stem- Pons; Spinal Cord- Cervical; Spinal Cord- Thoracic,Not Applicable
The Children's Hospital of Philadelphia,C466293,Deceased,2460,Yes,Brain;Spine,Not Applicable,Atypical teratoid/rhabdoid tumor,ATRT-MYC,CBTN,Brain Stem-Medulla; Brain Stem- Midbrain/Tectum; Brain Stem- Pons,Not Applicable
The Children's Hospital of Philadelphia,C48216,Initial CNS Tumor,2265,No,Not Applicable,Not Applicable,Medulloblastoma,"Medulloblastoma, Group 3",OpenPedCan,Cerebellum/Posterior Fossa,Not Applicable
The Children's Hospital of Philadelphia,C49077,Initial CNS Tumor,4535,No,Not Applicable,Not Applicable,Medulloblastoma,"Medulloblastoma, NOS or NEC",CBTN,Cerebellum/Posterior Fossa,Not Applicable
The Children's Hospital of Philadelphia,C49077,Recurrence,6032,Yes,Spine,Not Applicable,Medulloblastoma,"Medulloblastoma, Group 4",OpenPedCan,Cerebellum/Posterior Fossa; Spinal Cord- Lumbar/Thecal Sac,Not Applicable
The Children's Hospital of Philadelphia,C49077,Recurrence,6919,Yes,Spine,Not Applicable,Medulloblastoma,"Medulloblastoma, NOS or NEC",CBTN,Spinal Cord- Lumbar/Thecal Sac,Not Applicable
The Children's Hospital of Philadelphia,C49077,Progressive,7150,Yes,Leptomeningeal,Not Applicable,Medulloblastoma,"Medulloblastoma, NOS or NEC",CBTN,Spinal Cord- Lumbar/Thecal Sac,Not Applicable
The Children's Hospital of Philadelphia,C49077,Progressive,7640,Yes,Brain;Spine,Not Applicable,Medulloblastoma,"Medulloblastoma, NOS or NEC",CBTN,Cerebellum/Posterior Fossa; Spinal Cord- Lumbar/Thecal Sac,Not Applicable
The Children's Hospital of Philadelphia,C49077,Progressive,8091,Yes,Brain;Leptomeningeal;Spine,Not Applicable,Medulloblastoma,"Medulloblastoma, NOS or NEC",CBTN,Cerebellum/Posterior Fossa; Spinal Cord- Cervical; Spinal Cord- Lumbar/Thecal Sac; Spinal Cord- Thoracic,Not Applicable
The Children's Hospital of Philadelphia,C49077,Progressive,8152,Yes,Brain;Leptomeningeal;Spine,Not Applicable,Medulloblastoma,"Medulloblastoma, NOS or NEC",CBTN,Cerebellum/Posterior Fossa; Spinal Cord- Cervical; Spinal Cord- Lumbar/Thecal Sac; Spinal Cord- Thoracic,Not Applicable
The Children's Hospital of Philadelphia,C49077,Progressive,8236,Yes,Brain;Leptomeningeal;Spine,Not Applicable,Medulloblastoma,"Medulloblastoma, NOS or NEC",CBTN,Cerebellum/Posterior Fossa; Spinal Cord- Cervical; Spinal Cord- Lumbar/Thecal Sac; Spinal Cord- Thoracic,Not Applicable
The Children's Hospital of Philadelphia,C49077,Progressive,8557,Yes,Brain;Leptomeningeal;Spine,Not Applicable,Medulloblastoma,"Medulloblastoma, NOS or NEC",CBTN,Cerebellum/Posterior Fossa; Spinal Cord- Cervical; Spinal Cord- Lumbar/Thecal Sac; Spinal Cord- Thoracic,Not Applicable
The Children's Hospital of Philadelphia,C49077,Progressive,8839,Yes,Brain;Leptomeningeal;Spine,Not Applicable,Medulloblastoma,"Medulloblastoma, NOS or NEC",CBTN,Cerebellum/Posterior Fossa; Spinal Cord- Cervical; Spinal Cord- Lumbar/Thecal Sac; Spinal Cord- Thoracic,Not Applicable
The Children's Hospital of Philadelphia,C4964157,Progressive,1240,No,Not Applicable,Not Applicable,Atypical teratoid/rhabdoid tumor,"ATRT, NOS or NEC",CBTN,Other locations NOS,Left Orbital 
The Children's Hospital of Philadelphia,C4964157,Progressive,1247,No,Not Applicable,Not Applicable,Atypical teratoid/rhabdoid tumor,"ATRT, NOS or NEC",CBTN,Other locations NOS,Left Orbital 
The Children's Hospital of Philadelphia,C50184,Initial CNS Tumor,2404,No,Not Applicable,Not Applicable,Medulloblastoma,"Medulloblastoma, NOS or NEC",CBTN,Cerebellum/Posterior Fossa,Not Applicable
The Children's Hospital of Philadelphia,C50799,Initial CNS Tumor,3408,No,Not Applicable,Not Applicable,Medulloblastoma,"Medulloblastoma, Group 4",OpenPedCan,Cerebellum/Posterior Fossa,Not Applicable
The Children's Hospital of Philadelphia,C5136234,Initial CNS Tumor,5272,No,Not Applicable,Not Applicable,Medulloblastoma,"Medulloblastoma, Group 4",OpenPedCan,Cerebellum/Posterior Fossa;Ventricles,Not Applicable
The Children's Hospital of Philadelphia,C5136849,Initial CNS Tumor,6833,No,Not Applicable,Not Applicable,Medulloblastoma,"Medulloblastoma, SHH-activated and TP53-wildtype",CBTN,Cerebellum/Posterior Fossa,Not Applicable
The Children's Hospital of Philadelphia,C5137218,Initial CNS Tumor,1526,No,Not Applicable,Not Applicable,Medulloblastoma,"Medulloblastoma, Group 4",OpenPedCan,Cerebellum/Posterior Fossa,Not Applicable
The Children's Hospital of Philadelphia,C5137218,Recurrence,2105,No,Not Applicable,Not Applicable,Medulloblastoma,"Medulloblastoma, non-WNT/non-SHH",CBTN,Cerebellum/Posterior Fossa,Not Applicable
The Children's Hospital of Philadelphia,C528285,Initial CNS Tumor,4018,No,Not Applicable,Not Applicable,Medulloblastoma,"Medulloblastoma, NOS or NEC",CBTN,Cerebellum/Posterior Fossa,Not Applicable
The Children's Hospital of Philadelphia,C528285,Recurrence,4352,No,Not Applicable,Not Applicable,Medulloblastoma,"Medulloblastoma, NOS or NEC",CBTN,Cerebellum/Posterior Fossa,Not Applicable
The Children's Hospital of Philadelphia,C528285,Deceased,4383,Unavailable,Not Applicable,Not Applicable,Not Reported,Not Reported,CBTN,Not Applicable,Not Applicable
The Children's Hospital of Philadelphia,C52890,Initial CNS Tumor,4389,Yes,Brain;Leptomeningeal,Not Applicable,Medulloblastoma,"Medulloblastoma, Group 4",OpenPedCan,Cerebellum/Posterior Fossa;Meninges/Dura;Temporal Lobe,Not Applicable
The Children's Hospital of Philadelphia,C528900,Initial CNS Tumor,640,Yes,Leptomeningeal,Not Applicable,Medulloblastoma,"Medulloblastoma, NOS or NEC",CBTN,Ventricles,Not Applicable
The Children's Hospital of Philadelphia,C528900,Deceased,1126,Yes,Leptomeningeal,Not Applicable,Medulloblastoma,"Medulloblastoma, NOS or NEC",CBTN,Ventricles,Not Applicable
The Children's Hospital of Philadelphia,C529515,Initial CNS Tumor,790,No,Not Applicable,Not Applicable,Medulloblastoma,"Medulloblastoma, NOS or NEC",CBTN,Ventricles,Not Applicable
The Children's Hospital of Philadelphia,C529515,Deceased,1127,Unavailable,Not Applicable,Not Applicable,Medulloblastoma,"Medulloblastoma, NOS or NEC",CBTN,Ventricles,Not Applicable
The Children's Hospital of Philadelphia,C530007,Initial CNS Tumor,404,No,Not Applicable,Not Applicable,Medulloblastoma,"Medulloblastoma, NOS or NEC",CBTN,Cerebellum/Posterior Fossa,Not Applicable
The Children's Hospital of Philadelphia,C530622,Initial CNS Tumor,943,No,Not Applicable,Not Applicable,Medulloblastoma,"Medulloblastoma, NOS or NEC",CBTN,Cerebellum/Posterior Fossa,Not Applicable
The Children's Hospital of Philadelphia,C530622,Deceased,2162,Unavailable,Not Applicable,Not Applicable,Medulloblastoma,"Medulloblastoma, NOS or NEC",CBTN,Cerebellum/Posterior Fossa,Not Applicable
The Children's Hospital of Philadelphia,C531483,Initial CNS Tumor,759,Yes,Leptomeningeal;Spine,Not Applicable,Medulloblastoma,"Medulloblastoma, NOS or NEC",CBTN,Cerebellum/Posterior Fossa;Ventricles,Not Applicable
The Children's Hospital of Philadelphia,C531483,Deceased,1096,Yes,Leptomeningeal;Spine,Not Applicable,Medulloblastoma,"Medulloblastoma, NOS or NEC",CBTN,Cerebellum/Posterior Fossa,Not Applicable
The Children's Hospital of Philadelphia,C533082,Initial CNS Tumor,761,No,Not Applicable,Not Applicable,Medulloblastoma,"Medulloblastoma, NOS or NEC",CBTN,Cerebellum/Posterior Fossa,Not Applicable
The Children's Hospital of Philadelphia,C533082,Second Malignancy,5174,Unavailable,Not Applicable,Not Applicable,High-Grade Glioma,"Glioblastoma, IDH-wildtype",CBTN,Ventricles,Not Applicable
The Children's Hospital of Philadelphia,C533082,Deceased,5235,Yes,Brain;Leptomeningeal,Not Applicable,High-Grade Glioma,"Glioblastoma, IDH-wildtype",CBTN,Basal Ganglia; Cerebellum/Posterior Fossa; Occipital Lobe; Other locations NOS; Spine NOS; Temporal Lobe; Thalamus; Ventricles,Brain Stem
The Children's Hospital of Philadelphia,C533451,Deceased,976,No,Not Applicable,Not Applicable,Medulloblastoma,"Medulloblastoma, NOS or NEC",CBTN,Not Applicable,Not Applicable
The Children's Hospital of Philadelphia,C533451,Initial CNS Tumor,976,No,Not Applicable,Not Applicable,Medulloblastoma,"Medulloblastoma, NOS or NEC",CBTN,Cerebellum/Posterior Fossa;Ventricles,Not Applicable
The Children's Hospital of Philadelphia,C53628,Initial CNS Tumor,3542,No,Not Applicable,Not Applicable,Medulloblastoma,"Medulloblastoma, Group 4",OpenPedCan,Cerebellum/Posterior Fossa,Not Applicable
The Children's Hospital of Philadelphia,C537141,Initial CNS Tumor,4321,Yes,CSF,Not Applicable,Medulloblastoma,"Medulloblastoma, NOS or NEC",CBTN,Cerebellum/Posterior Fossa,Not Applicable
The Children's Hospital of Philadelphia,C537141,Deceased,4808,Yes,Other,"Subject has candida\nfungemia, metastatic to other regions of brain",Medulloblastoma,"Medulloblastoma, NOS or NEC",CBTN,Cerebellum/Posterior Fossa,Not Applicable
The Children's Hospital of Philadelphia,C540462,Initial CNS Tumor,444,No,Not Applicable,Not Applicable,Medulloblastoma,"Medulloblastoma, NOS or NEC",CBTN,Cerebellum/Posterior Fossa,Not Applicable
The Children's Hospital of Philadelphia,C540585,Initial CNS Tumor,1157,No,Not Applicable,Not Applicable,Medulloblastoma,"Medulloblastoma, NOS or NEC",CBTN,Cerebellum/Posterior Fossa;Ventricles;Skull,Not Applicable
The Children's Hospital of Philadelphia,C540585,Deceased,4048,No,Not Applicable,Not Applicable,Medulloblastoma,"Medulloblastoma, NOS or NEC",CBTN,Cerebellum/Posterior Fossa; Skull; Ventricles,Not Applicable
The Children's Hospital of Philadelphia,C542061,Progressive,,Yes,Spine,Not Applicable,Not Reported,Not Reported,CBTN,Temporal Lobe,Not Applicable
The Children's Hospital of Philadelphia,C542061,Recurrence,,Yes,Spine,Not Applicable,Medulloblastoma,"Medulloblastoma, NOS or NEC",CBTN,Temporal Lobe,Not Applicable
The Children's Hospital of Philadelphia,C542061,Unavailable,,Unavailable,Not Applicable,Not Applicable,Other CNS Embryonal tumors,"CNS embryonal tumor, NOS or NEC",CBTN,Other locations NOS,Unavailable
The Children's Hospital of Philadelphia,C542061,Unavailable,8309,Yes,Other,serosal fat of the colon,Medulloblastoma,"Medulloblastoma, NOS or NEC",CBTN,Other locations NOS,Abdomen
The Children's Hospital of Philadelphia,C542061,Deceased,10135,Unavailable,Not Applicable,Not Applicable,Not Reported,Not Reported,CBTN,Not Applicable,Not Applicable
The Children's Hospital of Philadelphia,C542307,Initial CNS Tumor,1682,No,Not Applicable,Not Applicable,Medulloblastoma,"Medulloblastoma, NOS or NEC",CBTN,Cerebellum/Posterior Fossa,Not Applicable
The Children's Hospital of Philadelphia,C542307,Recurrence,2536,No,Not Applicable,Not Applicable,Medulloblastoma,"Medulloblastoma, NOS or NEC",CBTN,Cerebellum/Posterior Fossa,Not Applicable
The Children's Hospital of Philadelphia,C542307,Second Malignancy,6169,Yes,Other,lymph nodes,Other,Not a primary CNS tumor,CBTN,Other locations NOS,Thyroid
The Children's Hospital of Philadelphia,C543045,Initial CNS Tumor,3712,No,Not Applicable,Not Applicable,Medulloblastoma,"Medulloblastoma, NOS or NEC",CBTN,Cerebellum/Posterior Fossa,Not Applicable
The Children's Hospital of Philadelphia,C54366,Initial CNS Tumor,2404,No,Not Applicable,Not Applicable,Medulloblastoma,"Medulloblastoma, NOS or NEC",CBTN,Cerebellum/Posterior Fossa,Not Applicable
The Children's Hospital of Philadelphia,C54366,Second Malignancy,8544,Yes,Brain;Leptomeningeal,Not Applicable,CNS Sarcoma,"CNS Sarcoma, NOS or NEC",CBTN,Meninges/Dura,Not Applicable
The Children's Hospital of Philadelphia,C54366,Recurrence,8583,Yes,Brain;Leptomeningeal,Not Applicable,CNS Sarcoma,"CNS Sarcoma, NOS or NEC",CBTN,Meninges/Dura,Not Applicable
The Children's Hospital of Philadelphia,C54366,Deceased,8887,Yes,Brain;Leptomeningeal,Not Applicable,CNS Sarcoma,"CNS Sarcoma, NOS or NEC",CBTN,Cerebellum/Posterior Fossa; Meninges/Dura,Not Applicable
The Children's Hospital of Philadelphia,C543906,Initial CNS Tumor,3561,No,Not Applicable,Not Applicable,Medulloblastoma,"Medulloblastoma, NOS or NEC",CBTN,Cerebellum/Posterior Fossa,Not Applicable
The Children's Hospital of Philadelphia,C547965,Initial CNS Tumor,1035,Yes,Spine,Not Applicable,Medulloblastoma,"Medulloblastoma, NOS or NEC",CBTN,Cerebellum/Posterior Fossa;Ventricles,Not Applicable
The Children's Hospital of Philadelphia,C547965,Progressive,1308,Unavailable,Not Applicable,Not Applicable,Medulloblastoma,"Medulloblastoma, NOS or NEC",CBTN,Ventricles,Not Applicable
The Children's Hospital of Philadelphia,C547965,Deceased,1431,Unavailable,Not Applicable,Not Applicable,Not Reported,Not Reported,CBTN,Not Applicable,Not Applicable
The Children's Hospital of Philadelphia,C548457,Recurrence,,Unavailable,Not Applicable,Not Applicable,Other CNS Embryonal tumors,"CNS embryonal tumor, NOS or NEC",CBTN,Cerebellum/Posterior Fossa,Not Applicable
The Children's Hospital of Philadelphia,C548457,Initial CNS Tumor,730,No,Not Applicable,Not Applicable,Medulloblastoma,"Medulloblastoma, NOS or NEC",CBTN,Cerebellum/Posterior Fossa,Not Applicable
The Children's Hospital of Philadelphia,C548457,Deceased,4565,Unavailable,Not Applicable,Not Applicable,Other CNS Embryonal tumors,"CNS embryonal tumor, NOS or NEC",CBTN,Cerebellum/Posterior Fossa,Not Applicable
The Children's Hospital of Philadelphia,C5489736,Initial CNS Tumor,79,Yes,Spine,Not Applicable,Atypical teratoid/rhabdoid tumor,ATRT-SHH,CBTN,Cerebellum/Posterior Fossa,Not Applicable
The Children's Hospital of Philadelphia,C5489736,Recurrence,279,Yes,Spine,Not Applicable,Atypical teratoid/rhabdoid tumor,ATRT-SHH,CBTN,Cerebellum/Posterior Fossa,Not Applicable
The Children's Hospital of Philadelphia,C5489736,Progressive,451,Yes,Brain;Spine,Not Applicable,Atypical teratoid/rhabdoid tumor,ATRT-SHH,CBTN,Cerebellum/Posterior Fossa,Not Applicable
The Children's Hospital of Philadelphia,C5489736,Deceased,513,Yes,Brain;Spine,Not Applicable,Atypical teratoid/rhabdoid tumor,ATRT-SHH,CBTN,Cerebellum/Posterior Fossa,Not Applicable
The Children's Hospital of Philadelphia,C5490105,Initial CNS Tumor,3361,No,Not Applicable,Not Applicable,Medulloblastoma,"Medulloblastoma, Group 4",OpenPedCan,Ventricles,Not Applicable
The Children's Hospital of Philadelphia,C5490228,Initial CNS Tumor,3399,No,Not Applicable,Not Applicable,Medulloblastoma,"Medulloblastoma, WNT-activated",CBTN,Cerebellum/Posterior Fossa,Not Applicable
The Children's Hospital of Philadelphia,C549441,Initial CNS Tumor,2495,No,Not Applicable,Not Applicable,Medulloblastoma,"Medulloblastoma, NOS or NEC",CBTN,Cerebellum/Posterior Fossa;Ventricles,Not Applicable
The Children's Hospital of Philadelphia,C549441,Recurrence,5478,Yes,Brain,Not Applicable,Medulloblastoma,"Medulloblastoma, NOS or NEC",CBTN,Occipital Lobe,Not Applicable
The Children's Hospital of Philadelphia,C549441,Deceased,6240,Yes,Brain,Not Applicable,Medulloblastoma,"Medulloblastoma, NOS or NEC",CBTN,Cerebellum/Posterior Fossa; Occipital Lobe,Not Applicable
The Children's Hospital of Philadelphia,C551040,Progressive,6270,Unavailable,Not Applicable,Not Applicable,Medulloblastoma,"Medulloblastoma, NOS or NEC",CBTN,Cerebellum/Posterior Fossa,Not Applicable
The Children's Hospital of Philadelphia,C551040,Deceased,6362,Unavailable,Not Applicable,Not Applicable,Not Reported,Not Reported,CBTN,Not Applicable,Not Applicable
The Children's Hospital of Philadelphia,C552762,Recurrence,2799,Yes,Leptomeningeal,Not Applicable,Medulloblastoma,"Medulloblastoma, NOS or NEC",CBTN,Cerebellum/Posterior Fossa,Not Applicable
The Children's Hospital of Philadelphia,C552762,Progressive,3987,Yes,Brain;Leptomeningeal;Spine,Not Applicable,Medulloblastoma,"Medulloblastoma, NOS or NEC",CBTN,Frontal Lobe; Temporal Lobe,Not Applicable
The Children's Hospital of Philadelphia,C552762,Deceased,4018,Yes,Brain;Leptomeningeal;Spine,Not Applicable,Medulloblastoma,"Medulloblastoma, NOS or NEC",CBTN,Frontal Lobe; Parietal Lobe,Not Applicable
The Children's Hospital of Philadelphia,C55350,Initial CNS Tumor,2574,No,Not Applicable,Not Applicable,Medulloblastoma,"Medulloblastoma, NOS or NEC",CBTN,Cerebellum/Posterior Fossa,Not Applicable
The Children's Hospital of Philadelphia,C55350,Recurrence,3616,No,Not Applicable,Not Applicable,Medulloblastoma,"Medulloblastoma, NOS or NEC",CBTN,Cerebellum/Posterior Fossa; Spinal Cord- Thoracic,Not Applicable
The Children's Hospital of Philadelphia,C55350,Deceased,4197,Unavailable,Not Applicable,Not Applicable,Medulloblastoma,"Medulloblastoma, NOS or NEC",CBTN,Cerebellum/Posterior Fossa; Spinal Cord- Thoracic,Not Applicable
The Children's Hospital of Philadelphia,C553500,Initial CNS Tumor,1036,No,Not Applicable,Not Applicable,Medulloblastoma,"Medulloblastoma, NOS or NEC",CBTN,Cerebellum/Posterior Fossa,Not Applicable
The Children's Hospital of Philadelphia,C554607,Initial CNS Tumor,1522,No,Not Applicable,Not Applicable,Medulloblastoma,"Medulloblastoma, NOS or NEC",CBTN,Ventricles,Not Applicable
The Children's Hospital of Philadelphia,C554607,Recurrence,2132,Unavailable,Not Applicable,Not Applicable,Medulloblastoma,"Medulloblastoma, NOS or NEC",CBTN,Cerebellum/Posterior Fossa,Not Applicable
The Children's Hospital of Philadelphia,C554607,Recurrence,2222,Yes,Spine,Not Applicable,Medulloblastoma,"Medulloblastoma, NOS or NEC",CBTN,Cerebellum/Posterior Fossa,Not Applicable
The Children's Hospital of Philadelphia,C554607,Progressive,2375,Yes,Leptomeningeal;Spine,Not Applicable,Medulloblastoma,"Medulloblastoma, NOS or NEC",CBTN,Cerebellum/Posterior Fossa,Not Applicable
The Children's Hospital of Philadelphia,C554607,Progressive,2497,Yes,Leptomeningeal;Spine,Not Applicable,Medulloblastoma,"Medulloblastoma, NOS or NEC",CBTN,Cerebellum/Posterior Fossa,Not Applicable
The Children's Hospital of Philadelphia,C554607,Deceased,2617,Yes,Leptomeningeal;Spine,Not Applicable,Medulloblastoma,"Medulloblastoma, NOS or NEC",CBTN,Cerebellum/Posterior Fossa,Not Applicable
The Children's Hospital of Philadelphia,C554607,Progressive,2617,Yes,Leptomeningeal;Spine,Not Applicable,Medulloblastoma,"Medulloblastoma, NOS or NEC",CBTN,Cerebellum/Posterior Fossa,Not Applicable
The Children's Hospital of Philadelphia,C557559,Initial CNS Tumor,4505,No,Not Applicable,Not Applicable,Medulloblastoma,"Medulloblastoma, NOS or NEC",CBTN,Frontal Lobe,Not Applicable
The Children's Hospital of Philadelphia,C557559,Unavailable,6881,Unavailable,Not Applicable,Not Applicable,High-Grade Glioma,"High-Grade Glioma, NOS or NEC",CBTN,Frontal Lobe; Temporal Lobe,Not Applicable
The Children's Hospital of Philadelphia,C557559,Deceased,7001,Unavailable,Not Applicable,Not Applicable,Not Reported,Not Reported,CBTN,Not Applicable,Not Applicable
The Children's Hospital of Philadelphia,C558051,Initial CNS Tumor,3349,No,Not Applicable,Not Applicable,Medulloblastoma,"Medulloblastoma, NOS or NEC",CBTN,Ventricles,Not Applicable
The Children's Hospital of Philadelphia,C558420,Initial CNS Tumor,2463,No,Not Applicable,Not Applicable,Medulloblastoma,"Medulloblastoma, NOS or NEC",CBTN,Ventricles,Not Applicable
The Children's Hospital of Philadelphia,C55965,Initial CNS Tumor,3987,No,Not Applicable,Not Applicable,Medulloblastoma,"Medulloblastoma, NOS or NEC",CBTN,Cerebellum/Posterior Fossa,Not Applicable
The Children's Hospital of Philadelphia,C55965,Recurrence,5022,Yes,Spine,Not Applicable,Medulloblastoma,"Medulloblastoma, NOS or NEC",CBTN,Cerebellum/Posterior Fossa; Spinal Cord- Thoracic,Not Applicable
The Children's Hospital of Philadelphia,C55965,Deceased,5571,Yes,Spine,Not Applicable,Medulloblastoma,"Medulloblastoma, NOS or NEC",CBTN,Cerebellum/Posterior Fossa; Spinal Cord- Thoracic,Not Applicable
The Children's Hospital of Philadelphia,C56088,Initial CNS Tumor,4869,No,Not Applicable,Not Applicable,Medulloblastoma,"Medulloblastoma, Group 4",OpenPedCan,Cerebellum/Posterior Fossa,Not Applicable
The Children's Hospital of Philadelphia,C56088,Recurrence,5617,Yes,Brain;CSF;Spine,Not Applicable,Medulloblastoma,"Medulloblastoma, NOS or NEC",CBTN,Cerebellum/Posterior Fossa,Not Applicable
The Children's Hospital of Philadelphia,C56088,Deceased,5659,Yes,Brain;CSF;Spine,Not Applicable,Medulloblastoma,"Medulloblastoma, NOS or NEC",CBTN,Cerebellum/Posterior Fossa,Not Applicable
The Children's Hospital of Philadelphia,C56211,Initial CNS Tumor,5235,Yes,Spine,Not Applicable,Medulloblastoma,"Medulloblastoma, Group 4",CBTN,Cerebellum/Posterior Fossa;Spinal Cord- Cervical,Not Applicable
The Children's Hospital of Philadelphia,C56211,Progressive,5278,Yes,Spine,Not Applicable,Medulloblastoma,"Medulloblastoma, Group 4",CBTN,Cerebellum/Posterior Fossa; Spinal Cord- Cervical,Not Applicable
The Children's Hospital of Philadelphia,C56211,Deceased,5482,Yes,Spine,Not Applicable,Medulloblastoma,"Medulloblastoma, Group 4",CBTN,Cerebellum/Posterior Fossa; Spinal Cord- Cervical,Not Applicable
The Children's Hospital of Philadelphia,C5623068,Initial CNS Tumor,809,No,Not Applicable,Not Applicable,Medulloblastoma,"Medulloblastoma, non-WNT/non-SHH",CBTN,Cerebellum/Posterior Fossa,Not Applicable
The Children's Hospital of Philadelphia,C5633277,Initial CNS Tumor,3357,No,Not Applicable,Not Applicable,Medulloblastoma,"Medulloblastoma, Group 4",OpenPedCan,Cerebellum/Posterior Fossa,Not Applicable
The Children's Hospital of Philadelphia,C563340,Initial CNS Tumor,458,No,Not Applicable,Not Applicable,Medulloblastoma,"Medulloblastoma, NOS or NEC",CBTN,Cerebellum/Posterior Fossa,Not Applicable
The Children's Hospital of Philadelphia,C563340,Deceased,1402,Unavailable,Not Applicable,Not Applicable,Medulloblastoma,"Medulloblastoma, NOS or NEC",CBTN,Cerebellum/Posterior Fossa,Not Applicable
The Children's Hospital of Philadelphia,C563586,Initial CNS Tumor,1155,No,Not Applicable,Not Applicable,Medulloblastoma,"Medulloblastoma, NOS or NEC",CBTN,Ventricles,Not Applicable
The Children's Hospital of Philadelphia,C563586,Deceased,1642,Yes,Leptomeningeal,Not Applicable,Medulloblastoma,"Medulloblastoma, NOS or NEC",CBTN,Ventricles,Not Applicable
The Children's Hospital of Philadelphia,C563709,Initial CNS Tumor,3834,No,Not Applicable,Not Applicable,Medulloblastoma,"Medulloblastoma, NOS or NEC",CBTN,Cerebellum/Posterior Fossa,Not Applicable
The Children's Hospital of Philadelphia,C563709,Second Malignancy,8919,No,Not Applicable,Not Applicable,Not Reported,Not Reported,CBTN,Temporal Lobe,Not Applicable
The Children's Hospital of Philadelphia,C563709,Deceased,11231,No,Not Applicable,Not Applicable,Not Reported,Not Reported,CBTN,Not Applicable,Not Applicable
The Children's Hospital of Philadelphia,C57564,Initial CNS Tumor,4288,No,Not Applicable,Not Applicable,Medulloblastoma,"Medulloblastoma, Group 4",CBTN,Cerebellum/Posterior Fossa,Not Applicable
The Children's Hospital of Philadelphia,C5801049,Initial CNS Tumor,126,Yes,Spine,Not Applicable,Medulloblastoma,"Medulloblastoma, NOS or NEC",CBTN,Cerebellum/Posterior Fossa,Not Applicable
The Children's Hospital of Philadelphia,C5801172,Initial CNS Tumor,1141,No,Not Applicable,Not Applicable,Medulloblastoma,"Medulloblastoma, non-WNT/non-SHH",CBTN,Cerebellum/Posterior Fossa,Not Applicable
The Children's Hospital of Philadelphia,C584619,Initial CNS Tumor,2327,No,Not Applicable,Not Applicable,Medulloblastoma,"Medulloblastoma, Group 4",OpenPedCan,Cerebellum/Posterior Fossa,Not Applicable
The Children's Hospital of Philadelphia,C58548,Initial CNS Tumor,4240,No,Not Applicable,Not Applicable,Medulloblastoma,"Medulloblastoma, NOS or NEC",CBTN,Cerebellum/Posterior Fossa,Not Applicable
The Children's Hospital of Philadelphia,C58917,Initial CNS Tumor,1575,No,Not Applicable,Not Applicable,Medulloblastoma,"Medulloblastoma, Group 3",OpenPedCan,Spinal Cord- Cervical;Spinal Cord- Thoracic;Cerebellum/Posterior Fossa;Spinal Cord- Lumbar/Thecal Sac,Not Applicable
The Children's Hospital of Philadelphia,C58917,Deceased,1664,Yes,CSF;Leptomeningeal,Not Applicable,Medulloblastoma,"Medulloblastoma, NOS or NEC",CBTN,Cerebellum/Posterior Fossa; Spinal Cord- Cervical; Spinal Cord- Lumbar/Thecal Sac; Spinal Cord- Thoracic,Not Applicable
The Children's Hospital of Philadelphia,C5964147,Initial CNS Tumor,2447,No,Not Applicable,Not Applicable,Medulloblastoma,"Medulloblastoma, WNT-activated",CBTN,Cerebellum/Posterior Fossa;Ventricles,Not Applicable
The Children's Hospital of Philadelphia,C59655,Initial CNS Tumor,2982,No,Not Applicable,Not Applicable,Atypical teratoid/rhabdoid tumor,ATRT-MYC,OpenPedCan,Parietal Lobe,Not Applicable
The Children's Hospital of Philadelphia,C59655,Recurrence,3552,No,Not Applicable,Not Applicable,Atypical teratoid/rhabdoid tumor,"ATRT, NOS or NEC",CBTN,Parietal Lobe,Not Applicable
The Children's Hospital of Philadelphia,C6002523,Initial CNS Tumor,2313,Yes,CSF,Not Applicable,Medulloblastoma,"Medulloblastoma, non-WNT/non-SHH",CBTN,Cerebellum/Posterior Fossa,Not Applicable
The Children's Hospital of Philadelphia,C6009411,Initial CNS Tumor,2390,Yes,Leptomeningeal,Not Applicable,Medulloblastoma,"Medulloblastoma, non-WNT/non-SHH",CBTN,Cerebellum/Posterior Fossa;Ventricles,Not Applicable
The Children's Hospital of Philadelphia,C607743,Initial CNS Tumor,738,Yes,CSF,Not Applicable,Atypical teratoid/rhabdoid tumor,ATRT-TYR,OpenPedCan,Spinal Cord- Cervical;Spinal Cord- Thoracic;Cerebellum/Posterior Fossa;Spinal Cord- Lumbar/Thecal Sac,Not Applicable
The Children's Hospital of Philadelphia,C607743,Progressive,755,Yes,Leptomeningeal;Spine,Not Applicable,Atypical teratoid/rhabdoid tumor,"ATRT, NOS or NEC",CBTN,Cerebellum/Posterior Fossa; Spinal Cord- Cervical; Spinal Cord- Lumbar/Thecal Sac; Spinal Cord- Thoracic,Not Applicable
The Children's Hospital of Philadelphia,C607743,Progressive,1121,Yes,Leptomeningeal;Spine,Not Applicable,Atypical teratoid/rhabdoid tumor,"ATRT, NOS or NEC",CBTN,Cerebellum/Posterior Fossa; Spinal Cord- Cervical; Spinal Cord- Lumbar/Thecal Sac; Spinal Cord- Thoracic,Not Applicable
The Children's Hospital of Philadelphia,C607743,Progressive,1143,Yes,Leptomeningeal;Spine,Not Applicable,Atypical teratoid/rhabdoid tumor,"ATRT, NOS or NEC",CBTN,Cerebellum/Posterior Fossa; Spinal Cord- Cervical; Spinal Cord- Lumbar/Thecal Sac; Spinal Cord- Thoracic,Not Applicable
The Children's Hospital of Philadelphia,C607743,Progressive,1202,Yes,Leptomeningeal;Spine,Not Applicable,Atypical teratoid/rhabdoid tumor,"ATRT, NOS or NEC",CBTN,Cerebellum/Posterior Fossa; Spinal Cord- Cervical; Spinal Cord- Lumbar/Thecal Sac; Spinal Cord- Thoracic,Not Applicable
The Children's Hospital of Philadelphia,C607743,Progressive,1948,No,Not Applicable,Not Applicable,Atypical teratoid/rhabdoid tumor,"ATRT, NOS or NEC",CBTN,Cerebellum/Posterior Fossa; Spinal Cord- Cervical; Spinal Cord- Lumbar/Thecal Sac; Spinal Cord- Thoracic,Not Applicable
The Children's Hospital of Philadelphia,C607743,Deceased,2050,Unavailable,Not Applicable,Not Applicable,Atypical teratoid/rhabdoid tumor,"ATRT, NOS or NEC",CBTN,Cerebellum/Posterior Fossa; Spinal Cord- Cervical; Spinal Cord- Lumbar/Thecal Sac; Spinal Cord- Thoracic,Not Applicable
The Children's Hospital of Philadelphia,C6109902,Initial CNS Tumor,1075,No,Not Applicable,Not Applicable,Medulloblastoma,"Medulloblastoma, WNT-activated",CBTN,Cerebellum/Posterior Fossa;Ventricles,Not Applicable
The Children's Hospital of Philadelphia,C6176814,Initial CNS Tumor,2813,No,Not Applicable,Not Applicable,Medulloblastoma,"Medulloblastoma, non-WNT/non-SHH",CBTN,Cerebellum/Posterior Fossa;Ventricles,Not Applicable
The Children's Hospital of Philadelphia,C6207441,Initial CNS Tumor,2774,No,Not Applicable,Not Applicable,Medulloblastoma,"Medulloblastoma, WNT-activated",CBTN,Cerebellum/Posterior Fossa;Ventricles,Not Applicable
The Children's Hospital of Philadelphia,C623979,Initial CNS Tumor,5119,No,Not Applicable,Not Applicable,Medulloblastoma,"Medulloblastoma, Group 4",OpenPedCan,Cerebellum/Posterior Fossa;Ventricles,Not Applicable
The Children's Hospital of Philadelphia,C623979,Recurrence,5436,Yes,Bone Marrow,Not Applicable,Medulloblastoma,"Medulloblastoma, NOS or NEC",CBTN,Other locations NOS,Bone Marrow
The Children's Hospital of Philadelphia,C623979,Deceased,5527,Yes,Bone Marrow,Not Applicable,Medulloblastoma,"Medulloblastoma, NOS or NEC",CBTN,Cerebellum/Posterior Fossa; Other locations NOS; Ventricles,bone marrow
The Children's Hospital of Philadelphia,C625086,Initial CNS Tumor,2637,No,Not Applicable,Not Applicable,Medulloblastoma,"Medulloblastoma, NOS or NEC",CBTN,Cerebellum/Posterior Fossa;Ventricles,Not Applicable
The Children's Hospital of Philadelphia,C625086,Recurrence,3479,Yes,Brain,Not Applicable,Medulloblastoma,"Medulloblastoma, NOS or NEC",CBTN,Ventricles,Not Applicable
The Children's Hospital of Philadelphia,C625086,Progressive,3800,Yes,Brain,Not Applicable,Medulloblastoma,"Medulloblastoma, NOS or NEC",CBTN,Cerebellum/Posterior Fossa; Ventricles,Not Applicable
The Children's Hospital of Philadelphia,C625086,Recurrence,5174,No,Not Applicable,Not Applicable,Medulloblastoma,"Medulloblastoma, NOS or NEC",CBTN,Cerebellum/Posterior Fossa; Ventricles,Not Applicable
The Children's Hospital of Philadelphia,C6254181,Initial CNS Tumor,4093,No,Not Applicable,Not Applicable,Medulloblastoma,"Medulloblastoma, Group 4",CBTN,Cerebellum/Posterior Fossa,Not Applicable
The Children's Hospital of Philadelphia,C626070,Initial CNS Tumor,291,Yes,Leptomeningeal;Other,Not Applicable,Atypical teratoid/rhabdoid tumor,ATRT-TYR,OpenPedCan,Meninges/Dura;Parietal Lobe;Spinal Cord- Thoracic;Ventricles;Spinal Cord- Cervical;Frontal Lobe;Spinal Cord- Lumbar/Thecal Sac;Temporal Lobe,Not Applicable
The Children's Hospital of Philadelphia,C626070,Progressive,535,Yes,Leptomeningeal;Other;Spine,Kidney,Atypical teratoid/rhabdoid tumor,ATRT-SHH,OpenPedCan,Basal Ganglia; Temporal Lobe,Not Applicable
The Children's Hospital of Philadelphia,C626070,Deceased,639,Unavailable,Not Applicable,Not Applicable,Atypical teratoid/rhabdoid tumor,"ATRT, NOS or NEC",CBTN,Frontal Lobe; Meninges/Dura; Parietal Lobe; Spinal Cord- Cervical; Spinal Cord- Lumbar/Thecal Sac; Spinal Cord- Thoracic; Temporal Lobe; Thalamus; Ventricles,Not Applicable
The Children's Hospital of Philadelphia,C626193,Initial CNS Tumor,170,No,Not Applicable,Not Applicable,Atypical teratoid/rhabdoid tumor,ATRT-SHH,OpenPedCan,Frontal Lobe;Parietal Lobe;Temporal Lobe,Not Applicable
The Children's Hospital of Philadelphia,C626193,Progressive,278,Yes,Spine,Not Applicable,Atypical teratoid/rhabdoid tumor,"ATRT, NOS or NEC",CBTN,Frontal Lobe; Parietal Lobe; Spinal Cord- Lumbar/Thecal Sac; Temporal Lobe,Not Applicable
The Children's Hospital of Philadelphia,C626193,Progressive,381,Yes,Leptomeningeal;Spine,Not Applicable,Atypical teratoid/rhabdoid tumor,"ATRT, NOS or NEC",CBTN,Frontal Lobe; Parietal Lobe; Spinal Cord- Lumbar/Thecal Sac; Temporal Lobe,Not Applicable
The Children's Hospital of Philadelphia,C626193,Deceased,532,Unavailable,Not Applicable,Not Applicable,Atypical teratoid/rhabdoid tumor,"ATRT, NOS or NEC",CBTN,Frontal Lobe; Parietal Lobe; Temporal Lobe,Not Applicable
The Children's Hospital of Philadelphia,C6476073,Initial CNS Tumor,4747,No,Not Applicable,Not Applicable,Medulloblastoma,"Medulloblastoma, Group 4",CBTN,Cerebellum/Posterior Fossa;Ventricles,Not Applicable
The Children's Hospital of Philadelphia,C6538311,Initial CNS Tumor,274,Yes,Brain;Leptomeningeal;Spine,Not Applicable,Atypical teratoid/rhabdoid tumor,ATRT-SHH,CBTN,Ventricles,Not Applicable
The Children's Hospital of Philadelphia,C6538311,Progressive,897,Yes,Brain;Leptomeningeal;Spine,Not Applicable,Atypical teratoid/rhabdoid tumor,ATRT-SHH,CBTN,Ventricles,Not Applicable
The Children's Hospital of Philadelphia,C6538311,Recurrence,2807,Yes,Brain,Not Applicable,Atypical teratoid/rhabdoid tumor,ATRT-SHH,CBTN,Cerebellum/Posterior Fossa,Not Applicable
The Children's Hospital of Philadelphia,C6538311,Deceased,2849,Yes,Brain,Not Applicable,Atypical teratoid/rhabdoid tumor,ATRT-SHH,CBTN,Cerebellum/Posterior Fossa,Not Applicable
The Children's Hospital of Philadelphia,C663708,Initial CNS Tumor,5688,No,Not Applicable,Not Applicable,Atypical teratoid/rhabdoid tumor,"ATRT, NOS or NEC",CBTN,Frontal Lobe,Not Applicable
The Children's Hospital of Philadelphia,C663708,Recurrence,6279,No,Not Applicable,Not Applicable,Atypical teratoid/rhabdoid tumor,"ATRT, NOS or NEC",CBTN,Frontal Lobe,Not Applicable
The Children's Hospital of Philadelphia,C663708,Recurrence,6368,Yes,Leptomeningeal,Not Applicable,Atypical teratoid/rhabdoid tumor,"ATRT, NOS or NEC",CBTN,Frontal Lobe,Not Applicable
The Children's Hospital of Philadelphia,C663708,Deceased,6394,Yes,Leptomeningeal,Not Applicable,Atypical teratoid/rhabdoid tumor,"ATRT, NOS or NEC",CBTN,Frontal Lobe,Not Applicable
The Children's Hospital of Philadelphia,C6735357,Initial CNS Tumor,5153,No,Not Applicable,Not Applicable,Medulloblastoma,"Medulloblastoma, Group 4",CBTN,Cerebellum/Posterior Fossa,Not Applicable
The Children's Hospital of Philadelphia,C6735357,Progressive,5430,Yes,Brain;Spine,Not Applicable,Medulloblastoma,"Medulloblastoma, Group 4",CBTN,Cerebellum/Posterior Fossa,Not Applicable
The Children's Hospital of Philadelphia,C67527,Initial CNS Tumor,3680,Yes,CSF,Not Applicable,Medulloblastoma,"Medulloblastoma, WNT-activated",OpenPedCan,Cerebellum/Posterior Fossa,Not Applicable
The Children's Hospital of Philadelphia,C6769797,Initial CNS Tumor,1710,No,Not Applicable,Not Applicable,Medulloblastoma,"Medulloblastoma, SHH-activated and TP53-wildtype",CBTN,Unavailable,Not Applicable
The Children's Hospital of Philadelphia,C6769797,Progressive,2047,Unavailable,Not Applicable,Not Applicable,Medulloblastoma,"Medulloblastoma, SHH-activated and TP53-wildtype",CBTN,Unavailable,Not Applicable
The Children's Hospital of Philadelphia,C68265,Initial CNS Tumor,2212,Yes,Leptomeningeal;Spine,Not Applicable,Medulloblastoma,"Medulloblastoma, Group 4",OpenPedCan,Spinal Cord- Cervical;Spinal Cord- Thoracic;Ventricles;Cerebellum/Posterior Fossa;Spinal Cord- Lumbar/Thecal Sac,Not Applicable
The Children's Hospital of Philadelphia,C6830682,Initial CNS Tumor,3671,No,Not Applicable,Not Applicable,Medulloblastoma,"Medulloblastoma, SHH-activated and TP53-mutant",CBTN,Cerebellum/Posterior Fossa,Not Applicable
The Children's Hospital of Philadelphia,C6854052,Initial CNS Tumor,756,No,Not Applicable,Not Applicable,Medulloblastoma,"Medulloblastoma, NOS or NEC",CBTN,Cerebellum/Posterior Fossa,Not Applicable
The Children's Hospital of Philadelphia,C6908049,Initial CNS Tumor,1097,Yes,CSF;Leptomeningeal;Spine,Not Applicable,Medulloblastoma,"Medulloblastoma, non-WNT/non-SHH",CBTN,Cerebellum/Posterior Fossa,Not Applicable
The Children's Hospital of Philadelphia,C6908049,Progressive,1490,Yes,Brain;Leptomeningeal;Spine,Not Applicable,Medulloblastoma,"Medulloblastoma, non-WNT/non-SHH",CBTN,Cerebellum/Posterior Fossa,Not Applicable
The Children's Hospital of Philadelphia,C6908049,Deceased,1704,Yes,Brain;Leptomeningeal;Spine,Not Applicable,Medulloblastoma,"Medulloblastoma, non-WNT/non-SHH",CBTN,Cerebellum/Posterior Fossa,Not Applicable
The Children's Hospital of Philadelphia,C692613,Initial CNS Tumor,3606,Yes,Brain,Not Applicable,Medulloblastoma,"Medulloblastoma, Group 4",OpenPedCan,Cerebellum/Posterior Fossa;Suprasellar/Hypothalamic/Pituitary,Not Applicable
The Children's Hospital of Philadelphia,C698517,Initial CNS Tumor,1484,Yes,Brain;Leptomeningeal;Spine,Not Applicable,Medulloblastoma,"Medulloblastoma, Group 3",OpenPedCan,Cerebellum/Posterior Fossa,Not Applicable
The Children's Hospital of Philadelphia,C698517,Progressive,1868,Yes,Brain;Leptomeningeal;Spine,Not Applicable,Medulloblastoma,"Medulloblastoma, non-WNT/non-SHH",CBTN,Cerebellum/Posterior Fossa,Not Applicable
The Children's Hospital of Philadelphia,C698517,Progressive,2078,Yes,Brain;Leptomeningeal;Spine,Not Applicable,Medulloblastoma,"Medulloblastoma, non-WNT/non-SHH",CBTN,Cerebellum/Posterior Fossa,Not Applicable
The Children's Hospital of Philadelphia,C698517,Deceased,2083,Yes,Brain;Leptomeningeal;Spine,Not Applicable,Medulloblastoma,"Medulloblastoma, Group 3",OpenPedCan,Cerebellum/Posterior Fossa; Meninges/Dura; Occipital Lobe; Parietal Lobe; Spinal Cord- Cervical; Spinal Cord- Thoracic,Not Applicable
The Children's Hospital of Philadelphia,C698640,Initial CNS Tumor,350,Yes,Brain,Not Applicable,Atypical teratoid/rhabdoid tumor,"ATRT, NOS or NEC",CBTN,Frontal Lobe;Temporal Lobe,Not Applicable
The Children's Hospital of Philadelphia,C698640,Progressive,364,Yes,Brain;Leptomeningeal;Spine,Not Applicable,Atypical teratoid/rhabdoid tumor,"ATRT, NOS or NEC",CBTN,Temporal Lobe,Not Applicable
The Children's Hospital of Philadelphia,C698640,Deceased,424,No,Not Applicable,Not Applicable,Atypical teratoid/rhabdoid tumor,"ATRT, NOS or NEC",CBTN,Temporal Lobe,Not Applicable
The Children's Hospital of Philadelphia,C701838,Initial CNS Tumor,3300,Yes,CSF;Leptomeningeal,Not Applicable,Medulloblastoma,"Medulloblastoma, non-WNT/non-SHH",CBTN,Cerebellum/Posterior Fossa,Not Applicable
The Children's Hospital of Philadelphia,C701838,Recurrence,3731,Yes,Leptomeningeal,Not Applicable,Medulloblastoma,"Medulloblastoma, non-WNT/non-SHH",CBTN,Cerebellum/Posterior Fossa,Not Applicable
The Children's Hospital of Philadelphia,C701838,Progressive,3951,Yes,Leptomeningeal,Not Applicable,Medulloblastoma,"Medulloblastoma, non-WNT/non-SHH",CBTN,Cerebellum/Posterior Fossa,Not Applicable
The Children's Hospital of Philadelphia,C701838,Progressive,3993,Yes,Brain;CSF;Leptomeningeal;Spine,Not Applicable,Medulloblastoma,"Medulloblastoma, non-WNT/non-SHH",CBTN,Cerebellum/Posterior Fossa; Spinal Cord- Cervical; Spinal Cord- Lumbar/Thecal Sac; Spinal Cord- Thoracic; Temporal Lobe; Thalamus,Not Applicable
The Children's Hospital of Philadelphia,C701838,Deceased,4271,Yes,Leptomeningeal,Not Applicable,Medulloblastoma,"Medulloblastoma, non-WNT/non-SHH",CBTN,Cerebellum/Posterior Fossa,Not Applicable
The Children's Hospital of Philadelphia,C7041012,Initial CNS Tumor,3497,No,Not Applicable,Not Applicable,Medulloblastoma,"Medulloblastoma, SHH-activated and TP53-mutant",CBTN,Cerebellum/Posterior Fossa,Not Applicable
The Children's Hospital of Philadelphia,C7218378,Initial CNS Tumor,922,Yes,Leptomeningeal;Other,Not Applicable,Medulloblastoma,"Medulloblastoma, NOS or NEC",CBTN,Cerebellum/Posterior Fossa,Not Applicable
The Children's Hospital of Philadelphia,C72570,Initial CNS Tumor,3557,Yes,Brain;Leptomeningeal;Spine,Not Applicable,Medulloblastoma,"Medulloblastoma, Group 4",OpenPedCan,Cerebellum/Posterior Fossa,Not Applicable
The Children's Hospital of Philadelphia,C72570,Recurrence,3962,No,Not Applicable,Not Applicable,Medulloblastoma,"Medulloblastoma, non-WNT/non-SHH",CBTN,Temporal Lobe,Not Applicable
The Children's Hospital of Philadelphia,C72570,Progressive,4082,No,Not Applicable,Not Applicable,Medulloblastoma,"Medulloblastoma, non-WNT/non-SHH",CBTN,Temporal Lobe,Not Applicable
The Children's Hospital of Philadelphia,C72570,Deceased,4180,Yes,CSF;Leptomeningeal,Not Applicable,Medulloblastoma,"Medulloblastoma, non-WNT/non-SHH",CBTN,Temporal Lobe,Not Applicable
The Children's Hospital of Philadelphia,C7351464,Initial CNS Tumor,2539,No,Not Applicable,Not Applicable,Medulloblastoma,"Medulloblastoma, non-WNT/non-SHH",CBTN,Cerebellum/Posterior Fossa,Not Applicable
The Children's Hospital of Philadelphia,C7351587,Initial CNS Tumor,530,No,Not Applicable,Not Applicable,Medulloblastoma,"Medulloblastoma, SHH-activated and TP53-wildtype",CBTN,Cerebellum/Posterior Fossa,Not Applicable
The Children's Hospital of Philadelphia,C740337,Initial CNS Tumor,1887,No,Not Applicable,Not Applicable,Medulloblastoma,"Medulloblastoma, NOS or NEC",CBTN,Cerebellum/Posterior Fossa,Not Applicable
The Children's Hospital of Philadelphia,C740337,Recurrence,2983,No,Not Applicable,Not Applicable,Medulloblastoma,"Medulloblastoma, NOS or NEC",CBTN,Brain Stem- Pons; Cerebellum/Posterior Fossa; Occipital Lobe,Not Applicable
The Children's Hospital of Philadelphia,C740337,Recurrence,3044,No,Not Applicable,Not Applicable,Medulloblastoma,"Medulloblastoma, NOS or NEC",CBTN,Brain Stem- Pons; Cerebellum/Posterior Fossa; Occipital Lobe,Not Applicable
The Children's Hospital of Philadelphia,C740337,Progressive,4430,Yes,Brain,Not Applicable,Medulloblastoma,"Medulloblastoma, NOS or NEC",CBTN,Brain Stem-Medulla; Brain Stem- Midbrain/Tectum; Brain Stem- Pons; Cerebellum/Posterior Fossa; Occipital Lobe,Not Applicable
The Children's Hospital of Philadelphia,C740337,Deceased,4459,Yes,Brain,Not Applicable,Medulloblastoma,"Medulloblastoma, NOS or NEC",CBTN,Brain Stem-Medulla; Brain Stem- Midbrain/Tectum; Brain Stem- Pons; Cerebellum/Posterior Fossa; Occipital Lobe,Not Applicable
The Children's Hospital of Philadelphia,C741198,Initial CNS Tumor,2100,No,Not Applicable,Not Applicable,Medulloblastoma,"Medulloblastoma, NOS or NEC",CBTN,Cerebellum/Posterior Fossa,Not Applicable
The Children's Hospital of Philadelphia,C7483812,Initial CNS Tumor,2534,No,Not Applicable,Not Applicable,Medulloblastoma,"Medulloblastoma, non-WNT/non-SHH",CBTN,Cerebellum/Posterior Fossa,Not Applicable
The Children's Hospital of Philadelphia,C752883,Initial CNS Tumor,4230,No,Not Applicable,Not Applicable,Medulloblastoma,"Medulloblastoma, NOS or NEC",CBTN,Cerebellum/Posterior Fossa,Not Applicable
The Children's Hospital of Philadelphia,C752883,Second Malignancy,11609,Unavailable,Not Applicable,Not Applicable,Other,Anaplastic Meningioma,CBTN,Parietal Lobe,Not Applicable
The Children's Hospital of Philadelphia,C752883,Second Malignancy,11707,No,Not Applicable,Not Applicable,Other,Meningioma,CBTN,Frontal Lobe,Not Applicable
The Children's Hospital of Philadelphia,C75399,Initial CNS Tumor,5620,No,Not Applicable,Not Applicable,Medulloblastoma,"Medulloblastoma, Group 4",CBTN,Cerebellum/Posterior Fossa,Not Applicable
The Children's Hospital of Philadelphia,C75399,Recurrence,6018,Yes,Leptomeningeal;Spine,Not Applicable,Medulloblastoma,"Medulloblastoma, Group 4",CBTN,Cerebellum/Posterior Fossa,Not Applicable
The Children's Hospital of Philadelphia,C75399,Deceased,6200,Yes,Leptomeningeal;Spine,Not Applicable,Medulloblastoma,"Medulloblastoma, Group 4",CBTN,Cerebellum/Posterior Fossa,Not Applicable
The Children's Hospital of Philadelphia,C7542975,Initial CNS Tumor,2935,Yes,Spine,Not Applicable,Medulloblastoma,"Medulloblastoma, non-WNT/non-SHH",CBTN,Ventricles,Not Applicable
The Children's Hospital of Philadelphia,C760017,Initial CNS Tumor,110,Yes,Leptomeningeal,Not Applicable,Medulloblastoma,"Medulloblastoma, SHH-activated and TP53-wildtype",CBTN,Cerebellum/Posterior Fossa,Not Applicable
The Children's Hospital of Philadelphia,C76875,Initial CNS Tumor,3651,Yes,Leptomeningeal,Not Applicable,Medulloblastoma,"Medulloblastoma, Group 4",OpenPedCan,Cerebellum/Posterior Fossa,Not Applicable
The Children's Hospital of Philadelphia,C7726245,Initial CNS Tumor,3789,No,Not Applicable,Not Applicable,Medulloblastoma,"Medulloblastoma, WNT-activated",CBTN,Cerebellum/Posterior Fossa,Not Applicable
The Children's Hospital of Philadelphia,C7785162,Initial CNS Tumor,1256,Yes,Leptomeningeal,Not Applicable,Medulloblastoma,"Medulloblastoma, Group 4",CBTN,Cerebellum/Posterior Fossa,Not Applicable
The Children's Hospital of Philadelphia,C794457,Initial CNS Tumor,2696,No,Not Applicable,Not Applicable,Medulloblastoma,"Medulloblastoma, WNT-activated",CBTN,Ventricles,Not Applicable
The Children's Hospital of Philadelphia,C794457,Second Malignancy,3912,No,Not Applicable,Not Applicable,Other,Not a primary CNS tumor,CBTN,Meninges/Dura,Not Applicable
The Children's Hospital of Philadelphia,C794457,Recurrence,4403,No,Not Applicable,Not Applicable,Other,Not a primary CNS tumor,CBTN,Meninges/Dura,Not Applicable
The Children's Hospital of Philadelphia,C794457,Recurrence,4737,No,Not Applicable,Not Applicable,Other,Not a primary CNS tumor,CBTN,Meninges/Dura,Not Applicable
The Children's Hospital of Philadelphia,C798270,Initial CNS Tumor,1846,No,Not Applicable,Not Applicable,Medulloblastoma,"Medulloblastoma, WNT-activated",CBTN,Ventricles,Not Applicable
The Children's Hospital of Philadelphia,C8013204,Initial CNS Tumor,4501,No,Not Applicable,Not Applicable,Atypical teratoid/rhabdoid tumor,"ATRT, NOS or NEC",CBTN,Frontal Lobe;Parietal Lobe,Not Applicable
The Children's Hospital of Philadelphia,C8104470,Initial CNS Tumor,4598,No,Not Applicable,Not Applicable,Medulloblastoma,"Medulloblastoma, SHH-activated and TP53-wildtype",CBTN,Cerebellum/Posterior Fossa,Not Applicable
The Children's Hospital of Philadelphia,C8146167,Initial CNS Tumor,1808,No,Not Applicable,Not Applicable,Medulloblastoma,"Medulloblastoma, non-WNT/non-SHH",CBTN,Cerebellum/Posterior Fossa,Not Applicable
The Children's Hospital of Philadelphia,C81918,Initial CNS Tumor,1171,Yes,Brain;Leptomeningeal,Not Applicable,Medulloblastoma,"Medulloblastoma, Group 3",OpenPedCan,Cerebellum/Posterior Fossa,Not Applicable
The Children's Hospital of Philadelphia,C81918,Progressive,1364,Yes,Brain;Leptomeningeal;Spine,Not Applicable,Medulloblastoma,"Medulloblastoma, non-WNT/non-SHH",CBTN,Cerebellum/Posterior Fossa,Not Applicable
The Children's Hospital of Philadelphia,C81918,Progressive,1510,Yes,Brain;Leptomeningeal;Spine,Not Applicable,Medulloblastoma,"Medulloblastoma, non-WNT/non-SHH",CBTN,Cerebellum/Posterior Fossa,Not Applicable
The Children's Hospital of Philadelphia,C81918,Progressive,1536,Yes,Brain;Leptomeningeal;Spine,Not Applicable,Medulloblastoma,"Medulloblastoma, non-WNT/non-SHH",CBTN,Cerebellum/Posterior Fossa,Not Applicable
The Children's Hospital of Philadelphia,C81918,Deceased,1542,Yes,Brain;Leptomeningeal;Spine,Not Applicable,Medulloblastoma,"Medulloblastoma, non-WNT/non-SHH",CBTN,Cerebellum/Posterior Fossa,Not Applicable
The Children's Hospital of Philadelphia,C82164,Initial CNS Tumor,1923,No,Not Applicable,Not Applicable,Atypical teratoid/rhabdoid tumor,"ATRT, NOS or NEC",CBTN,Cerebellum/Posterior Fossa;Other locations NOS,Not Applicable
The Children's Hospital of Philadelphia,C82164,Progressive,1936,No,Not Applicable,Not Applicable,Atypical teratoid/rhabdoid tumor,ATRT-MYC,OpenPedCan,Cerebellum/Posterior Fossa; Other locations NOS,Extension to sinus cavity
The Children's Hospital of Philadelphia,C8219967,Initial CNS Tumor,1548,No,Not Applicable,Not Applicable,Medulloblastoma,"Medulloblastoma, Group 3",CBTN,Cerebellum/Posterior Fossa;Ventricles,Not Applicable
The Children's Hospital of Philadelphia,C83517,Initial CNS Tumor,3671,No,Not Applicable,Not Applicable,Medulloblastoma,"Medulloblastoma, NOS or NEC",CBTN,Cerebellum/Posterior Fossa,Not Applicable
The Children's Hospital of Philadelphia,C83517,Recurrence,4402,No,Not Applicable,Not Applicable,Medulloblastoma,"Medulloblastoma, NOS or NEC",CBTN,Cerebellum/Posterior Fossa,Not Applicable
The Children's Hospital of Philadelphia,C8361663,Initial CNS Tumor,7195,No,Not Applicable,Not Applicable,Medulloblastoma,"Medulloblastoma, SHH-activated and TP53-mutant",CBTN,Cerebellum/Posterior Fossa,Not Applicable
The Children's Hospital of Philadelphia,C8361663,Second Malignancy,9063,No,Not Applicable,Not Applicable,High-Grade Glioma,"Diffuse pediatric-type high-grade glioma, H3-wildtype and IDH-wildtype",CBTN,Cerebellum/Posterior Fossa,Not Applicable
The Children's Hospital of Philadelphia,C8474331,Initial CNS Tumor,1510,No,Not Applicable,Not Applicable,Atypical teratoid/rhabdoid tumor,ATRT-MYC,CBTN,Frontal Lobe,Not Applicable
The Children's Hospital of Philadelphia,C8474331,Recurrence,1693,Yes,Brain,Not Applicable,Atypical teratoid/rhabdoid tumor,ATRT-MYC,CBTN,Frontal Lobe,Not Applicable
The Children's Hospital of Philadelphia,C84747,Initial CNS Tumor,5075,No,Not Applicable,Not Applicable,Medulloblastoma,"Medulloblastoma, Group 4",OpenPedCan,Cerebellum/Posterior Fossa,Not Applicable
The Children's Hospital of Philadelphia,C84747,Recurrence,6483,No,Not Applicable,Not Applicable,Medulloblastoma,"Medulloblastoma, NOS or NEC",CBTN,Cerebellum/Posterior Fossa,Not Applicable
The Children's Hospital of Philadelphia,C84747,Progressive,6727,Yes,CSF,Not Applicable,Medulloblastoma,"Medulloblastoma, NOS or NEC",CBTN,Cerebellum/Posterior Fossa,Not Applicable
The Children's Hospital of Philadelphia,C84747,Recurrence,7176,Yes,CSF,Not Applicable,Medulloblastoma,"Medulloblastoma, NOS or NEC",CBTN,Cerebellum/Posterior Fossa,Not Applicable
The Children's Hospital of Philadelphia,C84747,Progressive,7279,No,Not Applicable,Not Applicable,Medulloblastoma,"Medulloblastoma, NOS or NEC",CBTN,Cerebellum/Posterior Fossa,Not Applicable
The Children's Hospital of Philadelphia,C84747,Progressive,7398,No,Not Applicable,Not Applicable,Medulloblastoma,"Medulloblastoma, Group 4",OpenPedCan,Cerebellum/Posterior Fossa,Not Applicable
The Children's Hospital of Philadelphia,C84747,Progressive,7521,Yes,Brain;Spine,Not Applicable,Medulloblastoma,"Medulloblastoma, NOS or NEC",CBTN,Cerebellum/Posterior Fossa,Not Applicable
The Children's Hospital of Philadelphia,C84747,Recurrence,8009,Yes,Brain;Spine,Not Applicable,Medulloblastoma,"Medulloblastoma, NOS or NEC",CBTN,Cerebellum/Posterior Fossa,Not Applicable
The Children's Hospital of Philadelphia,C84747,Progressive,8204,Yes,Brain;Leptomeningeal;Spine,Not Applicable,Medulloblastoma,"Medulloblastoma, NOS or NEC",CBTN,Cerebellum/Posterior Fossa,Not Applicable
The Children's Hospital of Philadelphia,C84747,Deceased,8398,Yes,Brain;Leptomeningeal;Spine,Not Applicable,Medulloblastoma,"Medulloblastoma, NOS or NEC",CBTN,Cerebellum/Posterior Fossa,Not Applicable
The Children's Hospital of Philadelphia,C850914,Deceased,-1,Unavailable,Not Applicable,Not Applicable,Not Reported,Not Reported,CBTN,Not Applicable,Not Applicable
The Children's Hospital of Philadelphia,C850914,Unavailable,6118,Unavailable,Not Applicable,Not Applicable,Medulloblastoma,"Medulloblastoma, NOS or NEC",CBTN,Cerebellum/Posterior Fossa,Not Applicable
The Children's Hospital of Philadelphia,C851283,Deceased,-1,Unavailable,Not Applicable,Not Applicable,Not Reported,Not Reported,CBTN,Not Applicable,Not Applicable
The Children's Hospital of Philadelphia,C851283,Initial CNS Tumor,486,No,Not Applicable,Not Applicable,Medulloblastoma,"Medulloblastoma, NOS or NEC",CBTN,Cerebellum/Posterior Fossa,Not Applicable
The Children's Hospital of Philadelphia,C851283,Recurrence,730,Yes,CSF;Leptomeningeal,Not Applicable,Medulloblastoma,"Medulloblastoma, NOS or NEC",CBTN,Cerebellum/Posterior Fossa,Not Applicable
The Children's Hospital of Philadelphia,C851406,Initial CNS Tumor,4716,No,Not Applicable,Not Applicable,Medulloblastoma,"Medulloblastoma, NOS or NEC",CBTN,Cerebellum/Posterior Fossa,Not Applicable
The Children's Hospital of Philadelphia,C8516766,Initial CNS Tumor,4270,No,Not Applicable,Not Applicable,Medulloblastoma,"Medulloblastoma, WNT-activated",CBTN,Cerebellum/Posterior Fossa,Not Applicable
The Children's Hospital of Philadelphia,C854112,Initial CNS Tumor,245,No,Not Applicable,Not Applicable,Atypical teratoid/rhabdoid tumor,"ATRT, NOS or NEC",CBTN,Parietal Lobe,Not Applicable
The Children's Hospital of Philadelphia,C854112,Recurrence,610,No,Not Applicable,Not Applicable,Atypical teratoid/rhabdoid tumor,"ATRT, NOS or NEC",CBTN,Parietal Lobe,Not Applicable
The Children's Hospital of Philadelphia,C854112,Recurrence,1219,No,Not Applicable,Not Applicable,Atypical teratoid/rhabdoid tumor,"ATRT, NOS or NEC",CBTN,Parietal Lobe,Not Applicable
The Children's Hospital of Philadelphia,C854112,Progressive,1341,No,Not Applicable,Not Applicable,Atypical teratoid/rhabdoid tumor,"ATRT, NOS or NEC",CBTN,Parietal Lobe,Not Applicable
The Children's Hospital of Philadelphia,C854112,Progressive,1887,No,Not Applicable,Not Applicable,Atypical teratoid/rhabdoid tumor,"ATRT, NOS or NEC",CBTN,Parietal Lobe,Not Applicable
The Children's Hospital of Philadelphia,C854112,Progressive,1979,No,Not Applicable,Not Applicable,Atypical teratoid/rhabdoid tumor,"ATRT, NOS or NEC",CBTN,Parietal Lobe,Not Applicable
The Children's Hospital of Philadelphia,C854112,Progressive,2223,Yes,Leptomeningeal,Not Applicable,Atypical teratoid/rhabdoid tumor,"ATRT, NOS or NEC",CBTN,Parietal Lobe,Not Applicable
The Children's Hospital of Philadelphia,C854112,Deceased,2437,Yes,Leptomeningeal,Not Applicable,Atypical teratoid/rhabdoid tumor,"ATRT, NOS or NEC",CBTN,Parietal Lobe,Not Applicable
The Children's Hospital of Philadelphia,C85854,Initial CNS Tumor,826,No,Not Applicable,Not Applicable,Atypical teratoid/rhabdoid tumor,ATRT-SHH,OpenPedCan,Cerebellum/Posterior Fossa,Not Applicable
The Children's Hospital of Philadelphia,C85854,Recurrence,999,Yes,Spine,Not Applicable,Atypical teratoid/rhabdoid tumor,"ATRT, NOS or NEC",CBTN,Cerebellum/Posterior Fossa,Not Applicable
The Children's Hospital of Philadelphia,C85854,Deceased,1098,Yes,Spine,Not Applicable,Atypical teratoid/rhabdoid tumor,"ATRT, NOS or NEC",CBTN,Cerebellum/Posterior Fossa,Not Applicable
The Children's Hospital of Philadelphia,C8607048,Initial CNS Tumor,2876,No,Not Applicable,Not Applicable,Medulloblastoma,"Medulloblastoma, WNT-activated",CBTN,Cerebellum/Posterior Fossa,Not Applicable
The Children's Hospital of Philadelphia,C8659569,Initial CNS Tumor,1821,No,Not Applicable,Not Applicable,Medulloblastoma,"Medulloblastoma, Group 4",CBTN,Cerebellum/Posterior Fossa,Not Applicable
The Children's Hospital of Philadelphia,C8660430,Initial CNS Tumor,2655,No,Not Applicable,Not Applicable,Atypical teratoid/rhabdoid tumor,ATRT-SHH,CBTN,Frontal Lobe,Not Applicable
The Children's Hospital of Philadelphia,C876375,Initial CNS Tumor,5,Yes,Brain;Other,Not Applicable,Atypical teratoid/rhabdoid tumor,"ATRT, NOS or NEC",CBTN,Brain Stem-Medulla;Other locations NOS;Pineal Gland,Not Applicable
The Children's Hospital of Philadelphia,C876375,Progressive,128,Yes,Brain,Not Applicable,Atypical teratoid/rhabdoid tumor,"ATRT, NOS or NEC",CBTN,Cerebellum/Posterior Fossa; Frontal Lobe; Ventricles,Not Applicable
The Children's Hospital of Philadelphia,C876375,Progressive,185,Yes,Brain;Leptomeningeal;Other,"Kidney, Chest",Atypical teratoid/rhabdoid tumor,"ATRT, NOS or NEC",CBTN,Cerebellum/Posterior Fossa; Frontal Lobe; Ventricles,Not Applicable
The Children's Hospital of Philadelphia,C876375,Deceased,266,Yes,Leptomeningeal;Other,"Kidney, Chest",Atypical teratoid/rhabdoid tumor,"ATRT, NOS or NEC",CBTN,Cerebellum/Posterior Fossa; Frontal Lobe; Other locations NOS; Ventricles,Not Applicable
The Children's Hospital of Philadelphia,C8776050,Initial CNS Tumor,1982,Yes,Spine,Not Applicable,Medulloblastoma,"Medulloblastoma, Group 3",CBTN,Cerebellum/Posterior Fossa,Not Applicable
The Children's Hospital of Philadelphia,C880803,Initial CNS Tumor,343,Yes,Brain;Leptomeningeal;Spine,Not Applicable,Atypical teratoid/rhabdoid tumor,ATRT-SHH,OpenPedCan,Suprasellar/Hypothalamic/Pituitary,Not Applicable
The Children's Hospital of Philadelphia,C880803,Progressive,484,Yes,Leptomeningeal,Not Applicable,Atypical teratoid/rhabdoid tumor,"ATRT, NOS or NEC",CBTN,Suprasellar/Hypothalamic/Pituitary,Not Applicable
The Children's Hospital of Philadelphia,C880803,Deceased,531,Yes,Leptomeningeal,Not Applicable,Atypical teratoid/rhabdoid tumor,ATRT-SHH,OpenPedCan,Suprasellar/Hypothalamic/Pituitary,Not Applicable
The Children's Hospital of Philadelphia,C914505,Initial CNS Tumor,4170,Yes,Leptomeningeal,Not Applicable,Medulloblastoma,"Medulloblastoma, Group 3",OpenPedCan,Cerebellum/Posterior Fossa;Meninges/Dura,Not Applicable
The Children's Hospital of Philadelphia,C914505,Progressive,4208,Yes,Brain;Leptomeningeal,Not Applicable,Medulloblastoma,"Medulloblastoma, non-WNT/non-SHH",CBTN,Cerebellum/Posterior Fossa; Meninges/Dura,Not Applicable
The Children's Hospital of Philadelphia,C914505,Progressive,4547,Yes,Leptomeningeal,Not Applicable,Medulloblastoma,"Medulloblastoma, NOS or NEC",CBTN,Cerebellum/Posterior Fossa,Not Applicable
The Children's Hospital of Philadelphia,C914505,Progressive,4720,Yes,Brain;Leptomeningeal,Not Applicable,Medulloblastoma,"Medulloblastoma, NOS or NEC",CBTN,Cerebellum/Posterior Fossa,Not Applicable
The Children's Hospital of Philadelphia,C914505,Progressive,4864,Yes,Brain;Leptomeningeal,Not Applicable,Medulloblastoma,"Medulloblastoma, Group 3",OpenPedCan,Cerebellum/Posterior Fossa; Ventricles,Not Applicable
The Children's Hospital of Philadelphia,C914505,Progressive,4911,Yes,Brain;Leptomeningeal,Not Applicable,Medulloblastoma,"Medulloblastoma, NOS or NEC",CBTN,Cerebellum/Posterior Fossa,Not Applicable
The Children's Hospital of Philadelphia,C914505,Deceased,4994,Yes,Brain;Leptomeningeal,Not Applicable,Medulloblastoma,"Medulloblastoma, NOS or NEC",CBTN,Cerebellum/Posterior Fossa,Not Applicable
The Children's Hospital of Philadelphia,C964566,Initial CNS Tumor,2841,Yes,CSF,Not Applicable,Atypical teratoid/rhabdoid tumor,ATRT-MYC,OpenPedCan,Cerebellum/Posterior Fossa,Not Applicable
The Children's Hospital of Philadelphia,C964566,Unavailable,3456,No,Not Applicable,Not Applicable,Other,Not a primary CNS tumor,CBTN,Other locations NOS; Skull,Clivus
The Children's Hospital of Philadelphia,C972438,Initial CNS Tumor,2050,No,Not Applicable,Not Applicable,Medulloblastoma,"Medulloblastoma, Group 4",OpenPedCan,Cerebellum/Posterior Fossa;Ventricles,Not Applicable
The Children's Hospital of Philadelphia,C972438,Recurrence,2860,No,Not Applicable,Not Applicable,Medulloblastoma,"Medulloblastoma, Group 3",OpenPedCan,Ventricles,Not Applicable
The Children's Hospital of Philadelphia,C972438,Progressive,3091,Yes,Leptomeningeal,Not Applicable,Medulloblastoma,"Medulloblastoma, NOS or NEC",CBTN,Cerebellum/Posterior Fossa; Ventricles,Not Applicable
The Children's Hospital of Philadelphia,C972438,Deceased,3189,Yes,Brain;Leptomeningeal;Other,widely metastatic disease supra- and infratentorial,Medulloblastoma,"Medulloblastoma, NOS or NEC",CBTN,Cerebellum/Posterior Fossa; Ventricles,Not Applicable
The Children's Hospital of Philadelphia,C973545,Initial CNS Tumor,2031,No,Not Applicable,Not Applicable,Medulloblastoma,"Medulloblastoma, Group 3",OpenPedCan,Cerebellum/Posterior Fossa;Ventricles,Not Applicable
The Children's Hospital of Philadelphia,C973545,Recurrence,2485,Yes,Leptomeningeal,Not Applicable,Medulloblastoma,"Medulloblastoma, non-WNT/non-SHH",CBTN,Cerebellum/Posterior Fossa,Not Applicable
The Children's Hospital of Philadelphia,C973545,Recurrence,2776,Yes,Leptomeningeal,Not Applicable,Medulloblastoma,"Medulloblastoma, non-WNT/non-SHH",CBTN,Cerebellum/Posterior Fossa,Not Applicable
The Children's Hospital of Philadelphia,C973545,Progressive,2955,No,Not Applicable,Not Applicable,Medulloblastoma,"Medulloblastoma, non-WNT/non-SHH",CBTN,Cerebellum/Posterior Fossa,Not Applicable
The Children's Hospital of Philadelphia,C973545,Progressive,3031,No,Not Applicable,Not Applicable,Medulloblastoma,"Medulloblastoma, non-WNT/non-SHH",CBTN,Cerebellum/Posterior Fossa,Not Applicable
The Children's Hospital of Philadelphia,C973545,Deceased,3348,Unavailable,Not Applicable,Not Applicable,Medulloblastoma,"Medulloblastoma, non-WNT/non-SHH",CBTN,Cerebellum/Posterior Fossa,Not Applicable
The Children's Hospital of Philadelphia,C974652,Initial CNS Tumor,1564,No,Not Applicable,Not Applicable,Atypical teratoid/rhabdoid tumor,"ATRT, NOS or NEC",CBTN,Cerebellum/Posterior Fossa,Not Applicable
The Children's Hospital of Philadelphia,C974652,Recurrence,2304,Yes,Spine,Not Applicable,Atypical teratoid/rhabdoid tumor,"ATRT, NOS or NEC",CBTN,Cerebellum/Posterior Fossa; Spinal Cord- Lumbar/Thecal Sac,Not Applicable
The Children's Hospital of Philadelphia,C974652,Progressive,2743,Yes,Spine,Not Applicable,Atypical teratoid/rhabdoid tumor,"ATRT, NOS or NEC",CBTN,Spinal Cord- Lumbar/Thecal Sac; Spinal Cord- Thoracic,Not Applicable
The Children's Hospital of Philadelphia,C974652,Second Malignancy,3024,No,Not Applicable,Not Applicable,Other,Specify,CBTN,Other locations NOS,Periventricular white matter
The Children's Hospital of Philadelphia,C974652,Progressive,3289,Yes,Spine,Not Applicable,Atypical teratoid/rhabdoid tumor,ATRT-SHH,OpenPedCan,Temporal Lobe,Not Applicable
The Children's Hospital of Philadelphia,C974652,Progressive,3482,Yes,Leptomeningeal;Spine,Not Applicable,Atypical teratoid/rhabdoid tumor,"ATRT, NOS or NEC",CBTN,Cerebellum/Posterior Fossa; Other locations NOS; Temporal Lobe,left perimesencephalic cistern extending into the left trigeminal nerve
The Children's Hospital of Philadelphia,C974652,Deceased,3562,Yes,Leptomeningeal;Spine,Not Applicable,Atypical teratoid/rhabdoid tumor,ATRT-SHH,OpenPedCan,Brain Stem- Midbrain/Tectum; Brain Stem- Pons; Cerebellum/Posterior Fossa; Frontal Lobe; Other locations NOS; Temporal Lobe,"Insula, MCA cistern, perimesencephalic cisterns, CPA, interpenduncular cisterns, suprasellar cistern, interhemispheric fissures, putamen, external capsule, corona radiata, centrum semiovale, cerebral peduncles"
The Children's Hospital of Philadelphia,C99630,Initial CNS Tumor,5344,No,Not Applicable,Not Applicable,Medulloblastoma,"Medulloblastoma, Group 4",OpenPedCan,Cerebellum/Posterior Fossa,Not Applicable
UAB,C3199845,Initial CNS Tumor,2109,No,Not Applicable,Not Applicable,Medulloblastoma,"Medulloblastoma, NOS or NEC",CBTN,Ventricles,Not Applicable
UAB,C3199845,Recurrence,2483,Yes,Spine,Not Applicable,Medulloblastoma,"Medulloblastoma, NOS or NEC",CBTN,Brain Stem-Medulla; Spine NOS; Ventricles,Not Applicable
UAB,C3199845,Deceased,2753,Yes,Leptomeningeal;Spine,Not Applicable,Medulloblastoma,"Medulloblastoma, NOS or NEC",CBTN,Brain Stem-Medulla; Cranial Nerves NOS; Frontal Lobe; Spine NOS; Temporal Lobe; Ventricles,Not Applicable
UAB,C3203658,Initial CNS Tumor,4601,Yes,Brain,Not Applicable,Medulloblastoma,"Medulloblastoma, NOS or NEC",CBTN,Brain Stem-Medulla;Brain Stem- Pons;Cranial Nerves NOS;Ventricles;Cerebellum/Posterior Fossa,Not Applicable
UAB,C3203904,Initial CNS Tumor,4573,No,Not Applicable,Not Applicable,Medulloblastoma,"Medulloblastoma, NOS or NEC",CBTN,Cerebellum/Posterior Fossa,Not Applicable
UAB,C3430101,Initial CNS Tumor,5259,No,Not Applicable,Not Applicable,Medulloblastoma,"Medulloblastoma, NOS or NEC",CBTN,Cerebellum/Posterior Fossa,Not Applicable
UAB,C4161705,Initial CNS Tumor,1261,No,Not Applicable,Not Applicable,Medulloblastoma,"Medulloblastoma, NOS or NEC",CBTN,Brain Stem-Medulla;Brain Stem- Midbrain/Tectum;Brain Stem- Pons;Ventricles;Cerebellum/Posterior Fossa,Not Applicable
UAB,C4729473,Initial CNS Tumor,1192,No,Not Applicable,Not Applicable,Atypical teratoid/rhabdoid tumor,"ATRT, NOS or NEC",CBTN,Pineal Gland,Not Applicable
UAB,C7026006,Initial CNS Tumor,2328,No,Not Applicable,Not Applicable,Atypical teratoid/rhabdoid tumor,"ATRT, NOS or NEC",CBTN,Frontal Lobe,Not Applicable
UCSF Benioff Children's Hospital,C1010445,Initial CNS Tumor,557,No,Not Applicable,Not Applicable,Atypical teratoid/rhabdoid tumor,ATRT-MYC,OpenPedCan,Cerebellum/Posterior Fossa,Not Applicable
UCSF Benioff Children's Hospital,C1010445,Progressive,675,No,Not Applicable,Not Applicable,Atypical teratoid/rhabdoid tumor,"ATRT, NOS or NEC",CBTN,Brain Stem- Pons; Cerebellum/Posterior Fossa; Cranial Nerves NOS; Frontal Lobe; Spinal Cord- Thoracic,Not Applicable
UCSF Benioff Children's Hospital,C1010445,Deceased,756,Unavailable,Not Applicable,Not Applicable,Atypical teratoid/rhabdoid tumor,"ATRT, NOS or NEC",CBTN,Cerebellum/Posterior Fossa; Frontal Lobe; Meninges/Dura; Spinal Cord- Cervical; Spinal Cord- Thoracic; Temporal Lobe; Ventricles,Not Applicable
UCSF Benioff Children's Hospital,C1203063,Initial CNS Tumor,6034,No,Not Applicable,Not Applicable,Medulloblastoma,"Medulloblastoma, Group 3",OpenPedCan,Brain Stem-Medulla;Cerebellum/Posterior Fossa;Ventricles,Not Applicable
UCSF Benioff Children's Hospital,C2457171,Deceased,-1,Unavailable,Not Applicable,Not Applicable,Not Reported,Not Reported,CBTN,Not Applicable,Not Applicable
UCSF Benioff Children's Hospital,C2457171,Unavailable,1451,Unavailable,Not Applicable,Not Applicable,Atypical teratoid/rhabdoid tumor,"ATRT, NOS or NEC",CBTN,Other locations NOS,Unavailable
UCSF Benioff Children's Hospital,C2461968,Unavailable,325,Unavailable,Not Applicable,Not Applicable,Atypical teratoid/rhabdoid tumor,"ATRT, NOS or NEC",CBTN,Ventricles,Not Applicable
UCSF Benioff Children's Hospital,C2461968,Deceased,484,Unavailable,Not Applicable,Not Applicable,Atypical teratoid/rhabdoid tumor,"ATRT, NOS or NEC",CBTN,Not Applicable,Not Applicable
UCSF Benioff Children's Hospital,C2509200,Initial CNS Tumor,3538,Yes,CSF,Not Applicable,Medulloblastoma,"Medulloblastoma, NOS or NEC",CBTN,Cerebellum/Posterior Fossa,Not Applicable
UCSF Benioff Children's Hospital,C2509200,Recurrence,4305,Yes,Leptomeningeal,Not Applicable,Medulloblastoma,"Medulloblastoma, NOS or NEC",CBTN,Cerebellum/Posterior Fossa; Temporal Lobe,Not Applicable
UCSF Benioff Children's Hospital,C2550528,Initial CNS Tumor,969,No,Not Applicable,Not Applicable,Medulloblastoma,"Medulloblastoma, SHH-activated and TP53-mutant",CBTN,Cerebellum/Posterior Fossa,Not Applicable
UCSF Benioff Children's Hospital,C2550528,Recurrence,1263,Yes,Leptomeningeal;Spine,Not Applicable,Medulloblastoma,"Medulloblastoma, SHH-activated and TP53-mutant",CBTN,Brain Stem-Medulla; Cerebellum/Posterior Fossa; Optic Pathway; Spinal Cord- Cervical; Spinal Cord- Lumbar/Thecal Sac; Spinal Cord- Thoracic,Not Applicable
UCSF Benioff Children's Hospital,C2552619,Initial CNS Tumor,3336,No,Not Applicable,Not Applicable,Medulloblastoma,"Medulloblastoma, NOS or NEC",CBTN,Cerebellum/Posterior Fossa,Not Applicable
UCSF Benioff Children's Hospital,C4154940,Initial CNS Tumor,1800,Yes,Spine,Not Applicable,Medulloblastoma,"Medulloblastoma, Group 4",CBTN,Cerebellum/Posterior Fossa;Spinal Cord- Lumbar/Thecal Sac;Ventricles,Not Applicable
UCSF Benioff Children's Hospital,C4154940,Recurrence,2367,Yes,Brain;Leptomeningeal,Not Applicable,Medulloblastoma,"Medulloblastoma, Group 4",CBTN,Cerebellum/Posterior Fossa; Frontal Lobe; Other locations NOS,"left sylvian fissure, temporal horns, left and right cingulate"
UCSF Benioff Children's Hospital,C4154940,Progressive,2435,Yes,Leptomeningeal,Not Applicable,Medulloblastoma,"Medulloblastoma, Group 4",CBTN,Brain Stem-Medulla; Cerebellum/Posterior Fossa; Frontal Lobe; Other locations NOS; Spine NOS; Temporal Lobe,"anterior cingulate, sylvian fissures"
UCSF Benioff Children's Hospital,C4154940,Progressive,2525,Yes,Brain;Leptomeningeal;Spine,Not Applicable,Medulloblastoma,"Medulloblastoma, Group 4",CBTN,Cerebellum/Posterior Fossa; Spinal Cord- Cervical; Spine NOS; Temporal Lobe,Not Applicable
UCSF Benioff Children's Hospital,C4154940,Deceased,2605,Unavailable,Not Applicable,Not Applicable,Medulloblastoma,"Medulloblastoma, Group 4",CBTN,Unavailable,Not Applicable
UCSF Benioff Children's Hospital,C4548909,Initial CNS Tumor,6185,Yes,Leptomeningeal;Spine,Not Applicable,Medulloblastoma,"Medulloblastoma, non-WNT/non-SHH",CBTN,Meninges/Dura;Spinal Cord- Cervical;Spinal Cord- Thoracic;Ventricles;Cerebellum/Posterior Fossa;Spinal Cord- Lumbar/Thecal Sac,Not Applicable
UCSF Benioff Children's Hospital,C7596111,Initial CNS Tumor,854,Yes,Brain;Leptomeningeal;Spine,Not Applicable,Medulloblastoma,"Medulloblastoma, Group 3",CBTN,Brain Stem- Pons;Cranial Nerves NOS;Optic Pathway;Ventricles;Cerebellum/Posterior Fossa,Not Applicable
UCSF Benioff Children's Hospital,C7768188,Initial CNS Tumor,849,No,Not Applicable,Not Applicable,Atypical teratoid/rhabdoid tumor,"ATRT, NOS or NEC",CBTN,Frontal Lobe;Parietal Lobe;Temporal Lobe,Not Applicable
UCSF Benioff Children's Hospital,C7768188,Recurrence,1052,Yes,Brain;Spine,Not Applicable,Atypical teratoid/rhabdoid tumor,ATRT-SHH,CBTN,Frontal Lobe; Temporal Lobe; Ventricles,Not Applicable
UCSF Benioff Children's Hospital,C7768188,Deceased,1071,Unavailable,Not Applicable,Not Applicable,Atypical teratoid/rhabdoid tumor,ATRT-SHH,CBTN,Unavailable,Not Applicable
UCSF Benioff Children's Hospital,C7769295,Initial CNS Tumor,2968,No,Not Applicable,Not Applicable,Medulloblastoma,"Medulloblastoma, non-WNT/non-SHH",CBTN,Brain Stem-Medulla;Cerebellum/Posterior Fossa;Ventricles,Not Applicable
UCSF Benioff Children's Hospital,C8241861,Initial CNS Tumor,6174,No,Not Applicable,Not Applicable,Medulloblastoma,"Medulloblastoma, SHH-activated and TP53-wildtype",CBTN,Cerebellum/Posterior Fossa,Not Applicable
UCSF Benioff Children's Hospital,C8257113,Initial CNS Tumor,3168,No,Not Applicable,Not Applicable,Medulloblastoma,"Medulloblastoma, NOS or NEC",CBTN,Unavailable,Not Applicable
UCSF Benioff Children's Hospital,C8257113,Recurrence,4696,Yes,Leptomeningeal,Not Applicable,Medulloblastoma,"Medulloblastoma, non-WNT/non-SHH",CBTN,Occipital Lobe; Other locations NOS; Parietal Lobe; Temporal Lobe,"left parasagittal parietooccipital sulcus, left anterior temporal leptomeningeal surface"
UCSF Benioff Children's Hospital,C886092,Initial CNS Tumor,362,No,Not Applicable,Not Applicable,Atypical teratoid/rhabdoid tumor,ATRT-SHH,OpenPedCan,Frontal Lobe,Not Applicable
UCSF Benioff Children's Hospital,C886092,Recurrence,662,No,Not Applicable,Not Applicable,Atypical teratoid/rhabdoid tumor,ATRT-SHH,OpenPedCan,Frontal Lobe; Parietal Lobe,Not Applicable
UCSF Benioff Children's Hospital,C886092,Recurrence,853,No,Not Applicable,Not Applicable,Atypical teratoid/rhabdoid tumor,"ATRT, NOS or NEC",CBTN,Basal Ganglia; Cranial Nerves NOS; Parietal Lobe,Not Applicable
UCSF Benioff Children's Hospital,C886092,Progressive,1384,Yes,Spine,Not Applicable,Atypical teratoid/rhabdoid tumor,"ATRT, NOS or NEC",CBTN,Brain Stem- Pons; Cerebellum/Posterior Fossa; Cranial Nerves NOS; Spinal Cord- Cervical,Not Applicable
UCSF Benioff Children's Hospital,C886092,Progressive,1606,Yes,Spine,Not Applicable,Atypical teratoid/rhabdoid tumor,"ATRT, NOS or NEC",CBTN,Brain Stem- Pons; Cerebellum/Posterior Fossa; Cranial Nerves NOS; Spinal Cord- Cervical; Spinal Cord- Lumbar/Thecal Sac,Not Applicable
UCSF Benioff Children's Hospital,C886092,Progressive,1900,Yes,Brain;Leptomeningeal;Spine,Not Applicable,Atypical teratoid/rhabdoid tumor,"ATRT, NOS or NEC",CBTN,Brain Stem- Pons; Cerebellum/Posterior Fossa; Cranial Nerves NOS; Other locations NOS; Skull; Spinal Cord- Cervical; Spinal Cord- Lumbar/Thecal Sac,Insula; Convexity
UCSF Benioff Children's Hospital,C886092,Deceased,1943,Yes,Brain;Leptomeningeal;Spine,Not Applicable,Atypical teratoid/rhabdoid tumor,"ATRT, NOS or NEC",CBTN,Brain Stem- Midbrain/Tectum; Brain Stem- Pons; Cerebellum/Posterior Fossa; Other locations NOS; Skull; Spinal Cord- Cervical; Spinal Cord- Lumbar/Thecal Sac,Not Applicable
UCSF Benioff Children's Hospital,C921639,Initial CNS Tumor,1351,Yes,CSF,Not Applicable,Atypical teratoid/rhabdoid tumor,"ATRT, NOS or NEC",CBTN,Frontal Lobe,Not Applicable
UCSF Benioff Children's Hospital,C921639,Progressive,1636,No,Not Applicable,Not Applicable,Atypical teratoid/rhabdoid tumor,"ATRT, NOS or NEC",CBTN,Frontal Lobe,Not Applicable
UCSF Benioff Children's Hospital,C921639,Progressive,1876,No,Not Applicable,Not Applicable,Atypical teratoid/rhabdoid tumor,ATRT-MYC,OpenPedCan,Frontal Lobe,Not Applicable
UCSF Benioff Children's Hospital,C921639,Deceased,1990,No,Not Applicable,Not Applicable,Atypical teratoid/rhabdoid tumor,"ATRT, NOS or NEC",CBTN,Frontal Lobe,Not Applicable
UNC Lineberger Comprehensive Cancer Center,C7863513,Initial CNS Tumor,787,No,Not Applicable,Not Applicable,Medulloblastoma,"Medulloblastoma, SHH-activated and TP53-wildtype",CBTN,Cerebellum/Posterior Fossa,Not Applicable
University of Iowa,C7223175,Initial CNS Tumor,4297,No,Not Applicable,Not Applicable,Medulloblastoma,"Medulloblastoma, WNT-activated",CBTN,Ventricles,Not Applicable
University of Iowa,C7223913,Not Reported,,Not Reported,Not Applicable,Not Applicable,Not Reported,Not Reported,CBTN,Not Applicable,Not Applicable
University of Iowa,C7223913,Initial CNS Tumor,739,No,Not Applicable,Not Applicable,Atypical teratoid/rhabdoid tumor,ATRT-SHH,CBTN,Temporal Lobe,Not Applicable
University of Iowa,C7415055,Initial CNS Tumor,777,No,Not Applicable,Not Applicable,Medulloblastoma,"Medulloblastoma, Group 4",CBTN,Cerebellum/Posterior Fossa,Not Applicable
University of Iowa,C7415055,Second Malignancy,7288,No,Not Applicable,Not Applicable,Other,Atypical Meningioma,CBTN,Frontal Lobe,Not Applicable
University of Iowa,C7532766,Initial CNS Tumor,241,No,Not Applicable,Not Applicable,Medulloblastoma,"Medulloblastoma, NOS or NEC",CBTN,Cerebellum/Posterior Fossa,Not Applicable
University of Iowa,C7532766,Recurrence,5537,No,Not Applicable,Not Applicable,Glioneuronal and neuronal tumors,"Glioneuronal and neuronal tumors, NOS or NEC",CBTN,Cerebellum/Posterior Fossa,Not Applicable
University of Iowa,C7705950,Initial CNS Tumor,3676,No,Not Applicable,Not Applicable,Medulloblastoma,"Medulloblastoma, Group 4",CBTN,Cerebellum/Posterior Fossa,Not Applicable
University of Iowa,C7754535,Initial CNS Tumor,2093,No,Not Applicable,Not Applicable,Medulloblastoma,"Medulloblastoma, non-WNT/non-SHH",CBTN,Cerebellum/Posterior Fossa,Not Applicable
University of Iowa,C8028456,Initial CNS Tumor,132,No,Not Applicable,Not Applicable,Atypical teratoid/rhabdoid tumor,"ATRT, NOS or NEC",CBTN,Cerebellum/Posterior Fossa,Not Applicable
University of Michigan C.S. Mott Children's Hospital,C4105125,Initial CNS Tumor,2228,No,Not Applicable,Not Applicable,Medulloblastoma,"Medulloblastoma, Group 4",OpenPedCan,Cerebellum/Posterior Fossa,Not Applicable
University of Michigan C.S. Mott Children's Hospital,C4105248,Initial CNS Tumor,2188,No,Not Applicable,Not Applicable,Medulloblastoma,"Medulloblastoma, Group 4",OpenPedCan,Cerebellum/Posterior Fossa;Ventricles,Not Applicable
University of Michigan C.S. Mott Children's Hospital,C4105248,Deceased,4081,Unavailable,Not Applicable,Not Applicable,Medulloblastoma,"Medulloblastoma, NOS or NEC",CBTN,Cerebellum/Posterior Fossa,Not Applicable
University of Michigan C.S. Mott Children's Hospital,C4105371,Initial CNS Tumor,408,No,Not Applicable,Not Applicable,Atypical teratoid/rhabdoid tumor,"ATRT, NOS or NEC",CBTN,Thalamus;Other locations NOS;Pineal Gland;Cerebellum/Posterior Fossa,Not Applicable
University of Michigan C.S. Mott Children's Hospital,C4105494,Initial CNS Tumor,1013,No,Not Applicable,Not Applicable,Medulloblastoma,"Medulloblastoma, NOS or NEC",CBTN,Cerebellum/Posterior Fossa,Not Applicable
University of Michigan C.S. Mott Children's Hospital,C4105494,Deceased,2232,Unavailable,Not Applicable,Not Applicable,Medulloblastoma,"Medulloblastoma, NOS or NEC",CBTN,Cerebellum/Posterior Fossa,Not Applicable
University of Michigan C.S. Mott Children's Hospital,C4105617,Initial CNS Tumor,3192,No,Not Applicable,Not Applicable,Medulloblastoma,"Medulloblastoma, NOS or NEC",CBTN,Cerebellum/Posterior Fossa,Not Applicable
University of Michigan C.S. Mott Children's Hospital,C4105617,Deceased,3621,Unavailable,Not Applicable,Not Applicable,Medulloblastoma,"Medulloblastoma, NOS or NEC",CBTN,Cerebellum/Posterior Fossa,Not Applicable
University of Michigan C.S. Mott Children's Hospital,C4105863,Initial CNS Tumor,3807,No,Not Applicable,Not Applicable,Medulloblastoma,"Medulloblastoma, Group 4",OpenPedCan,Cerebellum/Posterior Fossa,Not Applicable
University of Michigan C.S. Mott Children's Hospital,C4105863,Deceased,5519,Unavailable,Not Applicable,Not Applicable,Medulloblastoma,"Medulloblastoma, NOS or NEC",CBTN,Cerebellum/Posterior Fossa,Not Applicable
University of Michigan C.S. Mott Children's Hospital,C4106970,Initial CNS Tumor,3018,No,Not Applicable,Not Applicable,Medulloblastoma,"Medulloblastoma, WNT-activated",OpenPedCan,Cerebellum/Posterior Fossa,Not Applicable
University of Michigan C.S. Mott Children's Hospital,C4107216,Initial CNS Tumor,5398,No,Not Applicable,Not Applicable,Medulloblastoma,"Medulloblastoma, Group 4",OpenPedCan,Cerebellum/Posterior Fossa;Ventricles,Not Applicable
University of Michigan C.S. Mott Children's Hospital,C4107708,Initial CNS Tumor,47,Yes,Not Reported,Not Applicable,Atypical teratoid/rhabdoid tumor,"ATRT, NOS or NEC",CBTN,Cerebellum/Posterior Fossa,Not Applicable
University of Michigan C.S. Mott Children's Hospital,C4107708,Recurrence,856,Yes,Not Reported,Not Applicable,Atypical teratoid/rhabdoid tumor,"ATRT, NOS or NEC",CBTN,Cerebellum/Posterior Fossa,Not Applicable
University of Michigan C.S. Mott Children's Hospital,C4108077,Initial CNS Tumor,4617,No,Not Applicable,Not Applicable,Medulloblastoma,"Medulloblastoma, NOS or NEC",CBTN,Cerebellum/Posterior Fossa;Ventricles,Not Applicable
University of Michigan C.S. Mott Children's Hospital,C4108077,Recurrence,5924,No,Not Applicable,Not Applicable,Medulloblastoma,"Medulloblastoma, Group 4",OpenPedCan,Cerebellum/Posterior Fossa,Not Applicable
University of Michigan C.S. Mott Children's Hospital,C4108077,Deceased,6432,Unavailable,Not Applicable,Not Applicable,Medulloblastoma,"Medulloblastoma, NOS or NEC",CBTN,Cerebellum/Posterior Fossa,Not Applicable
University of Michigan C.S. Mott Children's Hospital,C4110045,Deceased,,Unavailable,Not Applicable,Not Applicable,Atypical teratoid/rhabdoid tumor,"ATRT, NOS or NEC",CBTN,Not Applicable,Not Applicable
University of Michigan C.S. Mott Children's Hospital,C4110045,Initial CNS Tumor,116,No,Not Applicable,Not Applicable,Atypical teratoid/rhabdoid tumor,"ATRT, NOS or NEC",CBTN,Other locations NOS,Not Applicable
University of Michigan C.S. Mott Children's Hospital,C4113366,Initial CNS Tumor,2011,Yes,Not Reported,Not Applicable,Medulloblastoma,"Medulloblastoma, Group 3",OpenPedCan,Cerebellum/Posterior Fossa,Not Applicable
University of Michigan C.S. Mott Children's Hospital,C4114350,Initial CNS Tumor,3468,No,Not Applicable,Not Applicable,Medulloblastoma,"Medulloblastoma, NOS or NEC",CBTN,Cerebellum/Posterior Fossa,Not Applicable
University of Michigan C.S. Mott Children's Hospital,C4114350,Deceased,4035,Unavailable,Not Applicable,Not Applicable,Medulloblastoma,"Medulloblastoma, NOS or NEC",CBTN,Cerebellum/Posterior Fossa,Not Applicable
University of Michigan C.S. Mott Children's Hospital,C4114965,Initial CNS Tumor,1057,No,Not Applicable,Not Applicable,Medulloblastoma,"Medulloblastoma, Group 3",OpenPedCan,Cerebellum/Posterior Fossa;Ventricles,Not Applicable
University of Michigan C.S. Mott Children's Hospital,C4115580,Initial CNS Tumor,3969,No,Not Applicable,Not Applicable,Medulloblastoma,"Medulloblastoma, Group 4",OpenPedCan,Cerebellum/Posterior Fossa,Not Applicable
University of Michigan C.S. Mott Children's Hospital,C4120869,Deceased,,Unavailable,Not Applicable,Not Applicable,Medulloblastoma,"Medulloblastoma, NOS or NEC",CBTN,Cerebellum/Posterior Fossa,Not Applicable
University of Michigan C.S. Mott Children's Hospital,C4120869,Initial CNS Tumor,3992,No,Not Applicable,Not Applicable,Medulloblastoma,"Medulloblastoma, NOS or NEC",CBTN,Cerebellum/Posterior Fossa,Not Applicable
University of Michigan C.S. Mott Children's Hospital,C4120869,Recurrence,4248,No,Not Applicable,Not Applicable,Medulloblastoma,"Medulloblastoma, NOS or NEC",CBTN,Cerebellum/Posterior Fossa,Not Applicable
University of Michigan C.S. Mott Children's Hospital,C4122099,Initial CNS Tumor,7723,No,Not Applicable,Not Applicable,Medulloblastoma,"Medulloblastoma, Group 3",OpenPedCan,Cerebellum/Posterior Fossa,Not Applicable
University of Michigan C.S. Mott Children's Hospital,C4122345,Initial CNS Tumor,656,No,Not Applicable,Not Applicable,Medulloblastoma,"Medulloblastoma, NOS or NEC",CBTN,Cerebellum/Posterior Fossa,Not Applicable
University of Michigan C.S. Mott Children's Hospital,C4122468,Initial CNS Tumor,691,No,Not Applicable,Not Applicable,Medulloblastoma,"Medulloblastoma, NOS or NEC",CBTN,Cerebellum/Posterior Fossa,Not Applicable
University of Michigan C.S. Mott Children's Hospital,C4122591,Deceased,,Unavailable,Not Applicable,Not Applicable,Atypical teratoid/rhabdoid tumor,"ATRT, NOS or NEC",CBTN,Parietal Lobe,Not Applicable
University of Michigan C.S. Mott Children's Hospital,C4122591,Initial CNS Tumor,3548,No,Not Applicable,Not Applicable,Atypical teratoid/rhabdoid tumor,"ATRT, NOS or NEC",CBTN,Parietal Lobe,Not Applicable
University of Michigan C.S. Mott Children's Hospital,C4122591,Recurrence,3924,No,Not Applicable,Not Applicable,Atypical teratoid/rhabdoid tumor,"ATRT, NOS or NEC",CBTN,Parietal Lobe,Not Applicable
University of Michigan C.S. Mott Children's Hospital,C4123821,Recurrence,5493,Yes,Not Reported,Not Applicable,Medulloblastoma,"Medulloblastoma, NOS or NEC",CBTN,Unavailable,Not Applicable
University of Michigan C.S. Mott Children's Hospital,C4124805,Initial CNS Tumor,1431,No,Not Applicable,Not Applicable,Medulloblastoma,"Medulloblastoma, Group 4",OpenPedCan,Cerebellum/Posterior Fossa,Not Applicable
University of Michigan C.S. Mott Children's Hospital,C4124928,Initial CNS Tumor,803,No,Not Applicable,Not Applicable,Medulloblastoma,"Medulloblastoma, Group 3",OpenPedCan,Cerebellum/Posterior Fossa,Not Applicable
University of Pittsburgh,C1010076,Initial CNS Tumor,754,No,Not Applicable,Not Applicable,Medulloblastoma,"Medulloblastoma, Group 3",CBTN,Cerebellum/Posterior Fossa,Not Applicable
University of Pittsburgh,C1010076,Deceased,1187,Unavailable,Not Applicable,Not Applicable,Not Reported,Not Reported,CBTN,Not Applicable,Not Applicable
University of Pittsburgh,C1064319,Initial CNS Tumor,3275,No,Not Applicable,Not Applicable,Medulloblastoma,"Medulloblastoma, NOS or NEC",CBTN,Ventricles,Not Applicable
University of Pittsburgh,C107994,Initial CNS Tumor,2907,No,Not Applicable,Not Applicable,Medulloblastoma,"Medulloblastoma, Group 4",OpenPedCan,Cerebellum/Posterior Fossa,Not Applicable
University of Pittsburgh,C107994,Second Malignancy,4899,No,Not Applicable,Not Applicable,High-Grade Glioma,"High-Grade Glioma, NOS or NEC",CBTN,Cerebellum/Posterior Fossa,Not Applicable
University of Pittsburgh,C107994,Deceased,5168,Unavailable,Not Applicable,Not Applicable,High-Grade Glioma,"High-Grade Glioma, NOS or NEC",CBTN,Cerebellum/Posterior Fossa,Not Applicable
University of Pittsburgh,C1168131,Initial CNS Tumor,2087,No,Not Applicable,Not Applicable,Medulloblastoma,"Medulloblastoma, NOS or NEC",CBTN,Cerebellum/Posterior Fossa,Not Applicable
University of Pittsburgh,C1168131,Second Malignancy,4598,No,Not Applicable,Not Applicable,Other,Meningioma,CBTN,Meninges/Dura,Not Applicable
University of Pittsburgh,C122262,Initial CNS Tumor,2859,Yes,Spine,Not Applicable,Medulloblastoma,"Medulloblastoma, Group 4",OpenPedCan,Cerebellum/Posterior Fossa,Not Applicable
University of Pittsburgh,C122262,Recurrence,3345,Yes,CSF,Not Applicable,Medulloblastoma,"Medulloblastoma, NOS or NEC",CBTN,Cerebellum/Posterior Fossa,Not Applicable
University of Pittsburgh,C122262,Deceased,3655,Yes,CSF,Not Applicable,Medulloblastoma,"Medulloblastoma, NOS or NEC",CBTN,Cerebellum/Posterior Fossa,Not Applicable
University of Pittsburgh,C1262718,Initial CNS Tumor,3061,No,Not Applicable,Not Applicable,Medulloblastoma,"Medulloblastoma, Group 4",OpenPedCan,Cerebellum/Posterior Fossa,Not Applicable
University of Pittsburgh,C1262718,Deceased,4069,Unavailable,Not Applicable,Not Applicable,Medulloblastoma,"Medulloblastoma, NOS or NEC",CBTN,Cerebellum/Posterior Fossa,Not Applicable
University of Pittsburgh,C129273,Initial CNS Tumor,-1,No,Not Applicable,Not Applicable,Medulloblastoma,"Medulloblastoma, NOS or NEC",CBTN,Occipital Lobe,Not Applicable
University of Pittsburgh,C129273,Progressive,1788,Yes,CSF;Leptomeningeal;Spine,Not Applicable,Medulloblastoma,"Medulloblastoma, NOS or NEC",CBTN,Basal Ganglia; Cerebellum/Posterior Fossa; Frontal Lobe; Spinal Cord- Cervical; Spinal Cord- Lumbar/Thecal Sac; Spinal Cord- Thoracic; Spine NOS; Temporal Lobe,Not Applicable
University of Pittsburgh,C129273,Deceased,1816,Yes,CSF;Leptomeningeal;Spine,Not Applicable,Medulloblastoma,"Medulloblastoma, NOS or NEC",CBTN,Basal Ganglia; Brain Stem-Medulla; Brain Stem- Midbrain/Tectum; Brain Stem- Pons; Cerebellum/Posterior Fossa; Hippocampus; Spinal Cord- Cervical; Thalamus,Not Applicable
University of Pittsburgh,C129519,Initial CNS Tumor,3683,No,Not Applicable,Not Applicable,Medulloblastoma,"Medulloblastoma, NOS or NEC",CBTN,Cerebellum/Posterior Fossa,Not Applicable
University of Pittsburgh,C129519,Recurrence,3816,No,Not Applicable,Not Applicable,Medulloblastoma,"Medulloblastoma, Group 4",OpenPedCan,Cerebellum/Posterior Fossa,Not Applicable
University of Pittsburgh,C129642,Initial CNS Tumor,2241,No,Not Applicable,Not Applicable,Medulloblastoma,"Medulloblastoma, NOS or NEC",CBTN,Ventricles,Not Applicable
University of Pittsburgh,C129642,Recurrence,2638,Unavailable,Not Applicable,Not Applicable,Medulloblastoma,"Medulloblastoma, Group 3",OpenPedCan,Cerebellum/Posterior Fossa,Not Applicable
University of Pittsburgh,C129765,Initial CNS Tumor,4491,No,Not Applicable,Not Applicable,Medulloblastoma,"Medulloblastoma, NOS or NEC",CBTN,Cerebellum/Posterior Fossa,Not Applicable
University of Pittsburgh,C129888,Initial CNS Tumor,6063,No,Not Applicable,Not Applicable,Medulloblastoma,"Medulloblastoma, NOS or NEC",CBTN,Cerebellum/Posterior Fossa,Not Applicable
University of Pittsburgh,C130011,Initial CNS Tumor,1067,No,Not Applicable,Not Applicable,Medulloblastoma,"Medulloblastoma, NOS or NEC",CBTN,Cerebellum/Posterior Fossa,Not Applicable
University of Pittsburgh,C130134,Initial CNS Tumor,415,No,Not Applicable,Not Applicable,Medulloblastoma,"Medulloblastoma, NOS or NEC",CBTN,Cerebellum/Posterior Fossa,Not Applicable
University of Pittsburgh,C130257,Initial CNS Tumor,1605,No,Not Applicable,Not Applicable,Medulloblastoma,"Medulloblastoma, NOS or NEC",CBTN,Cerebellum/Posterior Fossa,Not Applicable
University of Pittsburgh,C130380,Initial CNS Tumor,5861,No,Not Applicable,Not Applicable,Medulloblastoma,"Medulloblastoma, NOS or NEC",CBTN,Cerebellum/Posterior Fossa,Not Applicable
University of Pittsburgh,C138006,Initial CNS Tumor,4452,Yes,Spine,Not Applicable,Medulloblastoma,"Medulloblastoma, Group 4",OpenPedCan,Cerebellum/Posterior Fossa,Not Applicable
University of Pittsburgh,C138006,Recurrence,6474,No,Not Applicable,Not Applicable,Medulloblastoma,"Medulloblastoma, NOS or NEC",CBTN,Ventricles,Not Applicable
University of Pittsburgh,C2358033,Initial CNS Tumor,769,No,Not Applicable,Not Applicable,Atypical teratoid/rhabdoid tumor,ATRT-SHH,OpenPedCan,Thalamus;Ventricles,Not Applicable
University of Pittsburgh,C2358033,Recurrence,1316,No,Not Applicable,Not Applicable,Atypical teratoid/rhabdoid tumor,"ATRT, NOS or NEC",CBTN,Ventricles,Not Applicable
University of Pittsburgh,C2541918,Initial CNS Tumor,5938,No,Not Applicable,Not Applicable,Medulloblastoma,"Medulloblastoma, WNT-activated",OpenPedCan,Cerebellum/Posterior Fossa,Not Applicable
University of Pittsburgh,C2567502,Initial CNS Tumor,54,No,Not Applicable,Not Applicable,Medulloblastoma,"Medulloblastoma, NOS or NEC",CBTN,Cerebellum/Posterior Fossa,Not Applicable
University of Pittsburgh,C2567502,Deceased,76,Yes,CSF,Not Applicable,Other CNS Embryonal tumors,"Embryonal tumor with multilayered rosettes, NOS",CBTN,Cerebellum/Posterior Fossa,Not Applicable
University of Pittsburgh,C2666394,Initial CNS Tumor,1447,No,Not Applicable,Not Applicable,Medulloblastoma,"Medulloblastoma, Group 3",OpenPedCan,Cerebellum/Posterior Fossa,Not Applicable
University of Pittsburgh,C2666394,Deceased,1574,Yes,Leptomeningeal,Not Applicable,Medulloblastoma,"Medulloblastoma, NOS or NEC",CBTN,Cerebellum/Posterior Fossa,Not Applicable
University of Pittsburgh,C3273768,Initial CNS Tumor,4159,No,Not Applicable,Not Applicable,Medulloblastoma,"Medulloblastoma, NOS or NEC",CBTN,Cerebellum/Posterior Fossa,Not Applicable
University of Pittsburgh,C3279303,Initial CNS Tumor,1963,No,Not Applicable,Not Applicable,Medulloblastoma,"Medulloblastoma, Group 3",OpenPedCan,Ventricles,Not Applicable
University of Pittsburgh,C340341,Initial CNS Tumor,4206,No,Not Applicable,Not Applicable,Medulloblastoma,"Medulloblastoma, NOS or NEC",CBTN,Ventricles,Not Applicable
University of Pittsburgh,C340341,Progressive,5287,Yes,Leptomeningeal,Not Applicable,Medulloblastoma,"Medulloblastoma, NOS or NEC",CBTN,Meninges/Dura; Temporal Lobe,Not Applicable
University of Pittsburgh,C340341,Progressive,5287,Yes,Leptomeningeal,Not Applicable,Medulloblastoma,"Medulloblastoma, NOS or NEC",CBTN,Temporal Lobe,Not Applicable
University of Pittsburgh,C340341,Deceased,5799,Yes,Brain,Not Applicable,Medulloblastoma,"Medulloblastoma, NOS or NEC",CBTN,Temporal Lobe,Not Applicable
University of Pittsburgh,C3651747,Initial CNS Tumor,3024,No,Not Applicable,Not Applicable,Medulloblastoma,"Medulloblastoma, NOS or NEC",CBTN,Cerebellum/Posterior Fossa,Not Applicable
University of Pittsburgh,C3775608,Initial CNS Tumor,358,No,Not Applicable,Not Applicable,Medulloblastoma,"Medulloblastoma, SHH-activated and TP53-wildtype",CBTN,Cerebellum/Posterior Fossa,Not Applicable
University of Pittsburgh,C3776100,Initial CNS Tumor,1865,No,Not Applicable,Not Applicable,Medulloblastoma,"Medulloblastoma, Group 4",OpenPedCan,Cerebellum/Posterior Fossa,Not Applicable
University of Pittsburgh,C3777699,Initial CNS Tumor,4732,No,Not Applicable,Not Applicable,Medulloblastoma,"Medulloblastoma, Group 4",OpenPedCan,Cerebellum/Posterior Fossa,Not Applicable
University of Pittsburgh,C3904635,Initial CNS Tumor,6318,No,Not Applicable,Not Applicable,Medulloblastoma,"Medulloblastoma, NOS or NEC",CBTN,Cerebellum/Posterior Fossa,Not Applicable
University of Pittsburgh,C3905865,Initial CNS Tumor,3490,No,Not Applicable,Not Applicable,Medulloblastoma,"Medulloblastoma, Group 4",OpenPedCan,Ventricles,Not Applicable
University of Pittsburgh,C413034,Initial CNS Tumor,5110,No,Not Applicable,Not Applicable,Medulloblastoma,"Medulloblastoma, Group 4",OpenPedCan,Cerebellum/Posterior Fossa,Not Applicable
University of Pittsburgh,C4157892,Initial CNS Tumor,2780,Yes,Spine,Not Applicable,Medulloblastoma,"Medulloblastoma, NOS or NEC",CBTN,Cerebellum/Posterior Fossa,Not Applicable
University of Pittsburgh,C4513239,Initial CNS Tumor,3361,No,Not Applicable,Not Applicable,Medulloblastoma,"Medulloblastoma, NOS or NEC",CBTN,Occipital Lobe,Not Applicable
University of Pittsburgh,C4874367,Initial CNS Tumor,1126,No,Not Applicable,Not Applicable,Medulloblastoma,"Medulloblastoma, non-WNT/non-SHH",CBTN,Cerebellum/Posterior Fossa,Not Applicable
University of Pittsburgh,C4884084,Initial CNS Tumor,3169,Yes,Brain;Spine,Not Applicable,Medulloblastoma,"Medulloblastoma, SHH-activated and TP53-wildtype",CBTN,Cerebellum/Posterior Fossa,Not Applicable
University of Pittsburgh,C4884084,Recurrence,4115,No,Not Applicable,Not Applicable,Medulloblastoma,"Medulloblastoma, SHH-activated and TP53-wildtype",CBTN,Cerebellum/Posterior Fossa,Not Applicable
University of Pittsburgh,C5361078,Initial CNS Tumor,4412,No,Not Applicable,Not Applicable,Medulloblastoma,"Medulloblastoma, NOS or NEC",CBTN,Ventricles,Not Applicable
University of Pittsburgh,C607005,Initial CNS Tumor,3580,No,Not Applicable,Not Applicable,Medulloblastoma,"Medulloblastoma, NOS or NEC",CBTN,Cerebellum/Posterior Fossa,Not Applicable
University of Pittsburgh,C6277182,Initial CNS Tumor,1438,No,Not Applicable,Not Applicable,Atypical teratoid/rhabdoid tumor,ATRT-MYC,CBTN,Frontal Lobe,Not Applicable
University of Pittsburgh,C665061,Initial CNS Tumor,3266,Yes,CSF;Spine,Not Applicable,Medulloblastoma,"Medulloblastoma, Group 4",OpenPedCan,Cerebellum/Posterior Fossa;Ventricles,Not Applicable
University of Pittsburgh,C6693414,Initial CNS Tumor,3297,No,Not Applicable,Not Applicable,Medulloblastoma,"Medulloblastoma, non-WNT/non-SHH",CBTN,Cerebellum/Posterior Fossa,Not Applicable
University of Pittsburgh,C710325,Initial CNS Tumor,3475,No,Not Applicable,Not Applicable,Medulloblastoma,"Medulloblastoma, WNT-activated",OpenPedCan,Cerebellum/Posterior Fossa,Not Applicable
University of Pittsburgh,C7272621,Initial CNS Tumor,172,No,Not Applicable,Not Applicable,Medulloblastoma,"Medulloblastoma, SHH-activated and TP53-wildtype",CBTN,Cerebellum/Posterior Fossa,Not Applicable
University of Pittsburgh,C7272867,Initial CNS Tumor,2750,No,Not Applicable,Not Applicable,Medulloblastoma,"Medulloblastoma, non-WNT/non-SHH",CBTN,Cerebellum/Posterior Fossa,Not Applicable
University of Pittsburgh,C7272990,Initial CNS Tumor,431,No,Not Applicable,Not Applicable,Medulloblastoma,"Medulloblastoma, SHH-activated and TP53-wildtype",CBTN,Cerebellum/Posterior Fossa,Not Applicable
University of Pittsburgh,C7273113,Initial CNS Tumor,4791,Yes,Leptomeningeal;Other;Spine,Not Applicable,Medulloblastoma,"Medulloblastoma, non-WNT/non-SHH",CBTN,Cerebellum/Posterior Fossa,Not Applicable
University of Pittsburgh,C7273605,Initial CNS Tumor,3371,No,Not Applicable,Not Applicable,Medulloblastoma,"Medulloblastoma, WNT-activated",CBTN,Cerebellum/Posterior Fossa,Not Applicable
University of Pittsburgh,C7273851,Initial CNS Tumor,475,No,Not Applicable,Not Applicable,Atypical teratoid/rhabdoid tumor,ATRT-TYR,CBTN,Cerebellum/Posterior Fossa,Not Applicable
University of Pittsburgh,C7712346,Initial CNS Tumor,2805,No,Not Applicable,Not Applicable,Medulloblastoma,"Medulloblastoma, Group 4",CBTN,Ventricles,Not Applicable
University of Pittsburgh,C820287,Initial CNS Tumor,1475,No,Not Applicable,Not Applicable,Medulloblastoma,"Medulloblastoma, NOS or NEC",CBTN,Cerebellum/Posterior Fossa,Not Applicable
University of Pittsburgh,C8516028,Initial CNS Tumor,2003,No,Not Applicable,Not Applicable,Medulloblastoma,"Medulloblastoma, non-WNT/non-SHH",CBTN,Ventricles,Not Applicable
University of Pittsburgh,C8517012,Initial CNS Tumor,4604,No,Not Applicable,Not Applicable,Medulloblastoma,"Medulloblastoma, Group 4",CBTN,Cerebellum/Posterior Fossa,Not Applicable
University of Pittsburgh,C944886,Initial CNS Tumor,306,No,Not Applicable,Not Applicable,Medulloblastoma,"Medulloblastoma, SHH-activated and TP53-wildtype",CBTN,Cerebellum/Posterior Fossa,Not Applicable
University of Pittsburgh,C96801,Initial CNS Tumor,4075,No,Not Applicable,Not Applicable,Medulloblastoma,"Medulloblastoma, NOS or NEC",CBTN,Ventricles,Not Applicable
Wake Forest Baptist Medical Center,C3335145,Initial CNS Tumor,1404,No,Not Applicable,Not Applicable,Atypical teratoid/rhabdoid tumor,"ATRT, NOS or NEC",CBTN,Cerebellum/Posterior Fossa,Not Applicable
Wake Forest Baptist Medical Center,C3335145,Recurrence,4610,No,Not Applicable,Not Applicable,Atypical teratoid/rhabdoid tumor,"ATRT, NOS or NEC",CBTN,Temporal Lobe,Not Applicable
Wake Forest Baptist Medical Center,C3461835,Initial CNS Tumor,3706,Yes,CSF;Spine,Not Applicable,Medulloblastoma,"Medulloblastoma, Group 4",CBTN,Cerebellum/Posterior Fossa;Spinal Cord- Lumbar/Thecal Sac;Spinal Cord- Thoracic,Not Applicable
Wake Forest Baptist Medical Center,C3461835,Recurrence,4079,Yes,Leptomeningeal;Other,Multiple new subcentimeter enhancing osseous lesions,Medulloblastoma,"Medulloblastoma, Group 4",CBTN,Cerebellum/Posterior Fossa; Spinal Cord- Cervical; Spinal Cord- Thoracic,Not Applicable
Wake Forest Baptist Medical Center,C3461835,Deceased,4318,Yes,Leptomeningeal;Other;Spine,Multiple new subcentimeter enhancing osseous lesions,Medulloblastoma,"Medulloblastoma, Group 4",CBTN,Cerebellum/Posterior Fossa; Spinal Cord- Lumbar/Thecal Sac; Spinal Cord- Thoracic,Not Applicable
Wake Forest Baptist Medical Center,C3941166,Initial CNS Tumor,591,No,Not Applicable,Not Applicable,Medulloblastoma,"Medulloblastoma, NOS or NEC",CBTN,Cerebellum/Posterior Fossa,Not Applicable
Wake Forest Baptist Medical Center,C3941166,Recurrence,947,No,Not Applicable,Not Applicable,Medulloblastoma,"Medulloblastoma, NOS or NEC",CBTN,Cerebellum/Posterior Fossa,Not Applicable
Wake Forest Baptist Medical Center,C3941166,Progressive,1078,No,Not Applicable,Not Applicable,Medulloblastoma,"Medulloblastoma, NOS or NEC",CBTN,Cerebellum/Posterior Fossa,Not Applicable
Wake Forest Baptist Medical Center,C3941166,Progressive,1273,No,Not Applicable,Not Applicable,Medulloblastoma,"Medulloblastoma, NOS or NEC",CBTN,Cerebellum/Posterior Fossa,Not Applicable
Wake Forest Baptist Medical Center,C3941166,Deceased,1316,Yes,Spine,Not Applicable,Medulloblastoma,"Medulloblastoma, NOS or NEC",CBTN,Cerebellum/Posterior Fossa,Not Applicable
Wake Forest Baptist Medical Center,C5154930,Initial CNS Tumor,1930,Yes,Other;Spine,Not Applicable,Medulloblastoma,"Medulloblastoma, NOS or NEC",CBTN,Cerebellum/Posterior Fossa,Not Applicable
Washington University in St. Louis,C7226496,Initial CNS Tumor,5527,Yes,Brain;Leptomeningeal;Spine,Not Applicable,Medulloblastoma,"Medulloblastoma, Group 4",CBTN,Ventricles,Not Applicable
Washington University in St. Louis,C7226865,Initial CNS Tumor,2397,No,Not Applicable,Not Applicable,Medulloblastoma,"Medulloblastoma, non-WNT/non-SHH",CBTN,Cerebellum/Posterior Fossa,Not Applicable
Washington University in St. Louis,C7226988,Recurrence,4135,Not Reported,Not Applicable,Not Applicable,Medulloblastoma,"Medulloblastoma, non-WNT/non-SHH",CBTN,Ventricles,Not Applicable
Washington University in St. Louis,C7227111,Initial CNS Tumor,1362,No,Not Applicable,Not Applicable,Medulloblastoma,"Medulloblastoma, SHH-activated and TP53-wildtype",CBTN,Cerebellum/Posterior Fossa,Not Applicable
Washington University in St. Louis,C7227234,Initial CNS Tumor,5705,Yes,Spine,Not Applicable,Medulloblastoma,"Medulloblastoma, non-WNT/non-SHH",CBTN,Ventricles,Not Applicable
Washington University in St. Louis,C7227357,Initial CNS Tumor,2844,No,Not Applicable,Not Applicable,Medulloblastoma,"Medulloblastoma, non-WNT/non-SHH",CBTN,Cerebellum/Posterior Fossa;Ventricles,Not Applicable
Washington University in St. Louis,C7227357,Recurrence,3211,No,Not Applicable,Not Applicable,Medulloblastoma,"Medulloblastoma, non-WNT/non-SHH",CBTN,Cerebellum/Posterior Fossa; Ventricles,Not Applicable
Washington University in St. Louis,C7227357,Progressive,3289,No,Not Applicable,Not Applicable,Medulloblastoma,"Medulloblastoma, non-WNT/non-SHH",CBTN,Frontal Lobe; Parietal Lobe; Temporal Lobe,Not Applicable
Washington University in St. Louis,C7227357,Progressive,3358,Yes,Brain;Leptomeningeal;Spine,Not Applicable,Medulloblastoma,"Medulloblastoma, non-WNT/non-SHH",CBTN,Cerebellum/Posterior Fossa; Spinal Cord- Cervical; Spinal Cord- Thoracic; Temporal Lobe,Not Applicable
Washington University in St. Louis,C7227357,Progressive,3434,Yes,Brain;Leptomeningeal;Spine,Not Applicable,Medulloblastoma,"Medulloblastoma, non-WNT/non-SHH",CBTN,Cerebellum/Posterior Fossa; Frontal Lobe; Spinal Cord- Thoracic; Temporal Lobe,Not Applicable
Washington University in St. Louis,C7227357,Deceased,3496,Yes,Brain;Leptomeningeal;Spine,Not Applicable,Medulloblastoma,"Medulloblastoma, non-WNT/non-SHH",CBTN,Cerebellum/Posterior Fossa; Frontal Lobe; Spinal Cord- Cervical; Spinal Cord- Thoracic; Temporal Lobe,Not Applicable
Washington University in St. Louis,C7415547,Initial CNS Tumor,3654,No,Not Applicable,Not Applicable,Medulloblastoma,"Medulloblastoma, WNT-activated",CBTN,Ventricles,Not Applicable
Washington University in St. Louis,C7415670,Initial CNS Tumor,1728,No,Not Applicable,Not Applicable,Medulloblastoma,"Medulloblastoma, non-WNT/non-SHH",CBTN,Ventricles,Not Applicable
Washington University in St. Louis,C7422312,Initial CNS Tumor,2655,No,Not Applicable,Not Applicable,Medulloblastoma,"Medulloblastoma, non-WNT/non-SHH",CBTN,Spinal Cord- Cervical;Ventricles,Not Applicable
Washington University in St. Louis,C7422558,Initial CNS Tumor,3120,No,Not Applicable,Not Applicable,Medulloblastoma,"Medulloblastoma, WNT-activated",CBTN,Cerebellum/Posterior Fossa;Ventricles,Not Applicable
Washington University in St. Louis,C7424772,Initial CNS Tumor,2216,No,Not Applicable,Not Applicable,Medulloblastoma,"Medulloblastoma, non-WNT/non-SHH",CBTN,Ventricles,Not Applicable
Washington University in St. Louis,C7543221,Initial CNS Tumor,716,No,Not Applicable,Not Applicable,Atypical teratoid/rhabdoid tumor,"ATRT, NOS or NEC",CBTN,Parietal Lobe;Temporal Lobe,Not Applicable
Washington University in St. Louis,C7543467,Initial CNS Tumor,2744,Yes,Brain;Spine,Not Applicable,Atypical teratoid/rhabdoid tumor,"ATRT, NOS or NEC",CBTN,Temporal Lobe,Not Applicable
Washington University in St. Louis,C7543467,Progressive,3289,Yes,Leptomeningeal;Spine,Not Applicable,Atypical teratoid/rhabdoid tumor,"ATRT, NOS or NEC",CBTN,Spinal Cord- Cervical,Not Applicable
Washington University in St. Louis,C7543467,Progressive,3309,Yes,Brain;Leptomeningeal;Spine,Not Applicable,Atypical teratoid/rhabdoid tumor,"ATRT, NOS or NEC",CBTN,Cerebellum/Posterior Fossa; Frontal Lobe; Other locations NOS; Spinal Cord- Cervical; Spinal Cord- Thoracic,prepontine cistern
Washington University in St. Louis,C7543467,Deceased,3336,Unavailable,Not Applicable,Not Applicable,Atypical teratoid/rhabdoid tumor,"ATRT, NOS or NEC",CBTN,Cerebellum/Posterior Fossa; Frontal Lobe; Other locations NOS; Spinal Cord- Cervical; Spinal Cord- Thoracic,prepontine cistern
Washington University in St. Louis,C7553307,Initial CNS Tumor,3094,No,Not Applicable,Not Applicable,Atypical teratoid/rhabdoid tumor,ATRT-MYC,CBTN,Parietal Lobe;Temporal Lobe,Not Applicable
Washington University in St. Louis,C7559457,Initial CNS Tumor,5441,No,Not Applicable,Not Applicable,Medulloblastoma,"Medulloblastoma, non-WNT/non-SHH",CBTN,Cerebellum/Posterior Fossa,Not Applicable
Washington University in St. Louis,C7784301,Initial CNS Tumor,3793,No,Not Applicable,Not Applicable,Medulloblastoma,"Medulloblastoma, non-WNT/non-SHH",CBTN,Cerebellum/Posterior Fossa;Ventricles,Not Applicable
Washington University in St. Louis,C7831656,Initial CNS Tumor,1966,Yes,Leptomeningeal;Spine,Not Applicable,Medulloblastoma,"Medulloblastoma, non-WNT/non-SHH",CBTN,Ventricles,Not Applicable
Washington University in St. Louis,C7947891,Initial CNS Tumor,2799,No,Not Applicable,Not Applicable,Medulloblastoma,"Medulloblastoma, WNT-activated",CBTN,Cerebellum/Posterior Fossa;Ventricles,Not Applicable
Weill Cornell Medical College,C1044147,Initial CNS Tumor,395,No,Not Applicable,Not Applicable,Atypical teratoid/rhabdoid tumor,"ATRT, NOS or NEC",CBTN,Spinal Cord- Lumbar/Thecal Sac;Spinal Cord- Thoracic,Not Applicable
Weill Cornell Medical College,C1168500,Initial CNS Tumor,736,No,Not Applicable,Not Applicable,Medulloblastoma,"Medulloblastoma, NOS or NEC",CBTN,Cerebellum/Posterior Fossa,Not Applicable
Weill Cornell Medical College,C1168623,Initial CNS Tumor,2902,No,Not Applicable,Not Applicable,Medulloblastoma,"Medulloblastoma, NOS or NEC",CBTN,Cerebellum/Posterior Fossa,Not Applicable
Weill Cornell Medical College,C1229139,Initial CNS Tumor,983,No,Not Applicable,Not Applicable,Medulloblastoma,"Medulloblastoma, NOS or NEC",CBTN,Cerebellum/Posterior Fossa,Not Applicable
Weill Cornell Medical College,C1254600,Initial CNS Tumor,1735,No,Not Applicable,Not Applicable,Medulloblastoma,"Medulloblastoma, NOS or NEC",CBTN,Cerebellum/Posterior Fossa,Not Applicable
Weill Cornell Medical College,C1254600,Recurrence,3356,Unavailable,Not Applicable,Not Applicable,Medulloblastoma,"Medulloblastoma, NOS or NEC",CBTN,Frontal Lobe,Not Applicable
Weill Cornell Medical College,C3436989,Initial CNS Tumor,616,No,Not Applicable,Not Applicable,Medulloblastoma,"Medulloblastoma, NOS or NEC",CBTN,Cerebellum/Posterior Fossa,Not Applicable
Weill Cornell Medical College,C3706359,Initial CNS Tumor,133,No,Not Applicable,Not Applicable,Medulloblastoma,"Medulloblastoma, NOS or NEC",CBTN,Cerebellum/Posterior Fossa,Not Applicable
Weill Cornell Medical College,C4704750,Initial CNS Tumor,707,No,Not Applicable,Not Applicable,Atypical teratoid/rhabdoid tumor,"ATRT, NOS or NEC",CBTN,Brain Stem-Medulla,Not Applicable
Weill Cornell Medical College,C5228607,Initial CNS Tumor,4050,No,Not Applicable,Not Applicable,Medulloblastoma,"Medulloblastoma, NOS or NEC",CBTN,Cerebellum/Posterior Fossa,Not Applicable
Weill Cornell Medical College,C5291214,Initial CNS Tumor,5250,No,Not Applicable,Not Applicable,Medulloblastoma,"Medulloblastoma, NOS or NEC",CBTN,Cerebellum/Posterior Fossa,Not Applicable
Weill Cornell Medical College,C6432039,Initial CNS Tumor,119,Yes,CSF;Leptomeningeal;Spine,Not Applicable,Medulloblastoma,"Medulloblastoma, Group 4",CBTN,Cerebellum/Posterior Fossa,Not Applicable
Weill Cornell Medical College,C6433392,Initial CNS Tumor,951,No,Not Applicable,Not Applicable,Medulloblastoma,"Medulloblastoma, NOS or NEC",CBTN,Cerebellum/Posterior Fossa,Not Applicable
Weill Cornell Medical College,C7037568,Initial CNS Tumor,2975,No,Not Applicable,Not Applicable,Medulloblastoma,"Medulloblastoma, Group 3",CBTN,Cerebellum/Posterior Fossa,Not Applicable
Weill Cornell Medical College,C8028333,Deceased,3497,Yes,Leptomeningeal,Not Applicable,Medulloblastoma,"Medulloblastoma, non-WNT/non-SHH",CBTN,Cerebellum/Posterior Fossa,Not Applicable
Weill Cornell Medical College,C973914,Initial CNS Tumor,4592,No,Not Applicable,Not Applicable,Medulloblastoma,"Medulloblastoma, NOS or NEC",CBTN,Cerebellum/Posterior Fossa,Not Applicable
Weill Cornell Medical College,C974037,Initial CNS Tumor,484,No,Not Applicable,Not Applicable,Medulloblastoma,"Medulloblastoma, NOS or NEC",CBTN,Cerebellum/Posterior Fossa,Not Applicable
