organization_name,research_id,protocol_name_and_arm,protocol_name,protocol_arm,chemotherapy_type,age_at_regimen_start_days,age_at_regimen_stop_days,chemotherapy_agents,is_initial_treatment
Akron Children's Hospital,C7612224,"ACNS0333: Arm I (chemotherapy, autologous PBSC, 3D-CRT)",ACNS0333,"Arm I (chemotherapy, autologous PBSC, 3D-CRT)",Treatment follows a protocol but subject is not enrolled,600,678,"carboplatin,cisplatin,cyclophosphamide,etoposide,filgrastim,methotrexate,thiotepa,vincristine",yes
CBTN Non-Consortium Member,C4062936,ACNS0334: Regimen B,ACNS0334,Regimen B,Treatment follows a protocol but subject is not enrolled,1341,Not Available,"carboplatin,cisplatin,cyclophosphamide,etoposide,methotrexate,thiotepa,vincristine",yes
Children's Hospital of Atlanta (CHOA),C8128455,ACNS0331,ACNS0331,Not Applicable,Treatment follows a protocol and subject is enrolled on a protocol,2777,Not Available,"cisplatin,cyclophosphamide,lomustine,vincristine",yes
Children's National Medical Center (CNMC),C3410298,SJMB12: Stratum N1: Standard Risk,SJMB12,Stratum N1: Standard Risk,Treatment follows a protocol and subject is enrolled on a protocol,6087,6170,"cisplatin,cyclophosphamide,vincristine",yes
Children's National Medical Center (CNMC),C2833920,Head Start 4: Single Cycle Intensive Chemotherapy,Head Start 4,Single Cycle Intensive Chemotherapy,Treatment follows a protocol and subject is enrolled on a protocol,1522,1587,"carboplatin,etoposide,thiotepa",yes
Children's National Medical Center (CNMC),C2400222,SJMB12: Stratum N3: High Risk,SJMB12,Stratum N3: High Risk,Treatment follows a protocol and subject is enrolled on a protocol,3465,3660,"cisplatin,cyclophosphamide,gemcitabine,pemetrexed,vincristine",yes
Children's National Medical Center (CNMC),C7705827,Head Start 4: Single Cycle Intensive Chemotherapy,Head Start 4,Single Cycle Intensive Chemotherapy,Treatment follows a protocol and subject is enrolled on a protocol,1431,Not Available,"carboplatin,etoposide,thiotepa",no
Children's National Medical Center (CNMC),C2400222,PNOC016,PNOC016,Not Applicable,Treatment follows a protocol and subject is enrolled on a protocol,4618,4734,fimepinostat,no
Children's National Medical Center (CNMC),C4974243,CCG-99703,CCG-99703,Not Applicable,Treatment follows a protocol but subject is not enrolled,577,635,"carboplatin,cisplatin,cyclophosphamide,etoposide,thiotepa,vincristine",yes
Children's National Medical Center (CNMC),C5360832,SJMB12: Stratum N1: Standard Risk,SJMB12,Stratum N1: Standard Risk,Treatment follows a protocol and subject is enrolled on a protocol,1865,1983,"cisplatin,cyclophosphamide,vincristine",yes
Children's National Medical Center (CNMC),C2746098,Other,Other,Not Applicable,Treatment follows a protocol and subject is enrolled on a protocol,5405,5647,Not Reported,no
Children's National Medical Center (CNMC),C2661843,Not Applicable,Not Applicable,Not Applicable,Treatment follows other standard of care not associated with a current or past protocol,7115,7176,azacitidine,no
Children's National Medical Center (CNMC),C1075635,Not Reported,Not Reported,Not Applicable,Treatment follows a protocol but subject is not enrolled,2858,3080,Not Reported,yes
Children's National Medical Center (CNMC),C7111983,Not Applicable,Not Applicable,Not Applicable,Treatment follows other standard of care not associated with a current or past protocol,4329,4378,Not Reported,no
Children's National Medical Center (CNMC),C3680160,SJMB12: Stratum S2: High Risk,SJMB12,Stratum S2: High Risk,Treatment follows a protocol and subject is enrolled on a protocol,5274,5574,"cisplatin,cyclophosphamide,vincristine,vismodegib",yes
Children's National Medical Center (CNMC),C2691978,MSKCC-03077,MSKCC-03077,Not Applicable,Treatment follows a protocol and subject is enrolled on a protocol,Not Available,Not Available,hu3f8,no
Children's National Medical Center (CNMC),C2691978,Other,Other,Not Applicable,Treatment follows a protocol but subject is not enrolled,3106,Not Available,Not Reported,no
Children's National Medical Center (CNMC),C2691978,ACNS0821: TEMO+IRIN,ACNS0821,TEMO+IRIN,Treatment follows a protocol and subject is enrolled on a protocol,2855,2914,"irinotecan,temozolomide",no
Children's National Medical Center (CNMC),C3769950,SJMB12: Stratum S1: Standard Risk,SJMB12,Stratum S1: Standard Risk,Treatment follows a protocol and subject is enrolled on a protocol,2903,3067,"cisplatin,cyclophosphamide,vincristine,vismodegib",yes
Children's National Medical Center (CNMC),C2645361,SJATART: Stratum A,SJATART,Stratum A,Treatment follows a protocol and subject is enrolled on a protocol,6030,6683,alisertib,no
Children's National Medical Center (CNMC),C3808695,ACNS0331,ACNS0331,Not Applicable,Treatment follows a protocol and subject is enrolled on a protocol,3427,3495,"cisplatin,cyclophosphamide,lomustine,vincristine",yes
Children's National Medical Center (CNMC),C3521244,Not Applicable,Not Applicable,Not Applicable,Treatment follows other standard of care not associated with a current or past protocol,284,Not Available,"cyclophosphamide,carboplatin,thiotepa",no
Children's National Medical Center (CNMC),C2783613,Not Reported,Not Reported,Not Applicable,Treatment follows a protocol and subject is enrolled on a protocol,611,745,Not Reported,no
Children's National Medical Center (CNMC),C3410913,PBTC026,PBTC026,Not Applicable,Treatment follows a protocol and subject is enrolled on a protocol,1386,1678,"carboplatin,cisplatin,cyclophosphamide,etoposide,isotretinoin,thiotepa,vincristine,vorinostat",yes
Children's National Medical Center (CNMC),C3445845,ACNS0334: Regimen A,ACNS0334,Regimen A,Treatment follows a protocol and subject is enrolled on a protocol,1018,1120,"carboplatin,cisplatin,cyclophosphamide,etoposide,thiotepa,vincristine",yes
Children's National Medical Center (CNMC),C8622177,Other,Other,Not Applicable,Treatment follows a protocol and subject is enrolled on a protocol,2586,Not Reported,Not Reported,yes
Children's National Medical Center (CNMC),C4985313,"ACNS0332: Regimen B (carboplatin, no isotretinoin)",ACNS0332,"Regimen B (carboplatin, no isotretinoin)",Treatment follows a protocol but subject is not enrolled,2810,Not Reported,"carboplatin,cisplatin,cyclophosphamide,vincristine",yes
Children's National Medical Center (CNMC),C5226639,Not Applicable,Not Applicable,Not Applicable,Treatment follows other standard of care not associated with a current or past protocol,2500,2698,"nivolumab,ipilimumab",no
Children's National Medical Center (CNMC),C8027964,Other,Other,Not Applicable,Treatment follows a protocol and subject is enrolled on a protocol,4312,4387,Not Reported,no
Children's National Medical Center (CNMC),C8626851,Other,Other,Not Applicable,Treatment follows a protocol and subject is enrolled on a protocol,3189,3197,Not Reported,no
Children's National Medical Center (CNMC),C7687131,Other,Other,Not Applicable,Treatment follows a protocol but subject is not enrolled,3196,3415,Not Reported,yes
Children's National Medical Center (CNMC),C7706442,ACNS0821: TEMO+IRIN+BEVA,ACNS0821,TEMO+IRIN+BEVA,Treatment follows a protocol but subject is not enrolled,Not Available,Not Available,"bevacizumab,irinotecan,temozolomide",no
Children's National Medical Center (CNMC),C4852965,SJMB12: Stratum N1: Standard Risk,SJMB12,Stratum N1: Standard Risk,Treatment follows a protocol but subject is not enrolled,2728,2818,"cisplatin,cyclophosphamide,vincristine",yes
Children's National Medical Center (CNMC),C7111983,Not Applicable,Not Applicable,Not Applicable,Treatment follows other standard of care not associated with a current or past protocol,4378,4588,Not Reported,no
Children's National Medical Center (CNMC),C3588648,SJMB12: Stratum N2: Intermediate Risk,SJMB12,Stratum N2: Intermediate Risk,Treatment follows a protocol and subject is enrolled on a protocol,2496,2697,"cisplatin,cyclophosphamide,gemcitabine,pemetrexed,vincristine",yes
Children's National Medical Center (CNMC),C3400827,SJMB03,SJMB03,Not Applicable,Treatment follows a protocol and subject is enrolled on a protocol,3552,3702,"cisplatin,cyclophosphamide,vincristine",yes
Children's National Medical Center (CNMC),C2317443,ACNS0334: Regimen A,ACNS0334,Regimen A,Treatment follows a protocol but subject is not enrolled,159,281,"carboplatin,cisplatin,cyclophosphamide,etoposide,thiotepa,vincristine",yes
Children's National Medical Center (CNMC),C3769458,ACNS0821: TEMO+IRIN,ACNS0821,TEMO+IRIN,Treatment follows a protocol but subject is not enrolled,2812,2847,"irinotecan,temozolomide",no
Children's National Medical Center (CNMC),C2746098,ACNS0331,ACNS0331,Not Applicable,Treatment follows a protocol and subject is enrolled on a protocol,4810,5143,"cisplatin,cyclophosphamide,lomustine,vincristine",yes
Children's National Medical Center (CNMC),C7592175,Other,Other,Not Applicable,Treatment follows a protocol but subject is not enrolled,3698,Not Reported,Not Reported,yes
Children's National Medical Center (CNMC),C2691978,ACNS0821: TEMO+IRIN,ACNS0821,TEMO+IRIN,Treatment follows a protocol and subject is enrolled on a protocol,Not Available,Not Available,"irinotecan,temozolomide",no
Children's National Medical Center (CNMC),C2661843,REMATCH: Optimal medical therapy,REMATCH,Optimal medical therapy,Treatment follows a protocol and subject is enrolled on a protocol,Not Available,Not Available,optimal medical therapy,no
Children's National Medical Center (CNMC),C2645484,PBTC026,PBTC026,Not Applicable,Treatment follows a protocol and subject is enrolled on a protocol,838,991,"carboplatin,cisplatin,cyclophosphamide,etoposide,isotretinoin,thiotepa,vincristine,vorinostat",yes
Children's National Medical Center (CNMC),C8684907,ACNS0821: TEMO+IRIN+BEVA,ACNS0821,TEMO+IRIN+BEVA,Treatment follows a protocol and subject is enrolled on a protocol,Not Available,4142,"bevacizumab,irinotecan,temozolomide",no
Children's National Medical Center (CNMC),C3400827,Other,Other,Not Applicable,Treatment follows a protocol and subject is enrolled on a protocol,3703,3870,Not Reported,yes
Children's National Medical Center (CNMC),C2690133,ACNS0334: Regimen B,ACNS0334,Regimen B,Treatment follows a protocol and subject is enrolled on a protocol,1074,1277,"carboplatin,cisplatin,cyclophosphamide,etoposide,methotrexate,thiotepa,vincristine",yes
Children's National Medical Center (CNMC),C3161346,SJMB12: Stratum N1: Standard Risk,SJMB12,Stratum N1: Standard Risk,Treatment follows a protocol and subject is enrolled on a protocol,5189,5370,"cisplatin,cyclophosphamide,vincristine",yes
Children's National Medical Center (CNMC),C7559334,ACNS0333,ACNS0333,Not Applicable,Treatment follows a protocol but subject is not enrolled,271,367,"carboplatin,cisplatin,cyclophosphamide,etoposide,filgrastim,methotrexate,thiotepa,vincristine",yes
Children's National Medical Center (CNMC),C2607354,Other,Other,Not Applicable,Treatment follows a protocol and subject is enrolled on a protocol,Not Available,Not Available,Not Reported,no
Children's National Medical Center (CNMC),C2735889,ACNS1221,ACNS1221,Not Applicable,Treatment follows a protocol and subject is enrolled on a protocol,502,679,"carboplatin,cyclophosphamide,etoposide,methotrexate,vincristine",yes
Children's National Medical Center (CNMC),C3769458,MEMMAT,MEMMAT,Not Applicable,Treatment follows a protocol but subject is not enrolled,3043,3491,"bevacizumab,celecoxib,cyclophosphamide,cytarabine,etoposide,fenofibric acid,thalidomide",no
Children's National Medical Center (CNMC),C1169730,Other,Other,Not Applicable,Treatment follows a protocol and subject is enrolled on a protocol,1015,1231,Not Reported,yes
Children's National Medical Center (CNMC),C3768966,SJMB03: Stratum 1 (high-risk group),SJMB03,Stratum 1 (high-risk group),Treatment follows a protocol and subject is enrolled on a protocol,Not Available,3480,"cisplatin,cyclophosphamide,vincristine",no
Children's National Medical Center (CNMC),C3732066,"ACNS0332: Regimen B (carboplatin, no isotretinoin)",ACNS0332,"Regimen B (carboplatin, no isotretinoin)",Treatment follows a protocol and subject is enrolled on a protocol,2148,2410,"carboplatin,cisplatin,cyclophosphamide,vincristine",yes
Children's National Medical Center (CNMC),C4062321,"ACNS0332: Regimen A (no carboplatin, no isotretinoin)",ACNS0332,"Regimen A (no carboplatin, no isotretinoin)",Treatment follows a protocol and subject is enrolled on a protocol,5462,5609,"cisplatin,cyclophosphamide,vincristine",yes
Children's National Medical Center (CNMC),C8027964,Not Applicable,Not Applicable,Not Applicable,Treatment follows other standard of care not associated with a current or past protocol,7274,7355,"ifosfamide,carboplatin,etoposide",no
Children's National Medical Center (CNMC),C3811647,Not Applicable,Not Applicable,Not Applicable,Treatment follows other standard of care not associated with a current or past protocol,8629,8724,"thalidomide,etoposide,fenofibrate,celebrex,avastin",no
Children's National Medical Center (CNMC),C8684907,"ACNS0332: Regimen B (carboplatin, no isotretinoin)",ACNS0332,"Regimen B (carboplatin, no isotretinoin)",Treatment follows a protocol and subject is enrolled on a protocol,Not Available,3191,"carboplatin,cisplatin,cyclophosphamide,vincristine",no
Children's National Medical Center (CNMC),C2567010,Not Applicable,Not Applicable,Not Applicable,Treatment follows other standard of care not associated with a current or past protocol,4016,4142,"temozolomide,lomustine",no
Children's National Medical Center (CNMC),C2400222,Not Applicable,Not Applicable,Not Applicable,Treatment follows other standard of care not associated with a current or past protocol,4949,5061,avastin,no
Children's National Medical Center (CNMC),C7271391,ACNS0334: Regimen A,ACNS0334,Regimen A,Treatment follows a protocol but subject is not enrolled,685,753,"carboplatin,cisplatin,cyclophosphamide,etoposide,thiotepa,vincristine",yes
Children's National Medical Center (CNMC),C7369791,ACNS0331,ACNS0331,Not Applicable,Treatment follows a protocol but subject is not enrolled,2794,Not Available,"cisplatin,cyclophosphamide,lomustine,vincristine",yes
Dayton Children's Hospital,C3634281,ACNS0333,ACNS0333,Not Applicable,Treatment follows a protocol but subject is not enrolled,1103,Not Available,"carboplatin,cisplatin,cyclophosphamide,etoposide,filgrastim,methotrexate,thiotepa,vincristine",yes
Dayton Children's Hospital,C5490597,"ACNS0332: Regimen A (no carboplatin, no isotretinoin)",ACNS0332,"Regimen A (no carboplatin, no isotretinoin)",Treatment follows a protocol but subject is not enrolled,4205,4369,"cisplatin,cyclophosphamide,vincristine",yes
Dayton Children's Hospital,C3207963,ACNS0333,ACNS0333,Not Applicable,Treatment follows a protocol and subject is enrolled on a protocol,408,505,"carboplatin,cisplatin,cyclophosphamide,etoposide,filgrastim,methotrexate,thiotepa,vincristine",yes
Dayton Children's Hospital,C5490351,Other,Other,Not Applicable,Treatment follows a protocol but subject is not enrolled,3701,4030,Not Reported,yes
Dayton Children's Hospital,C5490597,ACNS0821: TEMO+IRIN+BEVA,ACNS0821,TEMO+IRIN+BEVA,Treatment follows a protocol but subject is not enrolled,4491,4619,"bevacizumab,irinotecan,temozolomide",no
Hackensack,C3875238,Head Start 4: Induction,Head Start 4,Induction,Treatment follows a protocol and subject is enrolled on a protocol,773,822,"cisplatin,cyclophosphamide,etoposide,methotrexate,vincristine",yes
Hackensack,C3732927,MEMMAT,MEMMAT,Not Applicable,Treatment follows a protocol but subject is not enrolled,952,1163,"bevacizumab,celecoxib,cyclophosphamide,cytarabine,etoposide,fenofibric acid,thalidomide",no
Hackensack,C3736740,ACNS0331,ACNS0331,Not Applicable,Treatment follows a protocol but subject is not enrolled,3254,3675,"cisplatin,cyclophosphamide,lomustine,vincristine",yes
Hackensack,C3735510,ACNS0331,ACNS0331,Not Applicable,Treatment follows a protocol and subject is enrolled on a protocol,Not Available,5171,"cisplatin,cyclophosphamide,lomustine,vincristine",no
Hackensack,C3735510,Other,Other,Not Applicable,Treatment follows a protocol but subject is not enrolled,5204,5459,Not Reported,yes
Hudson Institute,C2540442,Not Applicable,Not Applicable,Not Applicable,Treatment follows other standard of care not associated with a current or past protocol,591,Not Reported,"ifosfamide,carboplatin,etoposide",yes
Hudson Institute,C2540442,Not Reported,Not Reported,Not Applicable,Treatment follows a protocol and subject is enrolled on a protocol,698,Not Available,Not Reported,yes
Johns Hopkins Medicine,C3587418,Not Applicable,Not Applicable,Not Applicable,Treatment follows other standard of care not associated with a current or past protocol,594,1308,topotecan injectable solution,yes
Johns Hopkins Medicine,C3466755,ACNS0331,ACNS0331,Not Applicable,Treatment follows a protocol but subject is not enrolled,6176,6526,"cisplatin,cyclophosphamide,lomustine,vincristine",yes
Johns Hopkins Medicine,C3587418,ACNS0333,ACNS0333,Not Applicable,Treatment follows a protocol but subject is not enrolled,253,416,"carboplatin,cisplatin,cyclophosphamide,etoposide,filgrastim,methotrexate,thiotepa,vincristine",yes
Lurie Children's Hospital,C145140,DFCI Modified IRS-III,DFCI Modified IRS-III,Not Applicable,Treatment follows a protocol but subject is not enrolled,Not Reported,Not Reported,"cisplatin,cyclophosphamide,cytarabine,dactinomycin,doxorubicin,etoposide,methotrexate,temozolomide,vincristine",no
Lurie Children's Hospital,C607251,Not Reported,Not Reported,Not Applicable,Treatment follows a protocol but subject is not enrolled,1716,3199,Not Reported,yes
Lurie Children's Hospital,C179826,CCG-99701: Regimen A,CCG-99701,Regimen A,Treatment follows a protocol but subject is not enrolled,2706,2887,"carboplatin,cyclophosphamide,vincristine",yes
Lurie Children's Hospital,C180564,"ACNS0332: Regimen D (carboplatin, isotretinoin)",ACNS0332,"Regimen D (carboplatin, isotretinoin)",Treatment follows a protocol and subject is enrolled on a protocol,4255,4711,"carboplatin,cisplatin,cyclophosphamide,isotretinoin,vincristine",yes
Lurie Children's Hospital,C6201291,"ACNS0332: Regimen A (no carboplatin, no isotretinoin)",ACNS0332,"Regimen A (no carboplatin, no isotretinoin)",Treatment follows a protocol but subject is not enrolled,3962,4224,"cisplatin,cyclophosphamide,vincristine",yes
Lurie Children's Hospital,C3376596,Not Reported,Not Reported,Not Applicable,Treatment follows a protocol and subject is enrolled on a protocol,5297,Not Reported,Not Reported,no
Lurie Children's Hospital,C3740799,PBTC026,PBTC026,Not Applicable,Treatment follows a protocol and subject is enrolled on a protocol,1032,1288,"carboplatin,cisplatin,cyclophosphamide,etoposide,isotretinoin,thiotepa,vincristine,vorinostat",yes
Lurie Children's Hospital,C398643,Not Reported,Not Reported,Not Applicable,Treatment follows a protocol but subject is not enrolled,1098,1218,Not Reported,yes
Lurie Children's Hospital,C2461107,JET Protocol,JET Protocol,Not Applicable,Treatment follows a protocol but subject is not enrolled,1745,1784,"carboplatin,etoposide",no
Lurie Children's Hospital,C3381885,ACNS0331,ACNS0331,Not Applicable,Treatment follows a protocol and subject is enrolled on a protocol,2190,2583,"cisplatin,cyclophosphamide,lomustine,vincristine",yes
Lurie Children's Hospital,C648333,"ACNS0332: Regimen B (carboplatin, no isotretinoin)",ACNS0332,"Regimen B (carboplatin, no isotretinoin)",Treatment follows a protocol but subject is not enrolled,2435,2679,"carboplatin,cisplatin,cyclophosphamide,vincristine",yes
Lurie Children's Hospital,C179580,CCG-99701: Regimen A,CCG-99701,Regimen A,Treatment follows a protocol and subject is enrolled on a protocol,2061,2274,"carboplatin,cyclophosphamide,vincristine",yes
Lurie Children's Hospital,C178350,SJMB03,SJMB03,Not Applicable,Treatment follows a protocol but subject is not enrolled,4008,4095,"cisplatin,cyclophosphamide,vincristine",yes
Lurie Children's Hospital,C3379056,"ACNS0332: Regimen B (carboplatin, no isotretinoin)",ACNS0332,"Regimen B (carboplatin, no isotretinoin)",Treatment follows a protocol and subject is enrolled on a protocol,3984,4267,"carboplatin,cisplatin,cyclophosphamide,vincristine",yes
Lurie Children's Hospital,C4309428,MEMMAT,MEMMAT,Not Applicable,Treatment follows a protocol but subject is not enrolled,4644,4776,"bevacizumab,celecoxib,cyclophosphamide,cytarabine,etoposide,fenofibric acid,thalidomide",no
Lurie Children's Hospital,C5700066,Not Reported,Not Reported,Not Applicable,Treatment follows a protocol but subject is not enrolled,3149,3452,Not Reported,no
Lurie Children's Hospital,C2444133,ACNS0334: Regimen B,ACNS0334,Regimen B,Treatment follows a protocol but subject is not enrolled,711,850,"carboplatin,cisplatin,cyclophosphamide,etoposide,methotrexate,thiotepa,vincristine",yes
Lurie Children's Hospital,C3405255,Not Reported,Not Reported,Not Applicable,Treatment follows a protocol and subject is enrolled on a protocol,4297,4454,Not Reported,yes
Lurie Children's Hospital,C587325,Not Reported,Not Reported,Not Applicable,Treatment follows a protocol but subject is not enrolled,735,743,Not Reported,no
Lurie Children's Hospital,C4309428,ACNS0331,ACNS0331,Not Applicable,Treatment follows a protocol but subject is not enrolled,3496,3883,"cisplatin,cyclophosphamide,lomustine,vincristine",yes
Lurie Children's Hospital,C5623314,ACNS0331,ACNS0331,Not Applicable,Treatment follows a protocol and subject is enrolled on a protocol,4779,5208,"cisplatin,cyclophosphamide,lomustine,vincristine",yes
Lurie Children's Hospital,C8585400,Not Applicable,Not Applicable,Not Applicable,Treatment follows other standard of care not associated with a current or past protocol,854,Not Reported,"topotecan,tamoxifen",yes
Lurie Children's Hospital,C4153095,ACNS0331,ACNS0331,Not Applicable,Treatment follows a protocol and subject is enrolled on a protocol,7214,7605,"cisplatin,cyclophosphamide,lomustine,vincristine",yes
Lurie Children's Hospital,C6192804,Not Applicable,Not Applicable,Not Applicable,Treatment follows other standard of care not associated with a current or past protocol,2329,2681,"avastin,irinotecan,temodar,topotecan (as topotecan hydrochloride) 1 mg/ml injectable solution",no
Lurie Children's Hospital,C618690,ACNS0331,ACNS0331,Not Applicable,Treatment follows a protocol but subject is not enrolled,5644,2751,"cisplatin,cyclophosphamide,lomustine,vincristine",yes
Lurie Children's Hospital,C4133784,ACNS0334: Regimen B,ACNS0334,Regimen B,Treatment follows a protocol and subject is enrolled on a protocol,795,934,"carboplatin,cisplatin,cyclophosphamide,etoposide,methotrexate,thiotepa,vincristine",yes
Lurie Children's Hospital,C144894,DFCI Modified IRS-III,DFCI Modified IRS-III,Not Applicable,Treatment follows a protocol but subject is not enrolled,Not Reported,Not Reported,"cisplatin,cyclophosphamide,cytarabine,dactinomycin,doxorubicin,etoposide,methotrexate,temozolomide,vincristine",no
Lurie Children's Hospital,C178596,ACNS0331,ACNS0331,Not Applicable,Treatment follows a protocol and subject is enrolled on a protocol,3149,3563,"cisplatin,cyclophosphamide,lomustine,vincristine",yes
Lurie Children's Hospital,C565431,ACNS0331,ACNS0331,Not Applicable,Treatment follows a protocol but subject is not enrolled,2346,2772,"cisplatin,cyclophosphamide,lomustine,vincristine",yes
Lurie Children's Hospital,C960999,Not Reported,Not Reported,Not Applicable,Treatment follows a protocol and subject is enrolled on a protocol,6406,6490,Not Reported,no
Lurie Children's Hospital,C180441,Not Reported,Not Reported,Not Applicable,Treatment follows a protocol but subject is not enrolled,817,973,Not Reported,yes
Lurie Children's Hospital,C596058,PBTC051,PBTC051,Not Applicable,Treatment follows a protocol and subject is enrolled on a protocol,4120,4142,sotigalimab,no
Lurie Children's Hospital,C183516,CCG-99701: Regimen B,CCG-99701,Regimen B,Treatment follows a protocol and subject is enrolled on a protocol,4101,4329,"carboplatin,cisplatin,cyclophosphamide,vincristine",yes
Lurie Children's Hospital,C181302,ACNS0331,ACNS0331,Not Applicable,Treatment follows a protocol but subject is not enrolled,3313,3656,"cisplatin,cyclophosphamide,lomustine,vincristine",yes
Lurie Children's Hospital,C6695874,ACNS0334: Regimen B,ACNS0334,Regimen B,Treatment follows a protocol but subject is not enrolled,1316,1507,"carboplatin,cisplatin,cyclophosphamide,etoposide,methotrexate,thiotepa,vincristine",yes
Lurie Children's Hospital,C651039,DFCI Modified IRS-III,DFCI Modified IRS-III,Not Applicable,Treatment follows a protocol but subject is not enrolled,Not Reported,Not Reported,"cisplatin,cyclophosphamide,cytarabine,dactinomycin,doxorubicin,etoposide,methotrexate,temozolomide,vincristine",no
Lurie Children's Hospital,C178473,ACNS0331,ACNS0331,Not Applicable,Treatment follows a protocol but subject is not enrolled,1706,2101,"cisplatin,cyclophosphamide,lomustine,vincristine",yes
Lurie Children's Hospital,C178719,Not Applicable,Not Applicable,Not Applicable,Treatment follows other standard of care not associated with a current or past protocol,1650,1915,"irinotecan,bevacizumab",no
Lurie Children's Hospital,C515124,ACNS0331,ACNS0331,Not Applicable,Treatment follows a protocol but subject is not enrolled,5002,5380,"cisplatin,cyclophosphamide,lomustine,vincristine",yes
Lurie Children's Hospital,C2408832,ACNS0331,ACNS0331,Not Applicable,Treatment follows a protocol but subject is not enrolled,4936,5371,"cisplatin,cyclophosphamide,lomustine,vincristine",yes
Lurie Children's Hospital,C7332768,"ACNS0331: Arm I (3-7 years of age, LDCSI, IFRT)",ACNS0331,"Arm I (3-7 years of age, LDCSI, IFRT)",Treatment follows a protocol and subject is enrolled on a protocol,2474,2516,"cisplatin,cyclophosphamide,lomustine,vincristine",yes
Lurie Children's Hospital,C6201168,ACNS0331,ACNS0331,Not Applicable,Treatment follows a protocol but subject is not enrolled,1546,1955,"cisplatin,cyclophosphamide,lomustine,vincristine",yes
Lurie Children's Hospital,C6830928,ACNS0334: Regimen B,ACNS0334,Regimen B,Treatment follows a protocol but subject is not enrolled,1013,1412,"carboplatin,cisplatin,cyclophosphamide,etoposide,methotrexate,thiotepa,vincristine",yes
Lurie Children's Hospital,C3374259,Not Applicable,Not Applicable,Not Applicable,Treatment follows other standard of care not associated with a current or past protocol,Not Available,Not Available,Not Reported,no
Lurie Children's Hospital,C596058,PBTC049,PBTC049,Not Applicable,Treatment follows a protocol and subject is enrolled on a protocol,4175,4220,savolitinib,no
Lurie Children's Hospital,C960999,Not Reported,Not Reported,Not Applicable,Treatment follows a protocol and subject is enrolled on a protocol,4867,4888,Not Reported,no
Lurie Children's Hospital,C3567000,ACNS0331,ACNS0331,Not Applicable,Treatment follows a protocol and subject is enrolled on a protocol,2821,3214,"cisplatin,cyclophosphamide,lomustine,vincristine",yes
Lurie Children's Hospital,C960999,TB-403,TB-403,Not Applicable,Treatment follows a protocol and subject is enrolled on a protocol,6531,Not Available,tb-403,no
Lurie Children's Hospital,C3865521,"ACNS0332: Regimen B (carboplatin, no isotretinoin)",ACNS0332,"Regimen B (carboplatin, no isotretinoin)",Treatment follows a protocol and subject is enrolled on a protocol,1872,2100,"carboplatin,cisplatin,cyclophosphamide,vincristine",yes
Lurie Children's Hospital,C997653,DFCI Modified IRS-III,DFCI Modified IRS-III,Not Applicable,Treatment follows a protocol but subject is not enrolled,1050,1251,"cisplatin,cyclophosphamide,cytarabine,dactinomycin,doxorubicin,etoposide,methotrexate,temozolomide,vincristine",yes
Lurie Children's Hospital,C183516,Not Applicable,Not Applicable,Not Applicable,Treatment follows other standard of care not associated with a current or past protocol,4585,4593,"carboplatin,thiotepa,etoposide",no
Lurie Children's Hospital,C2539827,ACNS0333,ACNS0333,Not Applicable,Treatment follows a protocol but subject is not enrolled,962,1139,"carboplatin,cisplatin,cyclophosphamide,etoposide,filgrastim,methotrexate,thiotepa,vincristine",no
Lurie Children's Hospital,C5054685,"ACNS0332: Regimen A (no carboplatin, no isotretinoin)",ACNS0332,"Regimen A (no carboplatin, no isotretinoin)",Treatment follows a protocol and subject is enrolled on a protocol,2835,3100,"cisplatin,cyclophosphamide,vincristine",yes
Lurie Children's Hospital,C557682,DFCI Modified IRS-III,DFCI Modified IRS-III,Not Applicable,Treatment follows a protocol but subject is not enrolled,Not Reported,Not Reported,"cisplatin,cyclophosphamide,cytarabine,dactinomycin,doxorubicin,etoposide,methotrexate,temozolomide,vincristine",no
Lurie Children's Hospital,C1025205,Not Applicable,Not Applicable,Not Applicable,Treatment follows other standard of care not associated with a current or past protocol,633,935,bevacizumab,yes
Lurie Children's Hospital,C4073883,ACNS0331,ACNS0331,Not Applicable,Treatment follows a protocol and subject is enrolled on a protocol,1910,2079,"cisplatin,cyclophosphamide,lomustine,vincristine",yes
Lurie Children's Hospital,C7348512,"ACNS0332: Regimen A (no carboplatin, no isotretinoin)",ACNS0332,"Regimen A (no carboplatin, no isotretinoin)",Treatment follows a protocol but subject is not enrolled,5085,5323,"cisplatin,cyclophosphamide,vincristine",yes
Lurie Children's Hospital,C300858,"ACNS0332: Regimen B (carboplatin, no isotretinoin)",ACNS0332,"Regimen B (carboplatin, no isotretinoin)",Treatment follows a protocol but subject is not enrolled,4087,4327,"carboplatin,cisplatin,cyclophosphamide,vincristine",yes
Lurie Children's Hospital,C596058,"ACNS0331: Arm II (3-7 years of age, LDCSI, PFRT)",ACNS0331,"Arm II (3-7 years of age, LDCSI, PFRT)",Treatment follows a protocol but subject is not enrolled,2580,2971,"cisplatin,cyclophosphamide,lomustine,vincristine",yes
Lurie Children's Hospital,C5623314,ACNS0821: TEMO+IRIN,ACNS0821,TEMO+IRIN,Treatment follows a protocol and subject is enrolled on a protocol,5529,5720,"irinotecan,temozolomide",no
Lurie Children's Hospital,C2460369,Not Reported,Not Reported,Not Applicable,Treatment follows a protocol and subject is enrolled on a protocol,1921,2119,Not Reported,no
Lurie Children's Hospital,C870471,ACNS0331,ACNS0331,Not Applicable,Treatment follows a protocol but subject is not enrolled,3401,3878,"cisplatin,cyclophosphamide,lomustine,vincristine",yes
Lurie Children's Hospital,C3821364,Not Applicable,Not Applicable,Not Applicable,Treatment follows other standard of care not associated with a current or past protocol,4037,4414,"cisplatin,lomustine,vincristine,cyclophosphamide",yes
Lurie Children's Hospital,C6512727,Not Applicable,Not Applicable,Not Applicable,Treatment follows other standard of care not associated with a current or past protocol,1712,Not Reported,"avastin,irinotecan,temodar,topotecan",no
Lurie Children's Hospital,C3376596,Not Reported,Not Reported,Not Applicable,Treatment follows a protocol but subject is not enrolled,3931,4158,Not Reported,yes
Lurie Children's Hospital,C6431055,ACNS0331,ACNS0331,Not Applicable,Treatment follows a protocol but subject is not enrolled,2858,3278,"cisplatin,cyclophosphamide,lomustine,vincristine",yes
Lurie Children's Hospital,C183393,Not Reported,Not Reported,Not Applicable,Treatment follows a protocol but subject is not enrolled,349,584,Not Reported,yes
Lurie Children's Hospital,C180318,Not Reported,Not Reported,Not Applicable,Treatment follows a protocol but subject is not enrolled,1482,1654,Not Reported,yes
Lurie Children's Hospital,C5623314,Other,Other,Not Applicable,Treatment follows a protocol and subject is enrolled on a protocol,5720,5879,Not Reported,no
Lurie Children's Hospital,C618567,Not Reported,Not Reported,Not Applicable,Treatment follows a protocol and subject is enrolled on a protocol,2551,2789,Not Reported,yes
Lurie Children's Hospital,C2460369,Not Applicable,Not Applicable,Not Applicable,Treatment follows other standard of care not associated with a current or past protocol,2271,Not Reported,"topotecan,temozolomide",no
Lurie Children's Hospital,C3376596,MEMMAT,MEMMAT,Not Applicable,Treatment follows a protocol and subject is enrolled on a protocol,4716,4987,"bevacizumab,celecoxib,cyclophosphamide,cytarabine,etoposide,fenofibric acid,thalidomide",no
Lurie Children's Hospital,C144525,Not Applicable,Not Applicable,Not Applicable,Unavailable treatment,Not Applicable,Not Applicable,Not Applicable,no
Maria Fareri Children's Hospital at Westchester Medical Center,C7105095,Other,Other,Not Applicable,Treatment follows a protocol but subject is not enrolled,3831,3924,Not Reported,yes
Meyer Children's Hospital,C7391931,Not Applicable,Not Applicable,Not Applicable,Treatment follows other standard of care not associated with a current or past protocol,60,Not Available,Not Reported,yes
Meyer Children's Hospital,C4417668,Not Applicable,Not Applicable,Not Applicable,Unavailable treatment,Not Applicable,Not Applicable,Not Applicable,no
Meyer Children's Hospital,C823731,Not Applicable,Not Applicable,Not Applicable,Treatment follows other standard of care not associated with a current or past protocol,4428,4964,Not Reported,yes
Meyer Children's Hospital,C773547,Not Applicable,Not Applicable,Not Applicable,Treatment follows other standard of care not associated with a current or past protocol,1104,1405,"methotrexate,etoposide,carboplatin,cyclophosphamide,vincristine",yes
Meyer Children's Hospital,C2404158,Other,Other,Not Applicable,Treatment follows a protocol and subject is enrolled on a protocol,760,912,Not Reported,yes
Meyer Children's Hospital,C7400172,Not Applicable,Not Applicable,Not Applicable,Unavailable treatment,Not Applicable,Not Applicable,Not Applicable,no
Meyer Children's Hospital,C705282,Not Applicable,Not Applicable,Not Applicable,Treatment follows other standard of care not associated with a current or past protocol,2313,2794,"vincristine,cisplatin,lomustine,carboplatin",yes
Meyer Children's Hospital,C1205277,Not Reported,Not Reported,Not Applicable,Treatment follows a protocol and subject is enrolled on a protocol,3660,3719,Not Reported,yes
Meyer Children's Hospital,C292371,Not Applicable,Not Applicable,Not Applicable,Treatment follows other standard of care not associated with a current or past protocol,899,Not Reported,bevacizumab,yes
Meyer Children's Hospital,C7376187,Not Applicable,Not Applicable,Not Applicable,Unavailable treatment,Not Applicable,Not Applicable,Not Applicable,no
Meyer Children's Hospital,C7456383,Not Applicable,Not Applicable,Not Applicable,Treatment follows other standard of care not associated with a current or past protocol,Not Available,Not Available,"methotrexate,vinorelbine,etoposide,carboplatin",no
Meyer Children's Hospital,C773424,Not Applicable,Not Applicable,Not Applicable,Treatment follows other standard of care not associated with a current or past protocol,2524,2744,"carboplatin,vincristine",yes
Meyer Children's Hospital,C7467576,Not Applicable,Not Applicable,Not Applicable,Unavailable treatment,Not Applicable,Not Applicable,Not Applicable,no
OHSU Doernbecher Children's Hospital,C4108569,ACNS0331,ACNS0331,Not Applicable,Treatment follows a protocol but subject is not enrolled,2722,3100,"cisplatin,cyclophosphamide,lomustine,vincristine",yes
OHSU Doernbecher Children's Hospital,C6067590,Not Applicable,Not Applicable,Not Applicable,Treatment follows other standard of care not associated with a current or past protocol,5674,5870,bevacizumab,no
OHSU Doernbecher Children's Hospital,C4127634,ACNS0331,ACNS0331,Not Applicable,Treatment follows a protocol but subject is not enrolled,2296,2611,"cisplatin,cyclophosphamide,lomustine,vincristine",yes
Orlando Health Arnold Palmer Hospital,C4274373,Not Applicable,Not Applicable,Not Applicable,Treatment follows other standard of care not associated with a current or past protocol,7161,7698,"etoposide 50 mg,cyclophosphamide 50 mg,topotecan injection [hycamtin]",no
Orlando Health Arnold Palmer Hospital,C4719387,ACNS0333,ACNS0333,Not Applicable,Treatment follows a protocol but subject is not enrolled,838,1077,"carboplatin,cisplatin,cyclophosphamide,etoposide,filgrastim,methotrexate,thiotepa,vincristine",yes
Orlando Health Arnold Palmer Hospital,C7638177,"ACNS0332: Regimen A (no carboplatin, no isotretinoin)",ACNS0332,"Regimen A (no carboplatin, no isotretinoin)",Treatment follows a protocol but subject is not enrolled,6195,Not Reported,"cisplatin,cyclophosphamide,vincristine",yes
Orlando Health Arnold Palmer Hospital,C6110148,ACNS0334: Regimen A,ACNS0334,Regimen A,Treatment follows a protocol and subject is enrolled on a protocol,910,1031,"carboplatin,cisplatin,cyclophosphamide,etoposide,thiotepa,vincristine",yes
Seattle Children's Hospital,C170355,CCG-99701: Regimen B,CCG-99701,Regimen B,Treatment follows a protocol and subject is enrolled on a protocol,3724,3965,"carboplatin,cisplatin,cyclophosphamide,vincristine",yes
Seattle Children's Hospital,C2571315,ACNS0334: Regimen B,ACNS0334,Regimen B,Treatment follows a protocol but subject is not enrolled,1289,1410,"carboplatin,cisplatin,cyclophosphamide,etoposide,methotrexate,thiotepa,vincristine",yes
Seattle Children's Hospital,C141942,CCG-99703,CCG-99703,Not Applicable,Treatment follows a protocol but subject is not enrolled,178,310,"carboplatin,cisplatin,cyclophosphamide,etoposide,thiotepa,vincristine",yes
Seattle Children's Hospital,C143418,"ACNS0332: Regimen A (no carboplatin, no isotretinoin)",ACNS0332,"Regimen A (no carboplatin, no isotretinoin)",Treatment follows a protocol but subject is not enrolled,1907,2159,"cisplatin,cyclophosphamide,vincristine",yes
Seattle Children's Hospital,C2358156,PBTC026,PBTC026,Not Applicable,Treatment follows a protocol and subject is enrolled on a protocol,417,969,"carboplatin,cisplatin,cyclophosphamide,etoposide,isotretinoin,thiotepa,vincristine,vorinostat",yes
Seattle Children's Hospital,C169248,Not Applicable,Not Applicable,Not Applicable,Treatment follows other standard of care not associated with a current or past protocol,9196,Not Reported,"temozolomide oral capsule,vp-16 50 mg oral capsule",no
Seattle Children's Hospital,C303810,Not Applicable,Not Applicable,Not Applicable,Treatment follows other standard of care not associated with a current or past protocol,4091,Not Available,crizotinib,no
Seattle Children's Hospital,C148215,ACNS0334: Regimen B,ACNS0334,Regimen B,Treatment follows a protocol but subject is not enrolled,225,368,"carboplatin,cisplatin,cyclophosphamide,etoposide,methotrexate,thiotepa,vincristine",yes
Seattle Children's Hospital,C782895,"ACNS0332: Regimen B (carboplatin, no isotretinoin)",ACNS0332,"Regimen B (carboplatin, no isotretinoin)",Treatment follows a protocol and subject is enrolled on a protocol,2033,2376,"carboplatin,cisplatin,cyclophosphamide,vincristine",yes
Seattle Children's Hospital,C2571192,Not Applicable,Not Applicable,Not Applicable,Treatment follows other standard of care not associated with a current or past protocol,1161,Not Available,etoposide,yes
Seattle Children's Hospital,C602700,ACNS0334: Regimen B,ACNS0334,Regimen B,Treatment follows a protocol but subject is not enrolled,1399,1525,"carboplatin,cisplatin,cyclophosphamide,etoposide,methotrexate,thiotepa,vincristine",yes
Seattle Children's Hospital,C143172,CCG-A9961: Regimen A,CCG-A9961,Regimen A,Treatment follows a protocol but subject is not enrolled,4067,4448,"cisplatin,lomustine,vincristine",yes
Seattle Children's Hospital,C912660,ADVL1514,ADVL1514,Not Applicable,Treatment follows a protocol and subject is enrolled on a protocol,3180,3198,"irinotecan,nanoparticle albumin-bound rapamycin,temozolomide",no
Seattle Children's Hospital,C3631698,Not Applicable,Not Applicable,Not Applicable,Treatment follows other standard of care not associated with a current or past protocol,11104,Not Reported,vismodegib,no
Seattle Children's Hospital,C154365,CCG-A9961: Regimen A,CCG-A9961,Regimen A,Treatment follows a protocol but subject is not enrolled,5737,6125,"cisplatin,lomustine,vincristine",yes
Seattle Children's Hospital,C1155462,CCG-A9961: Regimen A,CCG-A9961,Regimen A,Treatment follows a protocol but subject is not enrolled,1546,Not Available,"cisplatin,lomustine,vincristine",yes
Seattle Children's Hospital,C1155585,"ACNS0332: Regimen A (no carboplatin, no isotretinoin)",ACNS0332,"Regimen A (no carboplatin, no isotretinoin)",Treatment follows a protocol and subject is enrolled on a protocol,4340,4532,"cisplatin,cyclophosphamide,vincristine",yes
Seattle Children's Hospital,C141696,"ACNS0332: Regimen B (carboplatin, no isotretinoin)",ACNS0332,"Regimen B (carboplatin, no isotretinoin)",Treatment follows a protocol but subject is not enrolled,3997,4210,"carboplatin,cisplatin,cyclophosphamide,vincristine",yes
Seattle Children's Hospital,C8379990,Not Applicable,Not Applicable,Not Applicable,Treatment follows other standard of care not associated with a current or past protocol,4397,Not Reported,"vincristine,cisplatin,cyclophosphamide",yes
Seattle Children's Hospital,C1155462,PNOC005: Stratum B,PNOC005,Stratum B,Treatment follows a protocol and subject is enrolled on a protocol,2526,2526,disseminated atrt/medullo (delivery via lp x 1 dose),no
Seattle Children's Hospital,C142557,ACNS0334: Regimen A,ACNS0334,Regimen A,Treatment follows a protocol but subject is not enrolled,1044,1180,"carboplatin,cisplatin,cyclophosphamide,etoposide,thiotepa,vincristine",yes
Seattle Children's Hospital,C1070100,Not Applicable,Not Applicable,Not Applicable,Treatment follows other standard of care not associated with a current or past protocol,7517,7808,etoposide,no
Seattle Children's Hospital,C1253862,Not Applicable,Not Applicable,Not Applicable,Treatment follows other standard of care not associated with a current or past protocol,5097,5139,"fluorouracil,oxaliplatin,pembrolizumab",no
Seattle Children's Hospital,C701223,Not Applicable,Not Applicable,Not Applicable,Treatment follows other standard of care not associated with a current or past protocol,3656,3684,avastin,yes
Seattle Children's Hospital,C1056939,ACNS0333,ACNS0333,Not Applicable,Treatment follows a protocol but subject is not enrolled,661,747,"carboplatin,cisplatin,cyclophosphamide,etoposide,filgrastim,methotrexate,thiotepa,vincristine",yes
Seattle Children's Hospital,C5492565,CCG-A9961: Regimen A,CCG-A9961,Regimen A,Treatment follows a protocol and subject is enrolled on a protocol,4705,5086,"cisplatin,lomustine,vincristine",yes
Seattle Children's Hospital,C147846,CCG-99703,CCG-99703,Not Applicable,Treatment follows a protocol but subject is not enrolled,2580,2813,"carboplatin,cisplatin,cyclophosphamide,etoposide,thiotepa,vincristine",yes
Seattle Children's Hospital,C8183559,"ACNS0332: Regimen A (no carboplatin, no isotretinoin)",ACNS0332,"Regimen A (no carboplatin, no isotretinoin)",Treatment follows a protocol but subject is not enrolled,3519,Not Available,"cisplatin,cyclophosphamide,vincristine",yes
Seattle Children's Hospital,C701469,ACNS0334: Regimen A,ACNS0334,Regimen A,Treatment follows a protocol but subject is not enrolled,746,875,"carboplatin,cisplatin,cyclophosphamide,etoposide,thiotepa,vincristine",yes
Seattle Children's Hospital,C7302756,ACNS0334: Regimen B,ACNS0334,Regimen B,Treatment follows a protocol but subject is not enrolled,1715,1883,"carboplatin,cisplatin,cyclophosphamide,etoposide,methotrexate,thiotepa,vincristine",yes
Seattle Children's Hospital,C647349,ADVL1515,ADVL1515,Not Applicable,Treatment follows a protocol and subject is enrolled on a protocol,1382,1396,prexasertib,no
Seattle Children's Hospital,C1183875,ACNS1422,ACNS1422,Not Applicable,Treatment follows a protocol and subject is enrolled on a protocol,6502,6721,"cisplatin,cyclophosphamide,lomustine,vincristine",yes
Seattle Children's Hospital,C142557,MEMMAT,MEMMAT,Not Applicable,Treatment follows a protocol but subject is not enrolled,1701,1852,"bevacizumab,celecoxib,cyclophosphamide,cytarabine,etoposide,fenofibric acid,thalidomide",no
Seattle Children's Hospital,C103074,CCG-A9961: Regimen A,CCG-A9961,Regimen A,Treatment follows a protocol but subject is not enrolled,8237,8636,"cisplatin,lomustine,vincristine",yes
Seattle Children's Hospital,C5623560,ACNS0334: Regimen B,ACNS0334,Regimen B,Treatment follows a protocol but subject is not enrolled,1737,1874,"carboplatin,cisplatin,cyclophosphamide,etoposide,methotrexate,thiotepa,vincristine",yes
Seattle Children's Hospital,C104058,CCG-A9961: Regimen A,CCG-A9961,Regimen A,Treatment follows a protocol and subject is enrolled on a protocol,4561,4937,"cisplatin,lomustine,vincristine",yes
Seattle Children's Hospital,C2784966,Not Applicable,Not Applicable,Not Applicable,Treatment follows other standard of care not associated with a current or past protocol,8617,8725,"cisplatin,cyclophosphamide,etoposide,vincristine",yes
Seattle Children's Hospital,C8432019,ACNS0334: Regimen B,ACNS0334,Regimen B,Treatment follows a protocol but subject is not enrolled,1706,1880,"carboplatin,cisplatin,cyclophosphamide,etoposide,methotrexate,thiotepa,vincristine",yes
Seattle Children's Hospital,C8432142,ACNS0334: Regimen A,ACNS0334,Regimen A,Treatment follows a protocol and subject is enrolled on a protocol,1009,Not Reported,"carboplatin,cisplatin,cyclophosphamide,etoposide,thiotepa,vincristine",yes
Seattle Children's Hospital,C2355081,CCG-A9961: Regimen A,CCG-A9961,Regimen A,Treatment follows a protocol but subject is not enrolled,5026,5397,"cisplatin,lomustine,vincristine",yes
Seattle Children's Hospital,C2332203,Not Applicable,Not Applicable,Not Applicable,Treatment follows other standard of care not associated with a current or past protocol,5898,Not Reported,"temozolomide,bevacizumab,irinotecan",no
Seattle Children's Hospital,C758541,ACNS0821: TEMO+IRIN+BEVA,ACNS0821,TEMO+IRIN+BEVA,Treatment follows a protocol but subject is not enrolled,4288,4558,"bevacizumab,irinotecan,temozolomide",no
Seattle Children's Hospital,C677115,CCG-A9961: Regimen A,CCG-A9961,Regimen A,Treatment follows a protocol but subject is not enrolled,3659,Not Available,"cisplatin,lomustine,vincristine",yes
Seattle Children's Hospital,C1070100,ACNS0821: TEMO+IRIN+BEVA,ACNS0821,TEMO+IRIN+BEVA,Treatment follows a protocol and subject is enrolled on a protocol,7007,7272,"bevacizumab,irinotecan,temozolomide",no
Seattle Children's Hospital,C173799,CCG-A9961: Regimen A,CCG-A9961,Regimen A,Treatment follows a protocol but subject is not enrolled,4681,Not Available,"cisplatin,lomustine,vincristine",yes
Seattle Children's Hospital,C836769,ACNS0821: TEMO+IRIN+BEVA,ACNS0821,TEMO+IRIN+BEVA,Treatment follows a protocol and subject is enrolled on a protocol,4665,4910,"bevacizumab,irinotecan,temozolomide",no
Seattle Children's Hospital,C147969,CCG-A9961: Regimen A,CCG-A9961,Regimen A,Treatment follows a protocol but subject is not enrolled,1906,2207,"cisplatin,lomustine,vincristine",yes
Seattle Children's Hospital,C142557,Not Applicable,Not Applicable,Not Applicable,Treatment follows other standard of care not associated with a current or past protocol,1862,1960,"etoposide,methotrexate,topotecan",no
Seattle Children's Hospital,C1253493,CCG-A9961: Regimen A,CCG-A9961,Regimen A,Treatment follows a protocol but subject is not enrolled,2026,2418,"cisplatin,lomustine,vincristine",yes
Seattle Children's Hospital,C169248,Not Reported,Not Reported,Not Applicable,Treatment follows a protocol and subject is enrolled on a protocol,3146,3517,Not Reported,no
Seattle Children's Hospital,C2784966,Not Applicable,Not Applicable,Not Applicable,Treatment follows other standard of care not associated with a current or past protocol,10608,11364,"temozolomide,irinotecan,etoposide,bevacizumab,vismodegib",no
Seattle Children's Hospital,C603069,Not Applicable,Not Applicable,Not Applicable,Treatment follows other standard of care not associated with a current or past protocol,568,584,etoposide,no
Seattle Children's Hospital,C303810,PBTC026,PBTC026,Not Applicable,Treatment follows a protocol and subject is enrolled on a protocol,1146,1198,"carboplatin,cisplatin,cyclophosphamide,etoposide,isotretinoin,thiotepa,vincristine,vorinostat",yes
Seattle Children's Hospital,C837630,Not Applicable,Not Applicable,Not Applicable,Treatment follows other standard of care not associated with a current or past protocol,2275,2499,etoposide,no
Seattle Children's Hospital,C647349,ACNS0334: Regimen A,ACNS0334,Regimen A,Treatment follows a protocol but subject is not enrolled,777,901,"carboplatin,cisplatin,cyclophosphamide,etoposide,thiotepa,vincristine",yes
Seattle Children's Hospital,C2571192,ACNS0334: Regimen A,ACNS0334,Regimen A,Treatment follows a protocol but subject is not enrolled,815,955,"carboplatin,cisplatin,cyclophosphamide,etoposide,thiotepa,vincristine",yes
Seattle Children's Hospital,C123123,ACNS0333,ACNS0333,Not Applicable,Treatment follows a protocol and subject is enrolled on a protocol,852,887,"carboplatin,cisplatin,cyclophosphamide,etoposide,filgrastim,methotrexate,thiotepa,vincristine",yes
Seattle Children's Hospital,C647349,Not Applicable,Not Applicable,Not Applicable,Treatment follows other standard of care not associated with a current or past protocol,1280,1308,"irinotecan,temozolomide,methotrexate",no
Seattle Children's Hospital,C1070346,"APEC1621: Subprotocol C (EZH2, SMARCB1, or SMARCA4 gene mutation)",APEC1621,"Subprotocol C (EZH2, SMARCB1, or SMARCA4 gene mutation)",Treatment follows a protocol and subject is enrolled on a protocol,1381,1705,tazemetostat,no
Seattle Children's Hospital,C3544737,"ACNS0332: Regimen A (no carboplatin, no isotretinoin)",ACNS0332,"Regimen A (no carboplatin, no isotretinoin)",Treatment follows a protocol but subject is not enrolled,4720,4896,"cisplatin,cyclophosphamide,vincristine",yes
Seattle Children's Hospital,C2333310,ACNS0334: Regimen B,ACNS0334,Regimen B,Treatment follows a protocol but subject is not enrolled,493,630,"carboplatin,cisplatin,cyclophosphamide,etoposide,methotrexate,thiotepa,vincristine",yes
Seattle Children's Hospital,C142557,ACNS0821: TEMO+IRIN+BEVA,ACNS0821,TEMO+IRIN+BEVA,Treatment follows a protocol and subject is enrolled on a protocol,1518,1958,"bevacizumab,irinotecan,temozolomide",no
Seattle Children's Hospital,C1070838,Not Applicable,Not Applicable,Not Applicable,Treatment follows other standard of care not associated with a current or past protocol,3757,4010,"etoposide,methotrexate",no
Seattle Children's Hospital,C2852616,CCG-A9961: Regimen A,CCG-A9961,Regimen A,Treatment follows a protocol but subject is not enrolled,5776,6083,"cisplatin,lomustine,vincristine",yes
Seattle Children's Hospital,C143541,CCG-99703,CCG-99703,Not Applicable,Treatment follows a protocol but subject is not enrolled,313,435,"carboplatin,cisplatin,cyclophosphamide,etoposide,thiotepa,vincristine",yes
Stanford Lucile Packard Children's Hospital,C3522105,SJMB12: Stratum N3: High Risk,SJMB12,Stratum N3: High Risk,Treatment follows a protocol and subject is enrolled on a protocol,6843,6899,"cisplatin,cyclophosphamide,gemcitabine,pemetrexed,vincristine",yes
Stanford Lucile Packard Children's Hospital,C3638340,Not Reported,Not Reported,Not Applicable,Treatment follows a protocol but subject is not enrolled,Not Available,3646,Not Reported,no
Stanford Lucile Packard Children's Hospital,C3518784,"ACNS0332: Regimen A (no carboplatin, no isotretinoin)",ACNS0332,"Regimen A (no carboplatin, no isotretinoin)",Treatment follows a protocol but subject is not enrolled,2632,2815,"cisplatin,cyclophosphamide,vincristine",yes
Stanford Lucile Packard Children's Hospital,C7376433,"ACNS0332: Regimen B (carboplatin, no isotretinoin)",ACNS0332,"Regimen B (carboplatin, no isotretinoin)",Treatment follows a protocol but subject is not enrolled,1738,Not Reported,"carboplatin,cisplatin,cyclophosphamide,vincristine",yes
Stanford Lucile Packard Children's Hospital,C4472157,Not Applicable,Not Applicable,Not Applicable,Treatment follows other standard of care not associated with a current or past protocol,1211,1595,"methotrexate,hydrocortisone 25 mg/ml [texacort],cytarabine,cisplatin,cyclophosphamide / mannitol",yes
Stanford Lucile Packard Children's Hospital,C2684844,Not Applicable,Not Applicable,Not Applicable,Unavailable treatment,Not Applicable,Not Applicable,Not Applicable,no
Stanford Lucile Packard Children's Hospital,C3224691,Not Applicable,Not Applicable,Not Applicable,Treatment follows other standard of care not associated with a current or past protocol,5806,6184,temozolomide,no
Stanford Lucile Packard Children's Hospital,C4097622,SJYC07: High-Risk Patients,SJYC07,High-Risk Patients,Treatment follows a protocol and subject is enrolled on a protocol,390,563,"cisplatin,cyclophosphamide,erlotinib,etoposide,methotrexate,topotecan,vinblastine,vincristine",yes
Stanford Lucile Packard Children's Hospital,C1014381,Not Applicable,Not Applicable,Not Applicable,Treatment follows other standard of care not associated with a current or past protocol,4872,4975,"cyclophosphamide,cisplatin,vincristine",yes
The Children's Hospital of Philadelphia,C5964147,ACNS0331,ACNS0331,Not Applicable,Treatment follows a protocol but subject is not enrolled,2487,2882,"cisplatin,cyclophosphamide,lomustine,vincristine",yes
The Children's Hospital of Philadelphia,C49077,Not Applicable,Not Applicable,Not Applicable,Treatment follows other standard of care not associated with a current or past protocol,7182,Not Available,temozolomide,no
The Children's Hospital of Philadelphia,C1026804,PNOC005: Stratum A,PNOC005,Stratum A,Treatment follows a protocol and subject is enrolled on a protocol,6456,6526,locally recurrent atrt/medullo (delivery into tumor bed),no
The Children's Hospital of Philadelphia,C1223973,SJMB12: Stratum N1: Standard Risk,SJMB12,Stratum N1: Standard Risk,Treatment follows a protocol and subject is enrolled on a protocol,3448,3534,"cisplatin,cyclophosphamide,vincristine",yes
The Children's Hospital of Philadelphia,C28905,Not Applicable,Not Applicable,Not Applicable,Treatment follows other standard of care not associated with a current or past protocol,6381,6416,"etoposide,thiotepa,topotecan",no
The Children's Hospital of Philadelphia,C84747,NMTRC V0706,NMTRC V0706,Not Applicable,Treatment follows a protocol and subject is enrolled on a protocol,8098,8172,"cyclophosphamide,nifurtimox,topotecan",no
The Children's Hospital of Philadelphia,C563709,Not Applicable,Not Applicable,Not Applicable,Treatment follows other standard of care not associated with a current or past protocol,Not Available,Not Available,"lomustine,vincristine,cisplatin",no
The Children's Hospital of Philadelphia,C81918,Not Applicable,Not Applicable,Not Applicable,Treatment follows other standard of care not associated with a current or past protocol,1381,Not Available,temozolomide,no
The Children's Hospital of Philadelphia,C549441,CHP455,CHP455,Not Applicable,Treatment follows a protocol but subject is not enrolled,Not Available,Not Available,"cisplatin,lomustine,vincristine",no
The Children's Hospital of Philadelphia,C50184,CHP693,CHP693,Not Applicable,Treatment follows a protocol but subject is not enrolled,Not Available,2952,"cisplatin,cyclophosphamide,etoposide,lomustine,vincristine",no
The Children's Hospital of Philadelphia,C6109902,ACNS0821: TEMO+IRIN,ACNS0821,TEMO+IRIN,Treatment follows a protocol but subject is not enrolled,1302,1476,"irinotecan,temozolomide",yes
The Children's Hospital of Philadelphia,C5137218,ACNS0821: TEMO+IRIN+BEVA,ACNS0821,TEMO+IRIN+BEVA,Treatment follows a protocol but subject is not enrolled,2132,2283,"bevacizumab,irinotecan,temozolomide",no
The Children's Hospital of Philadelphia,C59655,DFCI Modified IRS-III,DFCI Modified IRS-III,Not Applicable,Treatment follows a protocol but subject is not enrolled,2988,3522,"cisplatin,cyclophosphamide,cytarabine,dactinomycin,doxorubicin,etoposide,methotrexate,temozolomide,vincristine",yes
The Children's Hospital of Philadelphia,C8607048,ACNS0331,ACNS0331,Not Applicable,Treatment follows a protocol but subject is not enrolled,Not Reported,Not Reported,"cisplatin,cyclophosphamide,lomustine,vincristine",no
The Children's Hospital of Philadelphia,C584619,SJMB12: Stratum N2: Intermediate Risk,SJMB12,Stratum N2: Intermediate Risk,Treatment follows a protocol and subject is enrolled on a protocol,2362,2636,"cisplatin,cyclophosphamide,gemcitabine,pemetrexed,vincristine",yes
The Children's Hospital of Philadelphia,C2698005,Not Applicable,Not Applicable,Not Applicable,Treatment follows other standard of care not associated with a current or past protocol,1680,1919,"arsenic trioxide,tretinoin",no
The Children's Hospital of Philadelphia,C1248204,DFCI Modified IRS-III,DFCI Modified IRS-III,Not Applicable,Treatment follows a protocol but subject is not enrolled,2169,2644,"cisplatin,cyclophosphamide,cytarabine,dactinomycin,doxorubicin,etoposide,methotrexate,temozolomide,vincristine",yes
The Children's Hospital of Philadelphia,C6830682,"ACNS0332: Regimen C (no carboplatin, isotretinoin)",ACNS0332,"Regimen C (no carboplatin, isotretinoin)",Treatment follows a protocol but subject is not enrolled,3706,Not Reported,"cisplatin,cyclophosphamide,isotretinoin,vincristine",yes
The Children's Hospital of Philadelphia,C2698005,MEMMAT,MEMMAT,Not Applicable,Treatment follows a protocol but subject is not enrolled,1006,1675,"bevacizumab,celecoxib,cyclophosphamide,cytarabine,etoposide,fenofibric acid,thalidomide",no
The Children's Hospital of Philadelphia,C7351587,ACNS0334: Regimen A,ACNS0334,Regimen A,Treatment follows a protocol and subject is enrolled on a protocol,Not Reported,Not Reported,"carboplatin,cisplatin,cyclophosphamide,etoposide,thiotepa,vincristine",no
The Children's Hospital of Philadelphia,C740337,ACNS0331,ACNS0331,Not Applicable,Treatment follows a protocol but subject is not enrolled,Not Available,Not Available,"cisplatin,cyclophosphamide,lomustine,vincristine",no
The Children's Hospital of Philadelphia,C15252,PBTC026,PBTC026,Not Applicable,Treatment follows a protocol and subject is enrolled on a protocol,642,1246,"carboplatin,cisplatin,cyclophosphamide,etoposide,isotretinoin,thiotepa,vincristine,vorinostat",yes
The Children's Hospital of Philadelphia,C83517,Not Applicable,Not Applicable,Not Applicable,Treatment follows other standard of care not associated with a current or past protocol,4763,4778,bevacizumab,no
The Children's Hospital of Philadelphia,C3406239,Not Applicable,Not Applicable,Not Applicable,Treatment follows other standard of care not associated with a current or past protocol,1153,1477,"irinotecan,temodar,bevacizumab",no
The Children's Hospital of Philadelphia,C56211,Not Applicable,Not Applicable,Not Applicable,Treatment follows other standard of care not associated with a current or past protocol,5242,7531,"vincristine,lomustine,cisplatin",yes
The Children's Hospital of Philadelphia,C626070,DFCI Modified IRS-III,DFCI Modified IRS-III,Not Applicable,Treatment follows a protocol but subject is not enrolled,304,530,"cisplatin,cyclophosphamide,cytarabine,dactinomycin,doxorubicin,etoposide,methotrexate,temozolomide,vincristine",yes
The Children's Hospital of Philadelphia,C4483473,ACNS0333,ACNS0333,Not Applicable,Treatment follows a protocol but subject is not enrolled,1041,1145,"carboplatin,cisplatin,cyclophosphamide,etoposide,filgrastim,methotrexate,thiotepa,vincristine",yes
The Children's Hospital of Philadelphia,C6735357,Other,Other,Not Applicable,Treatment follows a protocol but subject is not enrolled,5258,Not Reported,Not Reported,yes
The Children's Hospital of Philadelphia,C740337,Not Applicable,Not Applicable,Not Applicable,Treatment follows other standard of care not associated with a current or past protocol,Not Available,Not Available,"carboplatin,thiotepa,etoposide",no
The Children's Hospital of Philadelphia,C4082862,ACNS0331,ACNS0331,Not Applicable,Treatment follows a protocol but subject is not enrolled,8066,8387,"cisplatin,cyclophosphamide,lomustine,vincristine",yes
The Children's Hospital of Philadelphia,C39729,CCG-99703,CCG-99703,Not Applicable,Treatment follows a protocol but subject is not enrolled,1266,1421,"carboplatin,cisplatin,cyclophosphamide,etoposide,thiotepa,vincristine",yes
The Children's Hospital of Philadelphia,C44403,SJMB03,SJMB03,Not Applicable,Treatment follows a protocol and subject is enrolled on a protocol,2010,Not Available,"cisplatin,cyclophosphamide,vincristine",yes
The Children's Hospital of Philadelphia,C374412,DFCI Modified IRS-III,DFCI Modified IRS-III,Not Applicable,Treatment follows a protocol but subject is not enrolled,192,527,"cisplatin,cyclophosphamide,cytarabine,dactinomycin,doxorubicin,etoposide,methotrexate,temozolomide,vincristine",yes
The Children's Hospital of Philadelphia,C7218378,Head Start III: myeloablative chemotherapy,Head Start III,myeloablative chemotherapy,Treatment follows a protocol but subject is not enrolled,943,1040,"carboplatin,etoposide,thiotepa",yes
The Children's Hospital of Philadelphia,C5633277,ACNS0331,ACNS0331,Not Applicable,Treatment follows a protocol but subject is not enrolled,3395,Not Available,"cisplatin,cyclophosphamide,lomustine,vincristine",yes
The Children's Hospital of Philadelphia,C851406,Not Applicable,Not Applicable,Not Applicable,Treatment follows other standard of care not associated with a current or past protocol,Not Available,Not Available,Not Reported,no
The Children's Hospital of Philadelphia,C2897142,SJMB12: Stratum S1: Standard Risk,SJMB12,Stratum S1: Standard Risk,Treatment follows a protocol and subject is enrolled on a protocol,6103,6189,"cisplatin,cyclophosphamide,vincristine,vismodegib",yes
The Children's Hospital of Philadelphia,C55350,Not Applicable,Not Applicable,Not Applicable,Treatment follows other standard of care not associated with a current or past protocol,2679,3014,"cisplatin,vincristine,lomustine",yes
The Children's Hospital of Philadelphia,C18081,Not Applicable,Not Applicable,Not Applicable,Treatment follows other standard of care not associated with a current or past protocol,921,979,"temozolomide,vincristine",no
The Children's Hospital of Philadelphia,C8660430,SJMB03,SJMB03,Not Applicable,Treatment follows a protocol but subject is not enrolled,2765,Not Reported,"cisplatin,cyclophosphamide,vincristine",yes
The Children's Hospital of Philadelphia,C7726245,Not Applicable,Not Applicable,Not Applicable,Not Reported,Not Applicable,Not Applicable,Not Applicable,no
The Children's Hospital of Philadelphia,C101721,DFCI Modified IRS-III,DFCI Modified IRS-III,Not Applicable,Treatment follows a protocol but subject is not enrolled,469,Not Available,"cisplatin,cyclophosphamide,cytarabine,dactinomycin,doxorubicin,etoposide,methotrexate,temozolomide,vincristine",yes
The Children's Hospital of Philadelphia,C374412,Not Applicable,Not Applicable,Not Applicable,Treatment follows other standard of care not associated with a current or past protocol,Not Available,Not Available,topotecan,no
The Children's Hospital of Philadelphia,C854112,Not Applicable,Not Applicable,Not Applicable,Treatment follows other standard of care not associated with a current or past protocol,Not Available,Not Available,"carboplatin,vincristine",no
The Children's Hospital of Philadelphia,C227058,DFCI Modified IRS-III,DFCI Modified IRS-III,Not Applicable,Treatment follows a protocol but subject is not enrolled,524,Not Available,"cisplatin,cyclophosphamide,cytarabine,dactinomycin,doxorubicin,etoposide,methotrexate,temozolomide,vincristine",yes
The Children's Hospital of Philadelphia,C58917,Not Applicable,Not Applicable,Not Applicable,Treatment follows other standard of care not associated with a current or past protocol,1589,1649,"cisplatin,vincristine,etoposide,cyclophosphamide",yes
The Children's Hospital of Philadelphia,C1032093,Not Applicable,Not Applicable,Not Applicable,Treatment follows other standard of care not associated with a current or past protocol,1065,1091,Not Reported,no
The Children's Hospital of Philadelphia,C75399,ACNS0821: TEMO+IRIN,ACNS0821,TEMO+IRIN,Treatment follows a protocol but subject is not enrolled,6038,6146,"irinotecan,temozolomide",no
The Children's Hospital of Philadelphia,C5489736,Not Applicable,Not Applicable,Not Applicable,Treatment follows other standard of care not associated with a current or past protocol,461,475,"nivolumab,ipilimumab",no
The Children's Hospital of Philadelphia,C196554,Not Applicable,Not Applicable,Not Applicable,Treatment follows other standard of care not associated with a current or past protocol,573,619,temozolomide,no
The Children's Hospital of Philadelphia,C312912,Not Applicable,Not Applicable,Not Applicable,Treatment follows other standard of care not associated with a current or past protocol,Not Available,Not Available,"bevacizumab,irinotecan",no
The Children's Hospital of Philadelphia,C22878,PBTC022,PBTC022,Not Applicable,Treatment follows a protocol and subject is enrolled on a protocol,5831,6106,"bevacizumab,irinotecan",no
The Children's Hospital of Philadelphia,C4021731,ACNS0334: Regimen B,ACNS0334,Regimen B,Treatment follows a protocol but subject is not enrolled,571,754,"carboplatin,cisplatin,cyclophosphamide,etoposide,methotrexate,thiotepa,vincristine",yes
The Children's Hospital of Philadelphia,C2501205,CCG-99703,CCG-99703,Not Applicable,Treatment follows a protocol but subject is not enrolled,1513,1678,"carboplatin,cisplatin,cyclophosphamide,etoposide,thiotepa,vincristine",yes
The Children's Hospital of Philadelphia,C854112,Not Applicable,Not Applicable,Not Applicable,Treatment follows other standard of care not associated with a current or past protocol,Not Available,Not Available,"cyclophosphamide,topotecan",no
The Children's Hospital of Philadelphia,C1026804,ACNS0126,ACNS0126,Not Applicable,Treatment follows a protocol and subject is enrolled on a protocol,7150,7235,temozolomide,no
The Children's Hospital of Philadelphia,C99630,SJMB03,SJMB03,Not Applicable,Treatment follows a protocol but subject is not enrolled,5453,5551,"cisplatin,cyclophosphamide,vincristine",yes
The Children's Hospital of Philadelphia,C964566,DFCI Modified IRS-III,DFCI Modified IRS-III,Not Applicable,Treatment follows a protocol but subject is not enrolled,2867,3466,"cisplatin,cyclophosphamide,cytarabine,dactinomycin,doxorubicin,etoposide,methotrexate,temozolomide,vincristine",yes
The Children's Hospital of Philadelphia,C854112,Not Applicable,Not Applicable,Not Applicable,Treatment follows other standard of care not associated with a current or past protocol,Not Available,Not Available,Not Reported,no
The Children's Hospital of Philadelphia,C6538311,DFCI Modified IRS-III,DFCI Modified IRS-III,Not Applicable,Treatment follows a protocol and subject is enrolled on a protocol,295,411,"cisplatin,cyclophosphamide,cytarabine,dactinomycin,doxorubicin,etoposide,methotrexate,temozolomide,vincristine",yes
The Children's Hospital of Philadelphia,C625086,Other,Other,Not Applicable,Treatment follows a protocol but subject is not enrolled,5186,5500,Not Reported,no
The Children's Hospital of Philadelphia,C396552,CCG-99703,CCG-99703,Not Applicable,Treatment follows a protocol but subject is not enrolled,508,682,"carboplatin,cisplatin,cyclophosphamide,etoposide,thiotepa,vincristine",yes
The Children's Hospital of Philadelphia,C701838,Other,Other,Not Applicable,Treatment follows a protocol and subject is enrolled on a protocol,3791,3912,Not Reported,no
The Children's Hospital of Philadelphia,C2313753,Head Start III: myeloablative chemotherapy,Head Start III,myeloablative chemotherapy,Treatment follows a protocol but subject is not enrolled,Not Available,536,"carboplatin,etoposide,thiotepa",no
The Children's Hospital of Philadelphia,C2322117,DFCI Modified IRS-III,DFCI Modified IRS-III,Not Applicable,Treatment follows a protocol but subject is not enrolled,171,421,"cisplatin,cyclophosphamide,cytarabine,dactinomycin,doxorubicin,etoposide,methotrexate,temozolomide,vincristine",yes
The Children's Hospital of Philadelphia,C5489736,DFCI Modified IRS-III,DFCI Modified IRS-III,Not Applicable,Treatment follows a protocol but subject is not enrolled,119,455,"cisplatin,cyclophosphamide,cytarabine,dactinomycin,doxorubicin,etoposide,methotrexate,temozolomide,vincristine",yes
The Children's Hospital of Philadelphia,C2536506,CCG-99703,CCG-99703,Not Applicable,Treatment follows a protocol but subject is not enrolled,701,856,"carboplatin,cisplatin,cyclophosphamide,etoposide,thiotepa,vincristine",yes
The Children's Hospital of Philadelphia,C21402,Not Applicable,Not Applicable,Not Applicable,Treatment follows other standard of care not associated with a current or past protocol,Not Available,Not Available,"cyclophosphamide,isotretinoin",no
The Children's Hospital of Philadelphia,C40098,CCG-99703,CCG-99703,Not Applicable,Treatment follows a protocol but subject is not enrolled,110,411,"carboplatin,cisplatin,cyclophosphamide,etoposide,thiotepa,vincristine",yes
The Children's Hospital of Philadelphia,C3422106,DFCI Modified IRS-III,DFCI Modified IRS-III,Not Applicable,Treatment follows a protocol and subject is enrolled on a protocol,37,155,"cisplatin,cyclophosphamide,cytarabine,dactinomycin,doxorubicin,etoposide,methotrexate,temozolomide,vincristine",yes
The Children's Hospital of Philadelphia,C973545,Not Applicable,Not Applicable,Not Applicable,Treatment follows other standard of care not associated with a current or past protocol,2970,3024,everolimus,no
The Children's Hospital of Philadelphia,C8516766,ACNS0331,ACNS0331,Not Applicable,Treatment follows a protocol but subject is not enrolled,4386,Not Available,"cisplatin,cyclophosphamide,lomustine,vincristine",yes
The Children's Hospital of Philadelphia,C4261089,DFCI Modified IRS-III,DFCI Modified IRS-III,Not Applicable,Treatment follows a protocol but subject is not enrolled,4223,4356,"cisplatin,cyclophosphamide,cytarabine,dactinomycin,doxorubicin,etoposide,methotrexate,temozolomide,vincristine",yes
The Children's Hospital of Philadelphia,C2322117,Not Applicable,Not Applicable,Not Applicable,Treatment follows other standard of care not associated with a current or past protocol,540,562,"carboplatin,thiotepa,etoposide",yes
The Children's Hospital of Philadelphia,C136653,CHP455,CHP455,Not Applicable,Treatment follows a protocol but subject is not enrolled,1819,1875,"cisplatin,lomustine,vincristine",yes
The Children's Hospital of Philadelphia,C6769797,ACNS0821: TEMO+IRIN,ACNS0821,TEMO+IRIN,Treatment follows a protocol and subject is enrolled on a protocol,1970,Not Available,"irinotecan,temozolomide",yes
The Children's Hospital of Philadelphia,C2322117,Not Applicable,Not Applicable,Not Applicable,Treatment follows other standard of care not associated with a current or past protocol,909,1464,"tazemetostat,topotecan",no
The Children's Hospital of Philadelphia,C6002523,"ACNS0332: Regimen A (no carboplatin, no isotretinoin)",ACNS0332,"Regimen A (no carboplatin, no isotretinoin)",Treatment follows a protocol and subject is enrolled on a protocol,2433,2579,"cisplatin,cyclophosphamide,vincristine",yes
The Children's Hospital of Philadelphia,C5490105,ACNS0331,ACNS0331,Not Applicable,Treatment follows a protocol but subject is not enrolled,3393,3427,"cisplatin,cyclophosphamide,lomustine,vincristine",yes
The Children's Hospital of Philadelphia,C3474996,Not Applicable,Not Applicable,Not Applicable,Treatment follows other standard of care not associated with a current or past protocol,9064,Not Available,"temozolomide,vismodegib",no
The Children's Hospital of Philadelphia,C25830,Not Applicable,Not Applicable,Not Applicable,Treatment follows other standard of care not associated with a current or past protocol,6650,7042,carboplatin,no
The Children's Hospital of Philadelphia,C528285,Not Applicable,Not Applicable,Not Applicable,Treatment follows other standard of care not associated with a current or past protocol,4365,Not Available,Not Reported,no
The Children's Hospital of Philadelphia,C3519645,CCG-99703,CCG-99703,Not Applicable,Treatment follows a protocol and subject is enrolled on a protocol,972,1076,"carboplatin,cisplatin,cyclophosphamide,etoposide,thiotepa,vincristine",yes
The Children's Hospital of Philadelphia,C6769797,ACNS0331,ACNS0331,Not Applicable,Treatment follows a protocol but subject is not enrolled,Not Available,Not Available,"cisplatin,cyclophosphamide,lomustine,vincristine",no
The Children's Hospital of Philadelphia,C2479926,PNOC016,PNOC016,Not Applicable,Treatment follows a protocol and subject is enrolled on a protocol,4248,4293,fimepinostat,no
The Children's Hospital of Philadelphia,C854112,Not Applicable,Not Applicable,Not Applicable,Treatment follows other standard of care not associated with a current or past protocol,Not Available,Not Available,bevacizumab,no
The Children's Hospital of Philadelphia,C3198492,SJMB12: Stratum N3: High Risk,SJMB12,Stratum N3: High Risk,Treatment follows a protocol and subject is enrolled on a protocol,3566,3762,"cisplatin,cyclophosphamide,gemcitabine,pemetrexed,vincristine",yes
The Children's Hospital of Philadelphia,C3422106,ACNS0333,ACNS0333,Not Applicable,Treatment follows a protocol and subject is enrolled on a protocol,206,470,"carboplatin,cisplatin,cyclophosphamide,etoposide,filgrastim,methotrexate,thiotepa,vincristine",no
The Children's Hospital of Philadelphia,C58548,CHP455,CHP455,Not Applicable,Treatment follows a protocol but subject is not enrolled,4359,4690,"cisplatin,lomustine,vincristine",yes
The Children's Hospital of Philadelphia,C2774019,SJMB12: Stratum N3: High Risk,SJMB12,Stratum N3: High Risk,Treatment follows a protocol but subject is not enrolled,1966,2178,"cisplatin,cyclophosphamide,gemcitabine,pemetrexed,vincristine",yes
The Children's Hospital of Philadelphia,C18081,PBTC026,PBTC026,Not Applicable,Treatment follows a protocol and subject is enrolled on a protocol,733,885,"carboplatin,cisplatin,cyclophosphamide,etoposide,isotretinoin,thiotepa,vincristine,vorinostat",yes
The Children's Hospital of Philadelphia,C2646837,Not Applicable,Not Applicable,Not Applicable,Treatment follows other standard of care not associated with a current or past protocol,3085,3110,"vincristine,irinotecan,temozolomide",no
The Children's Hospital of Philadelphia,C4190856,ACNS0331,ACNS0331,Not Applicable,Treatment follows a protocol but subject is not enrolled,6609,7001,"cisplatin,cyclophosphamide,lomustine,vincristine",yes
The Children's Hospital of Philadelphia,C28905,ACNS0821: TEMO+IRIN+BEVA,ACNS0821,TEMO+IRIN+BEVA,Treatment follows a protocol but subject is not enrolled,5682,6031,"bevacizumab,irinotecan,temozolomide",no
The Children's Hospital of Philadelphia,C2346471,SJMB03,SJMB03,Not Applicable,Treatment follows a protocol but subject is not enrolled,3809,3899,"cisplatin,cyclophosphamide,vincristine",yes
The Children's Hospital of Philadelphia,C1031847,SJMB12: Stratum N1: Standard Risk,SJMB12,Stratum N1: Standard Risk,Treatment follows a protocol and subject is enrolled on a protocol,1582,1676,"cisplatin,cyclophosphamide,vincristine",yes
The Children's Hospital of Philadelphia,C4463301,ACNS0331,ACNS0331,Not Applicable,Treatment follows a protocol and subject is enrolled on a protocol,2135,2466,"cisplatin,cyclophosphamide,lomustine,vincristine",yes
The Children's Hospital of Philadelphia,C698640,DFCI Modified IRS-III,DFCI Modified IRS-III,Not Applicable,Treatment follows a protocol but subject is not enrolled,367,389,"cisplatin,cyclophosphamide,cytarabine,dactinomycin,doxorubicin,etoposide,methotrexate,temozolomide,vincristine",no
The Children's Hospital of Philadelphia,C2322117,Not Applicable,Not Applicable,Not Applicable,Treatment follows other standard of care not associated with a current or past protocol,1467,1471,"bortezomib,prednisone,vincristine,pegaspargase",no
The Children's Hospital of Philadelphia,C270723,ACNS0331,ACNS0331,Not Applicable,Treatment follows a protocol but subject is not enrolled,3362,3772,"cisplatin,cyclophosphamide,lomustine,vincristine",yes
The Children's Hospital of Philadelphia,C30135,PBTC026,PBTC026,Not Applicable,Treatment follows a protocol and subject is enrolled on a protocol,1396,2041,"carboplatin,cisplatin,cyclophosphamide,etoposide,isotretinoin,thiotepa,vincristine,vorinostat",yes
The Children's Hospital of Philadelphia,C56211,Not Applicable,Not Applicable,Not Applicable,Treatment follows other standard of care not associated with a current or past protocol,Not Available,Not Available,vincristine,no
The Children's Hospital of Philadelphia,C701838,Not Applicable,Not Applicable,Not Applicable,Treatment follows other standard of care not associated with a current or past protocol,4052,Not Available,"temozolomide,etoposide",no
The Children's Hospital of Philadelphia,C3971178,SJMB12: Stratum W1: Low Risk,SJMB12,Stratum W1: Low Risk,Treatment follows a protocol and subject is enrolled on a protocol,3472,3570,"cisplatin,cyclophosphamide,vincristine",yes
The Children's Hospital of Philadelphia,C45879,CCG-99703,CCG-99703,Not Applicable,Treatment follows a protocol but subject is not enrolled,290,443,"carboplatin,cisplatin,cyclophosphamide,etoposide,thiotepa,vincristine",yes
The Children's Hospital of Philadelphia,C5490228,"ACNS0332: Regimen A (no carboplatin, no isotretinoin)",ACNS0332,"Regimen A (no carboplatin, no isotretinoin)",Treatment follows a protocol and subject is enrolled on a protocol,3507,3654,"cisplatin,cyclophosphamide,vincristine",yes
The Children's Hospital of Philadelphia,C854112,Not Applicable,Not Applicable,Not Applicable,Treatment follows other standard of care not associated with a current or past protocol,Not Available,Not Available,"bevacizumab,irinotecan",no
The Children's Hospital of Philadelphia,C28905,CHP455,CHP455,Not Applicable,Treatment follows a protocol but subject is not enrolled,4267,4666,"cisplatin,lomustine,vincristine",yes
The Children's Hospital of Philadelphia,C53628,CHP455,CHP455,Not Applicable,Treatment follows a protocol but subject is not enrolled,3577,3990,"cisplatin,lomustine,vincristine",yes
The Children's Hospital of Philadelphia,C308730,CHP455,CHP455,Not Applicable,Treatment follows a protocol and subject is enrolled on a protocol,4699,5007,"cisplatin,lomustine,vincristine",yes
The Children's Hospital of Philadelphia,C2322117,Not Applicable,Not Applicable,Not Applicable,Treatment follows other standard of care not associated with a current or past protocol,463,Not Available,temozolomide,yes
The Children's Hospital of Philadelphia,C4174251,ACNS0333,ACNS0333,Not Applicable,Treatment follows a protocol but subject is not enrolled,4362,Not Available,"carboplatin,cisplatin,cyclophosphamide,etoposide,filgrastim,methotrexate,thiotepa,vincristine",yes
The Children's Hospital of Philadelphia,C854112,Not Applicable,Not Applicable,Not Applicable,Treatment follows other standard of care not associated with a current or past protocol,Not Available,Not Available,"topotecan,cyclophosphamide",no
The Children's Hospital of Philadelphia,C625086,CHP455,CHP455,Not Applicable,Treatment follows a protocol but subject is not enrolled,2675,3050,"cisplatin,lomustine,vincristine",yes
The Children's Hospital of Philadelphia,C245754,CHP735: Induction,CHP735,Induction,Treatment follows a protocol but subject is not enrolled,4886,Not Available,"cisplatin,cyclophosphamide,etoposide,methotrexate,vincristine",yes
The Children's Hospital of Philadelphia,C2556555,SJMB12: Stratum N1: Standard Risk,SJMB12,Stratum N1: Standard Risk,Treatment follows a protocol and subject is enrolled on a protocol,5567,5657,"cisplatin,cyclophosphamide,vincristine",yes
The Children's Hospital of Philadelphia,C4063305,Not Applicable,Not Applicable,Not Applicable,Treatment follows other standard of care not associated with a current or past protocol,7673,Not Reported,"topotecan,etoposide",no
The Children's Hospital of Philadelphia,C270723,Not Applicable,Not Applicable,Not Applicable,Treatment follows other standard of care not associated with a current or past protocol,3780,3828,arsenic trioxide,yes
The Children's Hospital of Philadelphia,C40713,SJMB03,SJMB03,Not Applicable,Treatment follows a protocol but subject is not enrolled,2596,2876,"cisplatin,cyclophosphamide,vincristine",yes
The Children's Hospital of Philadelphia,C2536998,Not Reported,Not Reported,Not Applicable,Treatment follows a protocol but subject is not enrolled,1155,1395,Not Reported,yes
The Children's Hospital of Philadelphia,C4345713,ACNS0331,ACNS0331,Not Applicable,Treatment follows a protocol but subject is not enrolled,4485,4529,"cisplatin,cyclophosphamide,lomustine,vincristine",yes
The Children's Hospital of Philadelphia,C217095,SJMB03,SJMB03,Not Applicable,Treatment follows a protocol but subject is not enrolled,3098,3196,"cisplatin,cyclophosphamide,vincristine",no
The Children's Hospital of Philadelphia,C2479926,SJMB03,SJMB03,Not Applicable,Treatment follows a protocol but subject is not enrolled,3383,3480,"cisplatin,cyclophosphamide,vincristine",yes
The Children's Hospital of Philadelphia,C2896773,Not Applicable,Not Applicable,Not Applicable,Treatment follows other standard of care not associated with a current or past protocol,4521,4578,bevacizumab,yes
The Children's Hospital of Philadelphia,C3406239,CCG-99703,CCG-99703,Not Applicable,Treatment follows a protocol and subject is enrolled on a protocol,679,824,"carboplatin,cisplatin,cyclophosphamide,etoposide,thiotepa,vincristine",yes
The Children's Hospital of Philadelphia,C84747,Not Applicable,Not Applicable,Not Applicable,Treatment follows other standard of care not associated with a current or past protocol,8220,8394,"sirolimus,thalidomide,lomustine",no
The Children's Hospital of Philadelphia,C3665400,Not Applicable,Not Applicable,Not Applicable,Treatment follows other standard of care not associated with a current or past protocol,2192,2215,"ifosfamide,carboplatin,etoposide",no
The Children's Hospital of Philadelphia,C146247,CCG-99703,CCG-99703,Not Applicable,Treatment follows a protocol and subject is enrolled on a protocol,1238,1432,"carboplatin,cisplatin,cyclophosphamide,etoposide,thiotepa,vincristine",yes
The Children's Hospital of Philadelphia,C973545,VOIT,VOIT,Not Applicable,Treatment follows a protocol but subject is not enrolled,2570,2599,"irinotecan,temozolomide,vincristine",no
The Children's Hospital of Philadelphia,C794457,ACNS0331,ACNS0331,Not Applicable,Treatment follows a protocol but subject is not enrolled,2805,3113,"cisplatin,cyclophosphamide,lomustine,vincristine",yes
The Children's Hospital of Philadelphia,C21402,Not Applicable,Not Applicable,Not Applicable,Treatment follows other standard of care not associated with a current or past protocol,4912,5039,regorafenib,no
The Children's Hospital of Philadelphia,C466293,DFCI Modified IRS-III,DFCI Modified IRS-III,Not Applicable,Treatment follows a protocol but subject is not enrolled,398,928,"cisplatin,cyclophosphamide,cytarabine,dactinomycin,doxorubicin,etoposide,methotrexate,temozolomide,vincristine",yes
UAB,C3203904,ACNS0331,ACNS0331,Not Applicable,Treatment follows a protocol but subject is not enrolled,4627,5019,"cisplatin,cyclophosphamide,lomustine,vincristine",yes
UAB,C3430101,ACNS0331,ACNS0331,Not Applicable,Treatment follows a protocol but subject is not enrolled,5302,5687,"cisplatin,cyclophosphamide,lomustine,vincristine",yes
UAB,C3203658,"ACNS0332: Regimen A (no carboplatin, no isotretinoin)",ACNS0332,"Regimen A (no carboplatin, no isotretinoin)",Treatment follows a protocol and subject is enrolled on a protocol,4648,4865,"cisplatin,cyclophosphamide,vincristine",yes
UCSF Benioff Children's Hospital,C2552619,ACNS0331,ACNS0331,Not Applicable,Treatment follows a protocol but subject is not enrolled,3352,3751,"cisplatin,cyclophosphamide,lomustine,vincristine",yes
UCSF Benioff Children's Hospital,C2461968,Not Applicable,Not Applicable,Not Applicable,Unavailable treatment,Not Applicable,Not Applicable,Not Applicable,no
UCSF Benioff Children's Hospital,C1010445,ACNS0333,ACNS0333,Not Applicable,Treatment follows a protocol but subject is not enrolled,585,672,"carboplatin,cisplatin,cyclophosphamide,etoposide,filgrastim,methotrexate,thiotepa,vincristine",yes
UCSF Benioff Children's Hospital,C886092,Not Applicable,Not Applicable,Not Applicable,Treatment follows other standard of care not associated with a current or past protocol,1609,1818,"nivolumab,bevacizumab",no
UCSF Benioff Children's Hospital,C8257113,Other,Other,Not Applicable,Treatment follows a protocol and subject is enrolled on a protocol,4730,Not Available,Not Reported,no
UCSF Benioff Children's Hospital,C886092,Not Applicable,Not Applicable,Not Applicable,Treatment follows other standard of care not associated with a current or past protocol,1874,1902,"everolimus,ribociclib",no
UCSF Benioff Children's Hospital,C886092,"APEC1621: Subprotocol C (EZH2, SMARCB1, or SMARCA4 gene mutation)",APEC1621,"Subprotocol C (EZH2, SMARCB1, or SMARCA4 gene mutation)",Treatment follows a protocol and subject is enrolled on a protocol,1448,1602,tazemetostat,no
UCSF Benioff Children's Hospital,C4154940,Other,Other,Not Applicable,Treatment follows a protocol and subject is enrolled on a protocol,2445,2533,Not Reported,no
UCSF Benioff Children's Hospital,C7596111,ACNS0821: TEMO+IRIN+BEVA,ACNS0821,TEMO+IRIN+BEVA,Treatment follows a protocol and subject is enrolled on a protocol,1042,Not Available,"bevacizumab,irinotecan,temozolomide",yes
University of Iowa,C7532766,ACNS0334: Regimen A,ACNS0334,Regimen A,Treatment follows a protocol but subject is not enrolled,263,492,"carboplatin,cisplatin,cyclophosphamide,etoposide,thiotepa,vincristine",yes
University of Iowa,C7223175,SJMB12: Stratum N1: Standard Risk,SJMB12,Stratum N1: Standard Risk,Treatment follows a protocol but subject is not enrolled,4429,4541,"cisplatin,cyclophosphamide,vincristine",yes
University of Pittsburgh,C7272621,ACNS0334: Regimen A,ACNS0334,Regimen A,Treatment follows a protocol but subject is not enrolled,212,Not Reported,"carboplatin,cisplatin,cyclophosphamide,etoposide,thiotepa,vincristine",yes
University of Pittsburgh,C5361078,SJMB-96,SJMB-96,Not Applicable,Treatment follows a protocol and subject is enrolled on a protocol,4529,4627,"amifostine,cisplatin,cyclophosphamide,filgrastim,vincristine",yes
University of Pittsburgh,C4874367,ACNS0334: Regimen B,ACNS0334,Regimen B,Treatment follows a protocol and subject is enrolled on a protocol,1152,1236,"carboplatin,cisplatin,cyclophosphamide,etoposide,methotrexate,thiotepa,vincristine",yes
University of Pittsburgh,C820287,Not Reported,Not Reported,Not Applicable,Treatment follows a protocol but subject is not enrolled,1505,1553,Not Reported,yes
University of Pittsburgh,C96801,Not Applicable,Not Applicable,Not Applicable,Treatment follows other standard of care not associated with a current or past protocol,4348,4404,cyclophosphamide,yes
University of Pittsburgh,C3905865,SJMB-96,SJMB-96,Not Applicable,Treatment follows a protocol and subject is enrolled on a protocol,3588,3682,"amifostine,cisplatin,cyclophosphamide,filgrastim,vincristine",yes
University of Pittsburgh,C3279303,SJMB-96,SJMB-96,Not Applicable,Treatment follows a protocol but subject is not enrolled,2069,2160,"amifostine,cisplatin,cyclophosphamide,filgrastim,vincristine",yes
University of Pittsburgh,C138006,CCG-99701: Regimen A,CCG-99701,Regimen A,Treatment follows a protocol and subject is enrolled on a protocol,4487,4720,"carboplatin,cyclophosphamide,vincristine",yes
University of Pittsburgh,C4884084,ACNS0821: TEMO+IRIN+BEVA,ACNS0821,TEMO+IRIN+BEVA,Treatment follows a protocol but subject is not enrolled,4137,Not Reported,"bevacizumab,irinotecan,temozolomide",no
University of Pittsburgh,C340341,Not Applicable,Not Applicable,Not Applicable,Treatment follows other standard of care not associated with a current or past protocol,4237,4436,"vincristine,carboplatin",yes
University of Pittsburgh,C96801,Not Applicable,Not Applicable,Not Applicable,Treatment follows other standard of care not associated with a current or past protocol,4197,4404,"cisplatin,lomustine",yes
University of Pittsburgh,C7272867,Other,Other,Not Applicable,Treatment follows a protocol but subject is not enrolled,2788,Not Reported,Not Reported,yes
University of Pittsburgh,C3904635,SJMB-96,SJMB-96,Not Applicable,Treatment follows a protocol and subject is enrolled on a protocol,6062,6155,"amifostine,cisplatin,cyclophosphamide,filgrastim,vincristine",no
University of Pittsburgh,C2358033,MEMMAT,MEMMAT,Not Applicable,Treatment follows a protocol but subject is not enrolled,1316,1560,"bevacizumab,celecoxib,cyclophosphamide,cytarabine,etoposide,fenofibric acid,thalidomide",yes
University of Pittsburgh,C7273113,"ACNS0332: Regimen A (no carboplatin, no isotretinoin)",ACNS0332,"Regimen A (no carboplatin, no isotretinoin)",Treatment follows a protocol and subject is enrolled on a protocol,5189,Not Reported,"cisplatin,cyclophosphamide,vincristine",yes
University of Pittsburgh,C7273851,ACNS0333,ACNS0333,Not Applicable,Treatment follows a protocol but subject is not enrolled,503,Not Reported,"carboplatin,cisplatin,cyclophosphamide,etoposide,filgrastim,methotrexate,thiotepa,vincristine",yes
University of Pittsburgh,C7272990,ACNS0334: Regimen A,ACNS0334,Regimen A,Treatment follows a protocol and subject is enrolled on a protocol,468,Not Reported,"carboplatin,cisplatin,cyclophosphamide,etoposide,thiotepa,vincristine",yes
University of Pittsburgh,C138006,Not Applicable,Not Applicable,Not Applicable,Not Reported,Not Applicable,Not Applicable,Not Applicable,no
University of Pittsburgh,C4513239,SJMB-96,SJMB-96,Not Applicable,Treatment follows a protocol and subject is enrolled on a protocol,3469,3597,"amifostine,cisplatin,cyclophosphamide,filgrastim,vincristine",yes
University of Pittsburgh,C665061,CCG-99701: Regimen B,CCG-99701,Regimen B,Treatment follows a protocol and subject is enrolled on a protocol,3296,3550,"carboplatin,cisplatin,cyclophosphamide,vincristine",yes
Wake Forest Baptist Medical Center,C3335145,Not Applicable,Not Applicable,Not Applicable,Treatment follows other standard of care not associated with a current or past protocol,2540,2937,"methotrexate,cisplatin,carboplatin,cyclophosphamide",yes
Washington University in St. Louis,C7226496,"ACNS0332: Regimen A (no carboplatin, no isotretinoin)",ACNS0332,"Regimen A (no carboplatin, no isotretinoin)",Treatment follows a protocol but subject is not enrolled,5562,5827,"cisplatin,cyclophosphamide,vincristine",yes
Washington University in St. Louis,C7226988,Not Applicable,Not Applicable,Not Applicable,Treatment follows other standard of care not associated with a current or past protocol,4070,Not Reported,Not Reported,no
Washington University in St. Louis,C7422558,ACNS0331,ACNS0331,Not Applicable,Treatment follows a protocol but subject is not enrolled,3161,3548,"cisplatin,cyclophosphamide,lomustine,vincristine",yes
Washington University in St. Louis,C7543467,Other,Other,Not Applicable,Treatment follows a protocol but subject is not enrolled,3024,3273,Not Reported,yes
Washington University in St. Louis,C7227111,ACNS0334: Regimen A,ACNS0334,Regimen A,Treatment follows a protocol but subject is not enrolled,1393,1572,"carboplatin,cisplatin,cyclophosphamide,etoposide,thiotepa,vincristine",yes
Washington University in St. Louis,C7415547,ACNS0331,ACNS0331,Not Applicable,Treatment follows a protocol and subject is enrolled on a protocol,3697,4089,"cisplatin,cyclophosphamide,lomustine,vincristine",yes
Washington University in St. Louis,C7226496,MEMMAT,MEMMAT,Not Applicable,Treatment follows a protocol but subject is not enrolled,5919,Not Reported,"bevacizumab,celecoxib,cyclophosphamide,cytarabine,etoposide,fenofibric acid,thalidomide",yes
Washington University in St. Louis,C7227357,ACNS0331,ACNS0331,Not Applicable,Treatment follows a protocol but subject is not enrolled,2883,3270,"cisplatin,cyclophosphamide,lomustine,vincristine",yes
Washington University in St. Louis,C7227234,ACNS0331,ACNS0331,Not Applicable,Treatment follows a protocol but subject is not enrolled,5751,6129,"cisplatin,cyclophosphamide,lomustine,vincristine",yes
Washington University in St. Louis,C7227357,ACNS0821: TEMO+IRIN+BEVA,ACNS0821,TEMO+IRIN+BEVA,Treatment follows a protocol but subject is not enrolled,3302,3344,"bevacizumab,irinotecan,temozolomide",no
Washington University in St. Louis,C7543467,ACNS0333,ACNS0333,Not Applicable,Treatment follows a protocol but subject is not enrolled,2761,2896,"carboplatin,cisplatin,cyclophosphamide,etoposide,filgrastim,methotrexate,thiotepa,vincristine",yes
Washington University in St. Louis,C7424772,ACNS0331,ACNS0331,Not Applicable,Treatment follows a protocol but subject is not enrolled,2330,2665,"cisplatin,cyclophosphamide,lomustine,vincristine",yes
Washington University in St. Louis,C7947891,ACNS0331,ACNS0331,Not Applicable,Treatment follows a protocol but subject is not enrolled,2840,Not Reported,"cisplatin,cyclophosphamide,lomustine,vincristine",yes
Washington University in St. Louis,C7227357,Other,Other,Not Applicable,Treatment follows a protocol and subject is enrolled on a protocol,3373,3435,Not Reported,no
Washington University in St. Louis,C7415670,ACNS0331,ACNS0331,Not Applicable,Treatment follows a protocol but subject is not enrolled,1757,2011,"cisplatin,cyclophosphamide,lomustine,vincristine",yes
Akron Children's Hospital,C7860561,Other,Other,Not Applicable,Treatment follows a protocol and subject is enrolled on a protocol,3703,3769,Not Reported,no
CBTN Non-Consortium Member,C2653602,Not Reported,Not Reported,Not Applicable,Treatment follows a protocol and subject is enrolled on a protocol,Not Available,Not Available,Not Reported,no
CBTN Non-Consortium Member,C1038366,ACNS0333,ACNS0333,Not Applicable,Treatment follows a protocol but subject is not enrolled,196,Not Available,"carboplatin,cisplatin,cyclophosphamide,etoposide,filgrastim,methotrexate,thiotepa,vincristine",yes
CBTN Non-Consortium Member,C4062936,ACNS0821: TEMO+IRIN+BEVA,ACNS0821,TEMO+IRIN+BEVA,Treatment follows a protocol but subject is not enrolled,1680,1850,"bevacizumab,irinotecan,temozolomide",no
Children's Hospital of Atlanta (CHOA),C8578881,Other,Other,Not Applicable,Treatment follows a protocol but subject is not enrolled,1647,Not Available,Not Reported,yes
Children's National Medical Center (CNMC),C4220376,Not Reported,Not Reported,Not Applicable,Treatment follows a protocol and subject is enrolled on a protocol,546,1083,Not Reported,yes
Children's National Medical Center (CNMC),C2414490,SJMB12: Stratum N1: Standard Risk,SJMB12,Stratum N1: Standard Risk,Treatment follows a protocol and subject is enrolled on a protocol,3177,3285,"cisplatin,cyclophosphamide,vincristine",yes
Children's National Medical Center (CNMC),C3811647,Not Applicable,Not Applicable,Not Applicable,Treatment follows other standard of care not associated with a current or past protocol,10746,11238,vismodegib,no
Children's National Medical Center (CNMC),C3768966,ACNS0821: TEMO+IRIN+BEVA,ACNS0821,TEMO+IRIN+BEVA,Treatment follows a protocol and subject is enrolled on a protocol,Not Available,4075,"bevacizumab,irinotecan,temozolomide",no
Children's National Medical Center (CNMC),C7706442,Head Start 4: Tandem 3 Cycle Intensive Chemotherapy,Head Start 4,Tandem 3 Cycle Intensive Chemotherapy,Treatment follows a protocol and subject is enrolled on a protocol,1431,1624,"carboplatin,thiotepa",yes
Children's National Medical Center (CNMC),C3811647,SJMB03,SJMB03,Not Applicable,Treatment follows a protocol and subject is enrolled on a protocol,6116,6204,"cisplatin,cyclophosphamide,vincristine",yes
Children's National Medical Center (CNMC),C7111983,Not Applicable,Not Applicable,Not Applicable,Treatment follows other standard of care not associated with a current or past protocol,3387,Not Available,"bevacizumab,irinotecan,temozolomide",no
Children's National Medical Center (CNMC),C2645607,SJMB03,SJMB03,Not Applicable,Treatment follows a protocol but subject is not enrolled,6611,6658,"cisplatin,cyclophosphamide,vincristine",yes
Children's National Medical Center (CNMC),C8150718,Other,Other,Not Applicable,Treatment follows a protocol and subject is enrolled on a protocol,3089,3175,Not Reported,no
Children's National Medical Center (CNMC),C2694069,SJATART: Stratum A,SJATART,Stratum A,Treatment follows a protocol but subject is not enrolled,2256,2409,alisertib,no
Children's National Medical Center (CNMC),C3641169,ACNS0333,ACNS0333,Not Applicable,Treatment follows a protocol and subject is enrolled on a protocol,526,701,"carboplatin,cisplatin,cyclophosphamide,etoposide,filgrastim,methotrexate,thiotepa,vincristine",yes
Children's National Medical Center (CNMC),C8167077,Other,Other,Not Applicable,Treatment follows a protocol and subject is enrolled on a protocol,1588,1892,Not Reported,no
Children's National Medical Center (CNMC),C8150718,Not Applicable,Not Applicable,Not Applicable,Treatment follows other standard of care not associated with a current or past protocol,3224,3272,avastin,no
Children's National Medical Center (CNMC),C2607600,ACNS0331,ACNS0331,Not Applicable,Treatment follows a protocol but subject is not enrolled,Not Available,3026,"cisplatin,cyclophosphamide,lomustine,vincristine",no
Children's National Medical Center (CNMC),C7219239,SJMB03,SJMB03,Not Applicable,Treatment follows a protocol but subject is not enrolled,3629,3741,"cisplatin,cyclophosphamide,vincristine",yes
Children's National Medical Center (CNMC),C2834166,Other,Other,Not Applicable,Treatment follows a protocol and subject is enrolled on a protocol,2908,2956,Not Reported,no
Children's National Medical Center (CNMC),C3811647,PBTC053,PBTC053,Not Applicable,Treatment follows a protocol and subject is enrolled on a protocol,11360,11415,silmitasertib,no
Children's National Medical Center (CNMC),C7775814,Not Applicable,Not Applicable,Not Applicable,Treatment follows other standard of care not associated with a current or past protocol,2665,Not Reported,vincristine,yes
Children's National Medical Center (CNMC),C2661843,Not Applicable,Not Applicable,Not Applicable,Treatment follows other standard of care not associated with a current or past protocol,Not Available,7014,"fenofibrate,thalidomide,celecoxib,topotecan,etoposide",no
Children's National Medical Center (CNMC),C2735151,Head Start 4: Single Cycle Intensive Chemotherapy,Head Start 4,Single Cycle Intensive Chemotherapy,Treatment follows a protocol and subject is enrolled on a protocol,1416,Not Available,"carboplatin,etoposide,thiotepa",no
Children's National Medical Center (CNMC),C8684907,MEMMAT,MEMMAT,Not Applicable,Treatment follows a protocol and subject is enrolled on a protocol,4537,4775,"bevacizumab,celecoxib,cyclophosphamide,cytarabine,etoposide,fenofibric acid,thalidomide",no
Children's National Medical Center (CNMC),C8684907,Other,Other,Not Applicable,Treatment follows a protocol and subject is enrolled on a protocol,4983,Not Available,Not Reported,no
Children's National Medical Center (CNMC),C8150718,SJYC07: High-Risk Patients,SJYC07,High-Risk Patients,Treatment follows a protocol and subject is enrolled on a protocol,1238,1431,"cisplatin,cyclophosphamide,erlotinib,etoposide,methotrexate,topotecan,vinblastine,vincristine",yes
Children's National Medical Center (CNMC),C3410544,SJMB12: Stratum N1: Standard Risk,SJMB12,Stratum N1: Standard Risk,Treatment follows a protocol and subject is enrolled on a protocol,2173,2311,"cisplatin,cyclophosphamide,vincristine",yes
Children's National Medical Center (CNMC),C2567010,SJMB03,SJMB03,Not Applicable,Treatment follows a protocol but subject is not enrolled,2266,2357,"cisplatin,cyclophosphamide,vincristine",yes
Children's National Medical Center (CNMC),C3732066,Other,Other,Not Applicable,Treatment follows a protocol and subject is enrolled on a protocol,2522,2822,Not Reported,yes
Children's National Medical Center (CNMC),C8167077,Other,Other,Not Applicable,Treatment follows a protocol and subject is enrolled on a protocol,2669,2750,Not Reported,no
Children's National Medical Center (CNMC),C3811647,PNOC016,PNOC016,Not Applicable,Treatment follows a protocol and subject is enrolled on a protocol,11772,Not Available,fimepinostat,no
Children's National Medical Center (CNMC),C2735151,Not Applicable,Not Applicable,Not Applicable,Treatment follows other standard of care not associated with a current or past protocol,2591,2622,"cisplatin,cyclophosphamide",no
Children's National Medical Center (CNMC),C7271391,MEMMAT,MEMMAT,Not Applicable,Treatment follows a protocol and subject is enrolled on a protocol,1368,Not Reported,"bevacizumab,celecoxib,cyclophosphamide,cytarabine,etoposide,fenofibric acid,thalidomide",no
Children's National Medical Center (CNMC),C1075635,Not Reported,Not Reported,Not Applicable,Treatment follows a protocol but subject is not enrolled,2941,3080,Not Reported,yes
Children's National Medical Center (CNMC),C2694192,PBTC026,PBTC026,Not Applicable,Treatment follows a protocol and subject is enrolled on a protocol,Not Available,Not Available,"carboplatin,cisplatin,cyclophosphamide,etoposide,isotretinoin,thiotepa,vincristine,vorinostat",no
Children's National Medical Center (CNMC),C5226639,MEMMAT,MEMMAT,Not Applicable,Treatment follows a protocol and subject is enrolled on a protocol,Not Available,Not Available,"bevacizumab,celecoxib,cyclophosphamide,cytarabine,etoposide,fenofibric acid,thalidomide",no
Children's National Medical Center (CNMC),C2645484,Not Applicable,Not Applicable,Not Applicable,Treatment follows other standard of care not associated with a current or past protocol,1711,Not Available,"temozolomide,etoposide",no
Children's National Medical Center (CNMC),C1066164,SJMB12: Stratum N2: Intermediate Risk,SJMB12,Stratum N2: Intermediate Risk,Treatment follows a protocol and subject is enrolled on a protocol,3200,3381,"cisplatin,cyclophosphamide,gemcitabine,pemetrexed,vincristine",yes
Children's National Medical Center (CNMC),C8167077,MEMMAT,MEMMAT,Not Applicable,Treatment follows a protocol but subject is not enrolled,2124,2380,"bevacizumab,celecoxib,cyclophosphamide,cytarabine,etoposide,fenofibric acid,thalidomide",no
Children's National Medical Center (CNMC),C3521244,Not Applicable,Not Applicable,Not Applicable,Treatment follows other standard of care not associated with a current or past protocol,80,249,"cisplatin,cyclophosphamide,etoposide",yes
Children's National Medical Center (CNMC),C6919980,ACNS0334: Regimen A,ACNS0334,Regimen A,Treatment follows a protocol but subject is not enrolled,565,719,"carboplatin,cisplatin,cyclophosphamide,etoposide,thiotepa,vincristine",yes
Children's National Medical Center (CNMC),C2645853,SJMB03,SJMB03,Not Applicable,Treatment follows a protocol but subject is not enrolled,2958,3050,"cisplatin,cyclophosphamide,vincristine",yes
Children's National Medical Center (CNMC),C4059861,"ACNS0332: Regimen B (carboplatin, no isotretinoin)",ACNS0332,"Regimen B (carboplatin, no isotretinoin)",Treatment follows a protocol and subject is enrolled on a protocol,1551,1592,"carboplatin,cisplatin,cyclophosphamide,vincristine",yes
Children's National Medical Center (CNMC),C2735766,SJMB12: Stratum W1: Low Risk,SJMB12,Stratum W1: Low Risk,Treatment follows a protocol and subject is enrolled on a protocol,2025,2116,"cisplatin,cyclophosphamide,vincristine",yes
Children's National Medical Center (CNMC),C4853088,ACNS0334: Regimen A,ACNS0334,Regimen A,Treatment follows a protocol but subject is not enrolled,555,711,"carboplatin,cisplatin,cyclophosphamide,etoposide,thiotepa,vincristine",yes
Children's National Medical Center (CNMC),C2645361,Not Applicable,Not Applicable,Not Applicable,Treatment follows other standard of care not associated with a current or past protocol,5081,5446,"bevacizumab,temozolomide",no
Children's National Medical Center (CNMC),C8684907,Not Applicable,Not Applicable,Not Applicable,Treatment follows other standard of care not associated with a current or past protocol,4807,4870,topotecan,no
Children's National Medical Center (CNMC),C7271391,Other,Other,Not Applicable,Treatment follows a protocol but subject is not enrolled,885,1233,Not Reported,no
Children's National Medical Center (CNMC),C3769458,MEMMAT,MEMMAT,Not Applicable,Treatment follows a protocol but subject is not enrolled,3491,3507,"bevacizumab,celecoxib,cyclophosphamide,cytarabine,etoposide,fenofibric acid,thalidomide",no
Children's National Medical Center (CNMC),C2661843,ACNS0821: TEMO+IRIN,ACNS0821,TEMO+IRIN,Treatment follows a protocol and subject is enrolled on a protocol,6542,Not Available,"irinotecan,temozolomide",no
Children's National Medical Center (CNMC),C2694069,Not Applicable,Not Applicable,Not Applicable,Treatment follows other standard of care not associated with a current or past protocol,2453,Not Available,avastin,no
Children's National Medical Center (CNMC),C3164790,Not Reported,Not Reported,Not Applicable,Treatment follows a protocol and subject is enrolled on a protocol,497,Not Available,Not Reported,yes
Children's National Medical Center (CNMC),C5792193,ACNS0333,ACNS0333,Not Applicable,Treatment follows a protocol and subject is enrolled on a protocol,460,600,"carboplatin,cisplatin,cyclophosphamide,etoposide,filgrastim,methotrexate,thiotepa,vincristine",yes
Children's National Medical Center (CNMC),C3768966,PBTC053,PBTC053,Not Applicable,Treatment follows a protocol and subject is enrolled on a protocol,4164,Not Available,silmitasertib,no
Children's National Medical Center (CNMC),C3808695,Not Applicable,Not Applicable,Not Applicable,Treatment follows other standard of care not associated with a current or past protocol,8111,8186,bevacizumab,no
Children's National Medical Center (CNMC),C3808695,Not Applicable,Not Applicable,Not Applicable,Treatment follows other standard of care not associated with a current or past protocol,8553,Not Available,"dasatinib,everolimus",no
Children's National Medical Center (CNMC),C3808818,SJMB03,SJMB03,Not Applicable,Treatment follows a protocol and subject is enrolled on a protocol,4804,4909,"cisplatin,cyclophosphamide,vincristine",yes
Dayton Children's Hospital,C4053834,ACNS0334: Regimen B,ACNS0334,Regimen B,Treatment follows a protocol and subject is enrolled on a protocol,781,976,"carboplatin,cisplatin,cyclophosphamide,etoposide,methotrexate,thiotepa,vincristine",yes
Dayton Children's Hospital,C6784188,ACNS0334: Regimen B,ACNS0334,Regimen B,Treatment follows a protocol but subject is not enrolled,260,Not Available,"carboplatin,cisplatin,cyclophosphamide,etoposide,methotrexate,thiotepa,vincristine",yes
Hackensack,C2723712,DFCI Modified IRS-III,DFCI Modified IRS-III,Not Applicable,Treatment follows a protocol but subject is not enrolled,195,268,"cisplatin,cyclophosphamide,cytarabine,dactinomycin,doxorubicin,etoposide,methotrexate,temozolomide,vincristine",no
Hackensack,C3732927,Other,Other,Not Applicable,Treatment follows a protocol but subject is not enrolled,1268,1313,Not Reported,no
Hackensack,C3732927,DFCI Modified IRS-III,DFCI Modified IRS-III,Not Applicable,Treatment follows a protocol but subject is not enrolled,617,928,"cisplatin,cyclophosphamide,cytarabine,dactinomycin,doxorubicin,etoposide,methotrexate,temozolomide,vincristine",yes
Hudson Institute,C2419410,SJMB12: Stratum N3: High Risk,SJMB12,Stratum N3: High Risk,Treatment follows a protocol and subject is enrolled on a protocol,4068,4167,"cisplatin,cyclophosphamide,gemcitabine,pemetrexed,vincristine",yes
Hudson Institute,C2457540,Not Applicable,Not Applicable,Not Applicable,Unavailable treatment,Not Applicable,Not Applicable,Not Applicable,no
Intermountain Primary Children's Hospital,C8778633,Other,Other,Not Applicable,Treatment follows a protocol and subject is enrolled on a protocol,110,Not Reported,Not Reported,yes
Intermountain Primary Children's Hospital,C8104962,"ACNS0332: Regimen A (no carboplatin, no isotretinoin)",ACNS0332,"Regimen A (no carboplatin, no isotretinoin)",Treatment follows a protocol but subject is not enrolled,3285,Not Reported,"cisplatin,cyclophosphamide,vincristine",yes
Intermountain Primary Children's Hospital,C8435094,ACNS0334: Regimen B,ACNS0334,Regimen B,Treatment follows a protocol but subject is not enrolled,1172,Not Reported,"carboplatin,cisplatin,cyclophosphamide,etoposide,methotrexate,thiotepa,vincristine",yes
Intermountain Primary Children's Hospital,C7366716,"ACNS0332: Regimen A (no carboplatin, no isotretinoin)",ACNS0332,"Regimen A (no carboplatin, no isotretinoin)",Treatment follows a protocol and subject is enrolled on a protocol,3429,3603,"cisplatin,cyclophosphamide,vincristine",yes
Intermountain Primary Children's Hospital,C7274835,"ACNS0332: Regimen A (no carboplatin, no isotretinoin)",ACNS0332,"Regimen A (no carboplatin, no isotretinoin)",Treatment follows a protocol but subject is not enrolled,2141,2281,"cisplatin,cyclophosphamide,vincristine",yes
Intermountain Primary Children's Hospital,C8105085,"ACNS0332: Regimen B (carboplatin, no isotretinoin)",ACNS0332,"Regimen B (carboplatin, no isotretinoin)",Treatment follows a protocol but subject is not enrolled,3290,Not Reported,"carboplatin,cisplatin,cyclophosphamide,vincristine",yes
Intermountain Primary Children's Hospital,C7226127,"ACNS0332: Regimen A (no carboplatin, no isotretinoin)",ACNS0332,"Regimen A (no carboplatin, no isotretinoin)",Treatment follows a protocol but subject is not enrolled,3246,3438,"cisplatin,cyclophosphamide,vincristine",yes
Johns Hopkins Medicine,C4028742,"ACNS0332: Regimen A (no carboplatin, no isotretinoin)",ACNS0332,"Regimen A (no carboplatin, no isotretinoin)",Treatment follows a protocol but subject is not enrolled,Not Available,1403,"cisplatin,cyclophosphamide,vincristine",no
Johns Hopkins Medicine,C3466878,ACNS0331,ACNS0331,Not Applicable,Treatment follows a protocol but subject is not enrolled,3848,4242,"cisplatin,cyclophosphamide,lomustine,vincristine",yes
Lurie Children's Hospital,C4024806,Not Reported,Not Reported,Not Applicable,Treatment follows a protocol but subject is not enrolled,2670,2857,Not Reported,yes
Lurie Children's Hospital,C3382008,"ACNS0332: Regimen A (no carboplatin, no isotretinoin)",ACNS0332,"Regimen A (no carboplatin, no isotretinoin)",Treatment follows a protocol and subject is enrolled on a protocol,1971,2231,"cisplatin,cyclophosphamide,vincristine",yes
Lurie Children's Hospital,C870348,DFCI Modified IRS-III,DFCI Modified IRS-III,Not Applicable,Treatment follows a protocol but subject is not enrolled,400,854,"cisplatin,cyclophosphamide,cytarabine,dactinomycin,doxorubicin,etoposide,methotrexate,temozolomide,vincristine",yes
Lurie Children's Hospital,C2510307,ACNS0331,ACNS0331,Not Applicable,Treatment follows a protocol but subject is not enrolled,2860,3194,"cisplatin,cyclophosphamide,lomustine,vincristine",yes
Lurie Children's Hospital,C144648,Not Applicable,Not Applicable,Not Applicable,Unavailable treatment,Not Applicable,Not Applicable,Not Applicable,no
Lurie Children's Hospital,C181179,ACNS0334: Regimen B,ACNS0334,Regimen B,Treatment follows a protocol but subject is not enrolled,710,1158,"carboplatin,cisplatin,cyclophosphamide,etoposide,methotrexate,thiotepa,vincristine",yes
Lurie Children's Hospital,C3411651,CCG-A9961: Regimen B,CCG-A9961,Regimen B,Treatment follows a protocol and subject is enrolled on a protocol,2170,2645,"cisplatin,cyclophosphamide,vincristine",yes
Lurie Children's Hospital,C181056,Not Applicable,Not Applicable,Not Applicable,Treatment follows other standard of care not associated with a current or past protocol,7076,7098,cyclophosphamide,no
Lurie Children's Hospital,C550056,ACNS0331,ACNS0331,Not Applicable,Treatment follows a protocol but subject is not enrolled,3841,4261,"cisplatin,cyclophosphamide,lomustine,vincristine",yes
Lurie Children's Hospital,C3559989,Not Reported,Not Reported,Not Applicable,Treatment follows a protocol and subject is enrolled on a protocol,3338,3525,Not Reported,yes
Lurie Children's Hospital,C1025205,ACNS0333,ACNS0333,Not Applicable,Treatment follows a protocol but subject is not enrolled,289,388,"carboplatin,cisplatin,cyclophosphamide,etoposide,filgrastim,methotrexate,thiotepa,vincristine",yes
Lurie Children's Hospital,C145509,DFCI Modified IRS-III,DFCI Modified IRS-III,Not Applicable,Treatment follows a protocol and subject is enrolled on a protocol,1132,1629,"cisplatin,cyclophosphamide,cytarabine,dactinomycin,doxorubicin,etoposide,methotrexate,temozolomide,vincristine",yes
Lurie Children's Hospital,C178227,Not Applicable,Not Applicable,Not Applicable,Treatment follows other standard of care not associated with a current or past protocol,Not Available,Not Available,"topotecan,carboplatin,etoposide",no
Lurie Children's Hospital,C908478,Not Reported,Not Reported,Not Applicable,Treatment follows a protocol but subject is not enrolled,900,1061,Not Reported,no
Lurie Children's Hospital,C181056,Not Reported,Not Reported,Not Applicable,Treatment follows a protocol and subject is enrolled on a protocol,3529,3895,Not Reported,yes
Lurie Children's Hospital,C2461107,ACNS0334: Regimen B,ACNS0334,Regimen B,Treatment follows a protocol but subject is not enrolled,1354,1414,"carboplatin,cisplatin,cyclophosphamide,etoposide,methotrexate,thiotepa,vincristine",yes
Lurie Children's Hospital,C178227,ACNS0331,ACNS0331,Not Applicable,Treatment follows a protocol but subject is not enrolled,1124,1301,"cisplatin,cyclophosphamide,lomustine,vincristine",yes
Lurie Children's Hospital,C618813,PBTC026,PBTC026,Not Applicable,Treatment follows a protocol and subject is enrolled on a protocol,557,710,"carboplatin,cisplatin,cyclophosphamide,etoposide,isotretinoin,thiotepa,vincristine,vorinostat",yes
Lurie Children's Hospital,C3464049,MEMMAT,MEMMAT,Not Applicable,Treatment follows a protocol and subject is enrolled on a protocol,1866,1957,"bevacizumab,celecoxib,cyclophosphamide,cytarabine,etoposide,fenofibric acid,thalidomide",no
Lurie Children's Hospital,C477240,ACNS0334: Regimen A,ACNS0334,Regimen A,Treatment follows a protocol and subject is enrolled on a protocol,1712,1891,"carboplatin,cisplatin,cyclophosphamide,etoposide,thiotepa,vincristine",yes
Lurie Children's Hospital,C3464049,Not Reported,Not Reported,Not Applicable,Treatment follows a protocol and subject is enrolled on a protocol,1965,2170,Not Reported,no
Lurie Children's Hospital,C3380901,Not Applicable,Not Applicable,Not Applicable,Treatment follows other standard of care not associated with a current or past protocol,292,550,"cisplatin,vincristine,etoposide,carboplatin",yes
Lurie Children's Hospital,C607251,Not Applicable,Not Applicable,Not Applicable,Unavailable treatment,Not Applicable,Not Applicable,Not Applicable,no
Lurie Children's Hospital,C2446101,DFCI Modified IRS-III,DFCI Modified IRS-III,Not Applicable,Treatment follows a protocol and subject is enrolled on a protocol,431,856,"cisplatin,cyclophosphamide,cytarabine,dactinomycin,doxorubicin,etoposide,methotrexate,temozolomide,vincristine",yes
Lurie Children's Hospital,C3405255,Not Reported,Not Reported,Not Applicable,Treatment follows a protocol and subject is enrolled on a protocol,3826,4031,Not Reported,yes
Lurie Children's Hospital,C3374259,Not Reported,Not Reported,Not Applicable,Treatment follows a protocol and subject is enrolled on a protocol,6736,6841,Not Reported,no
Lurie Children's Hospital,C7271637,Not Applicable,Not Applicable,Not Applicable,Treatment follows other standard of care not associated with a current or past protocol,3297,3389,"carboplatin,vincristine",yes
Lurie Children's Hospital,C3376596,REMIND,REMIND,Not Applicable,Treatment follows a protocol and subject is enrolled on a protocol,4998,5108,"""taa-t wt1;prame and/or survivin""",no
Lurie Children's Hospital,C6929451,Not Applicable,Not Applicable,Not Applicable,Treatment follows other standard of care not associated with a current or past protocol,3894,4198,"vincristine,carboplatin,accutane",yes
Lurie Children's Hospital,C5594286,ACNS0331,ACNS0331,Not Applicable,Treatment follows a protocol but subject is not enrolled,7277,7668,"cisplatin,cyclophosphamide,lomustine,vincristine",yes
Lurie Children's Hospital,C2460369,MEMMAT,MEMMAT,Not Applicable,Treatment follows a protocol and subject is enrolled on a protocol,1843,1894,"bevacizumab,celecoxib,cyclophosphamide,cytarabine,etoposide,fenofibric acid,thalidomide",no
Lurie Children's Hospital,C596058,TOTEM,TOTEM,Not Applicable,Treatment follows a protocol and subject is enrolled on a protocol,4258,4340,"temozolomide,topotecan",no
Lurie Children's Hospital,C6192804,Not Applicable,Not Applicable,Not Applicable,Treatment follows other standard of care not associated with a current or past protocol,2042,2127,"carboplatin,vincristine",yes
Lurie Children's Hospital,C3379794,ACNS0331,ACNS0331,Not Applicable,Treatment follows a protocol and subject is enrolled on a protocol,7264,Not Reported,"cisplatin,cyclophosphamide,lomustine,vincristine",yes
Lurie Children's Hospital,C6715554,"ACNS0332: Regimen A (no carboplatin, no isotretinoin)",ACNS0332,"Regimen A (no carboplatin, no isotretinoin)",Treatment follows a protocol but subject is not enrolled,1206,1467,"cisplatin,cyclophosphamide,vincristine",yes
Lurie Children's Hospital,C182286,DFCI Modified IRS-III,DFCI Modified IRS-III,Not Applicable,Treatment follows a protocol but subject is not enrolled,250,738,"cisplatin,cyclophosphamide,cytarabine,dactinomycin,doxorubicin,etoposide,methotrexate,temozolomide,vincristine",yes
Lurie Children's Hospital,C4234644,ACNS0334: Regimen B,ACNS0334,Regimen B,Treatment follows a protocol and subject is enrolled on a protocol,963,1043,"carboplatin,cisplatin,cyclophosphamide,etoposide,methotrexate,thiotepa,vincristine",yes
Lurie Children's Hospital,C6192804,"ACNS0332: Regimen A (no carboplatin, no isotretinoin)",ACNS0332,"Regimen A (no carboplatin, no isotretinoin)",Treatment follows a protocol but subject is not enrolled,2134,2301,"cisplatin,cyclophosphamide,vincristine",no
Lurie Children's Hospital,C2444133,Not Reported,Not Reported,Not Applicable,Treatment follows a protocol but subject is not enrolled,1227,1466,Not Reported,no
Lurie Children's Hospital,C6519123,SJYC07: Intermediate-Risk Therapy,SJYC07,Intermediate-Risk Therapy,Treatment follows a protocol and subject is enrolled on a protocol,1428,1462,"cisplatin,cyclophosphamide,erlotinib,etoposide,methotrexate,topotecan,vinblastine,vincristine",yes
Lurie Children's Hospital,C5623314,MEMMAT,MEMMAT,Not Applicable,Treatment follows a protocol and subject is enrolled on a protocol,5889,6067,"bevacizumab,celecoxib,cyclophosphamide,cytarabine,etoposide,fenofibric acid,thalidomide",no
Lurie Children's Hospital,C743535,DFCI Modified IRS-III,DFCI Modified IRS-III,Not Applicable,Treatment follows a protocol but subject is not enrolled,880,1340,"cisplatin,cyclophosphamide,cytarabine,dactinomycin,doxorubicin,etoposide,methotrexate,temozolomide,vincristine",yes
Lurie Children's Hospital,C982401,ACNS0334: Regimen A,ACNS0334,Regimen A,Treatment follows a protocol but subject is not enrolled,767,953,"carboplatin,cisplatin,cyclophosphamide,etoposide,thiotepa,vincristine",yes
Lurie Children's Hospital,C177981,Not Reported,Not Reported,Not Applicable,Treatment follows a protocol but subject is not enrolled,6108,6250,Not Reported,yes
Lurie Children's Hospital,C3380901,Not Applicable,Not Applicable,Not Applicable,Treatment follows other standard of care not associated with a current or past protocol,683,688,topotecan,no
Lurie Children's Hospital,C8013450,"ACNS0332: Regimen A (no carboplatin, no isotretinoin)",ACNS0332,"Regimen A (no carboplatin, no isotretinoin)",Treatment follows a protocol but subject is not enrolled,6767,6928,"cisplatin,cyclophosphamide,vincristine",no
Lurie Children's Hospital,C180933,Not Reported,Not Reported,Not Applicable,Treatment follows a protocol but subject is not enrolled,2410,2795,Not Reported,yes
Lurie Children's Hospital,C3374259,Not Applicable,Not Applicable,Not Applicable,Treatment follows other standard of care not associated with a current or past protocol,6664,6706,"cyclophosphamide,vincristine",no
Lurie Children's Hospital,C5304498,ACNS0331,ACNS0331,Not Applicable,Treatment follows a protocol and subject is enrolled on a protocol,6404,6797,"cisplatin,cyclophosphamide,lomustine,vincristine",yes
Lurie Children's Hospital,C908478,ACNS0334: Regimen B,ACNS0334,Regimen B,Treatment follows a protocol but subject is not enrolled,547,766,"carboplatin,cisplatin,cyclophosphamide,etoposide,methotrexate,thiotepa,vincristine",yes
Lurie Children's Hospital,C145386,Not Reported,Not Reported,Not Applicable,Treatment follows a protocol but subject is not enrolled,Not Reported,Not Reported,Not Reported,no
Lurie Children's Hospital,C522504,ACNS0331,ACNS0331,Not Applicable,Treatment follows a protocol but subject is not enrolled,4838,5133,"cisplatin,cyclophosphamide,lomustine,vincristine",yes
Lurie Children's Hospital,C2642040,Not Reported,Not Reported,Not Applicable,Treatment follows a protocol but subject is not enrolled,2008,2085,Not Reported,no
Lurie Children's Hospital,C6519123,SJYC07: High-Risk Patients,SJYC07,High-Risk Patients,Treatment follows a protocol but subject is not enrolled,1557,1641,"cisplatin,cyclophosphamide,erlotinib,etoposide,methotrexate,topotecan,vinblastine,vincristine",no
Lurie Children's Hospital,C553131,ACNS1221,ACNS1221,Not Applicable,Treatment follows a protocol and subject is enrolled on a protocol,322,583,"carboplatin,cyclophosphamide,etoposide,methotrexate,vincristine",yes
Lurie Children's Hospital,C2438598,DFCI Modified IRS-III,DFCI Modified IRS-III,Not Applicable,Treatment follows a protocol but subject is not enrolled,3085,3568,"cisplatin,cyclophosphamide,cytarabine,dactinomycin,doxorubicin,etoposide,methotrexate,temozolomide,vincristine",yes
Lurie Children's Hospital,C3653469,Not Applicable,Not Applicable,Not Applicable,Treatment follows other standard of care not associated with a current or past protocol,1151,1270,Not Reported,no
Lurie Children's Hospital,C138498,Not Reported,Not Reported,Not Applicable,Treatment follows a protocol but subject is not enrolled,2622,2861,Not Reported,yes
Lurie Children's Hospital,C6193173,ACNS0331,ACNS0331,Not Applicable,Treatment follows a protocol but subject is not enrolled,1673,2004,"cisplatin,cyclophosphamide,lomustine,vincristine",yes
Lurie Children's Hospital,C960999,Not Applicable,Not Applicable,Not Applicable,Treatment follows other standard of care not associated with a current or past protocol,4938,5323,"temozolomide,irinotecan",no
Lurie Children's Hospital,C300612,ACNS0334: Regimen B,ACNS0334,Regimen B,Treatment follows a protocol but subject is not enrolled,422,489,"carboplatin,cisplatin,cyclophosphamide,etoposide,methotrexate,thiotepa,vincristine",no
Lurie Children's Hospital,C2488167,ACNS0334: Regimen B,ACNS0334,Regimen B,Treatment follows a protocol but subject is not enrolled,1351,1394,"carboplatin,cisplatin,cyclophosphamide,etoposide,methotrexate,thiotepa,vincristine",yes
Lurie Children's Hospital,C4309428,ACNS0821: TEMO+IRIN,ACNS0821,TEMO+IRIN,Treatment follows a protocol but subject is not enrolled,3986,4321,"irinotecan,temozolomide",no
Lurie Children's Hospital,C5700066,Not Applicable,Not Applicable,Not Applicable,Treatment follows other standard of care not associated with a current or past protocol,615,943,"etoposide,temodar,doxorubicin",no
Lurie Children's Hospital,C6431055,Other,Other,Not Applicable,Treatment follows a protocol and subject is enrolled on a protocol,3859,3887,Not Reported,no
Lurie Children's Hospital,C2460369,ACNS0334: Regimen B,ACNS0334,Regimen B,Treatment follows a protocol but subject is not enrolled,943,1172,"carboplatin,cisplatin,cyclophosphamide,etoposide,methotrexate,thiotepa,vincristine",yes
Lurie Children's Hospital,C2446101,MEMMAT,MEMMAT,Not Applicable,Treatment follows a protocol but subject is not enrolled,985,1138,"bevacizumab,celecoxib,cyclophosphamide,cytarabine,etoposide,fenofibric acid,thalidomide",no
Lurie Children's Hospital,C145263,DFCI Modified IRS-III,DFCI Modified IRS-III,Not Applicable,Treatment follows a protocol but subject is not enrolled,Not Reported,Not Reported,"cisplatin,cyclophosphamide,cytarabine,dactinomycin,doxorubicin,etoposide,methotrexate,temozolomide,vincristine",no
Lurie Children's Hospital,C145017,ACNS0333,ACNS0333,Not Applicable,Treatment follows a protocol and subject is enrolled on a protocol,Not Reported,Not Reported,"carboplatin,cisplatin,cyclophosphamide,etoposide,filgrastim,methotrexate,thiotepa,vincristine",no
Lurie Children's Hospital,C960999,PBTC042,PBTC042,Not Applicable,Treatment follows a protocol and subject is enrolled on a protocol,6252,6385,palbociclib,no
Lurie Children's Hospital,C7008048,"ACNS0332: Regimen A (no carboplatin, no isotretinoin)",ACNS0332,"Regimen A (no carboplatin, no isotretinoin)",Treatment follows a protocol but subject is not enrolled,2523,Not Reported,"cisplatin,cyclophosphamide,vincristine",yes
Lurie Children's Hospital,C6519123,Other,Other,Not Applicable,Treatment follows a protocol and subject is enrolled on a protocol,4191,4277,Not Reported,no
Lurie Children's Hospital,C2568609,Not Reported,Not Reported,Not Applicable,Treatment follows a protocol but subject is not enrolled,3177,3324,Not Reported,yes
Lurie Children's Hospital,C478962,ACNS0331,ACNS0331,Not Applicable,Treatment follows a protocol but subject is not enrolled,4401,4734,"cisplatin,cyclophosphamide,lomustine,vincristine",yes
Lurie Children's Hospital,C8585400,ACNS0333,ACNS0333,Not Applicable,Treatment follows a protocol but subject is not enrolled,667,807,"carboplatin,cisplatin,cyclophosphamide,etoposide,filgrastim,methotrexate,thiotepa,vincristine",yes
Lurie Children's Hospital,C652638,ACNS0331,ACNS0331,Not Applicable,Treatment follows a protocol but subject is not enrolled,3022,3388,"cisplatin,cyclophosphamide,lomustine,vincristine",yes
Lurie Children's Hospital,C3405132,Not Applicable,Not Applicable,Not Applicable,Treatment follows other standard of care not associated with a current or past protocol,2874,3126,"carboplatin,cisplatin,vincristine",yes
Lurie Children's Hospital,C5022090,"ACNS0331: Arm VI (8-21 years of age, SDCSI, PFRT)",ACNS0331,"Arm VI (8-21 years of age, SDCSI, PFRT)",Treatment follows a protocol and subject is enrolled on a protocol,3645,4079,"cisplatin,cyclophosphamide,lomustine,vincristine",yes
Lurie Children's Hospital,C6715062,ACNS0334: Regimen B,ACNS0334,Regimen B,Treatment follows a protocol but subject is not enrolled,546,697,"carboplatin,cisplatin,cyclophosphamide,etoposide,methotrexate,thiotepa,vincristine",yes
Lurie Children's Hospital,C5022090,ACNS0821: TEMO+IRIN+BEVA,ACNS0821,TEMO+IRIN+BEVA,Treatment follows a protocol and subject is enrolled on a protocol,5654,5962,"bevacizumab,irinotecan,temozolomide",no
Lurie Children's Hospital,C179088,ACNS0331,ACNS0331,Not Applicable,Treatment follows a protocol but subject is not enrolled,3909,4317,"cisplatin,cyclophosphamide,lomustine,vincristine",yes
Lurie Children's Hospital,C3464049,ACNS0334: Regimen B,ACNS0334,Regimen B,Treatment follows a protocol and subject is enrolled on a protocol,1313,1589,"carboplatin,cisplatin,cyclophosphamide,etoposide,methotrexate,thiotepa,vincristine",yes
Lurie Children's Hospital,C2460369,Not Reported,Not Reported,Not Applicable,Treatment follows a protocol and subject is enrolled on a protocol,2148,2241,Not Reported,no
Lurie Children's Hospital,C2539827,DFCI Modified IRS-III,DFCI Modified IRS-III,Not Applicable,Treatment follows a protocol but subject is not enrolled,811,931,"cisplatin,cyclophosphamide,cytarabine,dactinomycin,doxorubicin,etoposide,methotrexate,temozolomide,vincristine",yes
Maria Fareri Children's Hospital at Westchester Medical Center,C7104972,Head Start 4: Tandem 3 Cycle Intensive Chemotherapy,Head Start 4,Tandem 3 Cycle Intensive Chemotherapy,Treatment follows a protocol but subject is not enrolled,983,Not Available,"carboplatin,thiotepa",yes
Maria Fareri Children's Hospital at Westchester Medical Center,C7817511,Head Start 4: Tandem 3 Cycle Intensive Chemotherapy,Head Start 4,Tandem 3 Cycle Intensive Chemotherapy,Treatment follows a protocol but subject is not enrolled,1215,1326,"carboplatin,thiotepa",yes
Meyer Children's Hospital,C409221,Not Reported,Not Reported,Not Applicable,Treatment follows a protocol but subject is not enrolled,736,976,Not Reported,yes
Meyer Children's Hospital,C7374957,Not Applicable,Not Applicable,Not Applicable,Unavailable treatment,Not Applicable,Not Applicable,Not Applicable,no
Meyer Children's Hospital,C7401894,Not Applicable,Not Applicable,Not Applicable,Treatment follows other standard of care not associated with a current or past protocol,1650,1700,Not Reported,yes
Meyer Children's Hospital,C942672,Not Reported,Not Reported,Not Applicable,Treatment follows a protocol but subject is not enrolled,4941,5537,Not Reported,yes
Meyer Children's Hospital,C979203,Not Applicable,Not Applicable,Not Applicable,Unavailable treatment,Not Applicable,Not Applicable,Not Applicable,no
Meyer Children's Hospital,C7468191,Not Applicable,Not Applicable,Not Applicable,Unavailable treatment,Not Applicable,Not Applicable,Not Applicable,no
Meyer Children's Hospital,C3471675,Not Applicable,Not Applicable,Not Applicable,Unavailable treatment,Not Applicable,Not Applicable,Not Applicable,no
Meyer Children's Hospital,C7366347,Not Applicable,Not Applicable,Not Applicable,Unavailable treatment,Not Applicable,Not Applicable,Not Applicable,no
Meyer Children's Hospital,C7366593,Not Applicable,Not Applicable,Not Applicable,Unavailable treatment,Not Applicable,Not Applicable,Not Applicable,no
Meyer Children's Hospital,C457560,Not Applicable,Not Applicable,Not Applicable,Treatment follows other standard of care not associated with a current or past protocol,Not Available,Not Available,Not Reported,no
Meyer Children's Hospital,C3473397,Not Applicable,Not Applicable,Not Applicable,Unavailable treatment,Not Applicable,Not Applicable,Not Applicable,no
Meyer Children's Hospital,C773793,Not Applicable,Not Applicable,Not Applicable,Unavailable treatment,Not Applicable,Not Applicable,Not Applicable,no
Meyer Children's Hospital,C3253719,Not Applicable,Not Applicable,Not Applicable,Treatment follows other standard of care not associated with a current or past protocol,Not Available,Not Available,Not Reported,no
Meyer Children's Hospital,C2704155,Not Applicable,Not Applicable,Not Applicable,Unavailable treatment,Not Applicable,Not Applicable,Not Applicable,no
Meyer Children's Hospital,C293601,Not Reported,Not Reported,Not Applicable,Treatment follows a protocol and subject is enrolled on a protocol,3725,Not Available,Not Reported,yes
Meyer Children's Hospital,C2403912,Not Reported,Not Reported,Not Applicable,Treatment follows a protocol and subject is enrolled on a protocol,1438,1512,Not Reported,yes
OHSU Doernbecher Children's Hospital,C6316173,ACNS0333,ACNS0333,Not Applicable,Treatment follows a protocol but subject is not enrolled,1034,1049,"carboplatin,cisplatin,cyclophosphamide,etoposide,filgrastim,methotrexate,thiotepa,vincristine",yes
OHSU Doernbecher Children's Hospital,C4853703,ACNS0331,ACNS0331,Not Applicable,Treatment follows a protocol but subject is not enrolled,4512,4889,"cisplatin,cyclophosphamide,lomustine,vincristine",yes
OHSU Doernbecher Children's Hospital,C4853457,ACNS0331,ACNS0331,Not Applicable,Treatment follows a protocol but subject is not enrolled,4905,5242,"cisplatin,cyclophosphamide,lomustine,vincristine",yes
OHSU Doernbecher Children's Hospital,C6067590,Not Applicable,Not Applicable,Not Applicable,Treatment follows other standard of care not associated with a current or past protocol,6088,6181,"ribociclib,everolimus",no
OHSU Doernbecher Children's Hospital,C6067590,Not Reported,Not Reported,Not Applicable,Treatment follows a protocol and subject is enrolled on a protocol,5915,5934,Not Reported,no
OHSU Doernbecher Children's Hospital,C6067590,ACNS0821: TEMO+IRIN+BEVA,ACNS0821,TEMO+IRIN+BEVA,Treatment follows a protocol but subject is not enrolled,4158,4519,"bevacizumab,irinotecan,temozolomide",no
OHSU Doernbecher Children's Hospital,C7842726,SJMB12: Stratum N1: Standard Risk,SJMB12,Stratum N1: Standard Risk,Treatment follows a protocol but subject is not enrolled,2451,Not Available,"cisplatin,cyclophosphamide,vincristine",yes
Orlando Health Arnold Palmer Hospital,C4274988,ACNS0331,ACNS0331,Not Applicable,Treatment follows a protocol and subject is enrolled on a protocol,2211,2526,"cisplatin,cyclophosphamide,lomustine,vincristine",yes
Seattle Children's Hospital,C701223,CCG-A9961: Regimen A,CCG-A9961,Regimen A,Treatment follows a protocol and subject is enrolled on a protocol,3276,3565,"cisplatin,lomustine,vincristine",yes
Seattle Children's Hospital,C1057431,CCG-A9961: Regimen A,CCG-A9961,Regimen A,Treatment follows a protocol but subject is not enrolled,2118,2491,"cisplatin,lomustine,vincristine",yes
Seattle Children's Hospital,C169371,CCG-A9961: Regimen A,CCG-A9961,Regimen A,Treatment follows a protocol but subject is not enrolled,3154,3584,"cisplatin,lomustine,vincristine",yes
Seattle Children's Hospital,C837630,Not Applicable,Not Applicable,Not Applicable,Treatment follows other standard of care not associated with a current or past protocol,1308,1693,"vincristine,bevacizumab,irinotecan,temozolomide",no
Seattle Children's Hospital,C4344483,Other,Other,Not Applicable,Treatment follows a protocol and subject is enrolled on a protocol,3040,3077,Not Reported,yes
Seattle Children's Hospital,C303810,PBTC026,PBTC026,Not Applicable,Treatment follows a protocol and subject is enrolled on a protocol,1220,1263,"carboplatin,cisplatin,cyclophosphamide,etoposide,isotretinoin,thiotepa,vincristine,vorinostat",no
Seattle Children's Hospital,C148584,CCG-A9961: Regimen A,CCG-A9961,Regimen A,Treatment follows a protocol but subject is not enrolled,1926,2320,"cisplatin,lomustine,vincristine",yes
Seattle Children's Hospital,C725331,"ACNS0332: Regimen A (no carboplatin, no isotretinoin)",ACNS0332,"Regimen A (no carboplatin, no isotretinoin)",Treatment follows a protocol but subject is not enrolled,4987,5223,"cisplatin,cyclophosphamide,vincristine",yes
Seattle Children's Hospital,C7093902,ACNS0334: Regimen B,ACNS0334,Regimen B,Treatment follows a protocol but subject is not enrolled,932,1063,"carboplatin,cisplatin,cyclophosphamide,etoposide,methotrexate,thiotepa,vincristine",yes
Seattle Children's Hospital,C836769,"ACNS0332: Regimen A (no carboplatin, no isotretinoin)",ACNS0332,"Regimen A (no carboplatin, no isotretinoin)",Treatment follows a protocol and subject is enrolled on a protocol,4323,4556,"cisplatin,cyclophosphamide,vincristine",yes
Seattle Children's Hospital,C1070838,Not Applicable,Not Applicable,Not Applicable,Treatment follows other standard of care not associated with a current or past protocol,3165,3720,"bevacizumab,irinotecan,methotrexate",no
Seattle Children's Hospital,C7617267,ACNS0334: Regimen B,ACNS0334,Regimen B,Treatment follows a protocol but subject is not enrolled,1201,1578,"carboplatin,cisplatin,cyclophosphamide,etoposide,methotrexate,thiotepa,vincristine",yes
Seattle Children's Hospital,C171462,Not Reported,Not Reported,Not Applicable,Treatment follows a protocol and subject is enrolled on a protocol,1334,1378,Not Reported,no
Seattle Children's Hospital,C2892714,ACNS0334: Regimen B,ACNS0334,Regimen B,Treatment follows a protocol but subject is not enrolled,1045,1185,"carboplatin,cisplatin,cyclophosphamide,etoposide,methotrexate,thiotepa,vincristine",yes
Seattle Children's Hospital,C8432019,ACNS0821: TEMO+IRIN+BEVA,ACNS0821,TEMO+IRIN+BEVA,Treatment follows a protocol but subject is not enrolled,2301,Not Reported,"bevacizumab,irinotecan,temozolomide",no
Seattle Children's Hospital,C7457490,ACNS0334: Regimen B,ACNS0334,Regimen B,Treatment follows a protocol and subject is enrolled on a protocol,1211,1371,"carboplatin,cisplatin,cyclophosphamide,etoposide,methotrexate,thiotepa,vincristine",yes
Seattle Children's Hospital,C558912,ACNS0333,ACNS0333,Not Applicable,Treatment follows a protocol but subject is not enrolled,1034,1167,"carboplatin,cisplatin,cyclophosphamide,etoposide,filgrastim,methotrexate,thiotepa,vincristine",yes
Seattle Children's Hospital,C149568,Not Applicable,Not Applicable,Not Applicable,Unavailable treatment,Not Applicable,Not Applicable,Not Applicable,no
Seattle Children's Hospital,C2892714,ACNS0821: TEMO+IRIN+BEVA,ACNS0821,TEMO+IRIN+BEVA,Treatment follows a protocol but subject is not enrolled,1224,1408,"bevacizumab,irinotecan,temozolomide",yes
Seattle Children's Hospital,C149199,"ACNS0332: Regimen A (no carboplatin, no isotretinoin)",ACNS0332,"Regimen A (no carboplatin, no isotretinoin)",Treatment follows a protocol and subject is enrolled on a protocol,4261,4494,"cisplatin,cyclophosphamide,vincristine",yes
Seattle Children's Hospital,C912660,Not Applicable,Not Applicable,Not Applicable,Treatment follows other standard of care not associated with a current or past protocol,3359,3407,etoposide,no
Seattle Children's Hospital,C1056939,Not Reported,Not Reported,Not Applicable,Treatment follows a protocol but subject is not enrolled,790,856,Not Reported,no
Seattle Children's Hospital,C1070100,CCG-A9961: Regimen A,CCG-A9961,Regimen A,Treatment follows a protocol but subject is not enrolled,5050,5435,"cisplatin,lomustine,vincristine",yes
Seattle Children's Hospital,C4104018,"ACNS0332: Regimen A (no carboplatin, no isotretinoin)",ACNS0332,"Regimen A (no carboplatin, no isotretinoin)",Treatment follows a protocol and subject is enrolled on a protocol,195,429,"cisplatin,cyclophosphamide,vincristine",yes
Seattle Children's Hospital,C948330,CCG-A9961: Regimen A,CCG-A9961,Regimen A,Treatment follows a protocol but subject is not enrolled,5949,6370,"cisplatin,lomustine,vincristine",yes
Seattle Children's Hospital,C991257,CCG-A9961: Regimen A,CCG-A9961,Regimen A,Treatment follows a protocol but subject is not enrolled,3757,4116,"cisplatin,lomustine,vincristine",yes
Seattle Children's Hospital,C782649,"ACNS0332: Regimen A (no carboplatin, no isotretinoin)",ACNS0332,"Regimen A (no carboplatin, no isotretinoin)",Treatment follows a protocol but subject is not enrolled,4095,4238,"cisplatin,cyclophosphamide,vincristine",yes
Seattle Children's Hospital,C6958725,ACNS0334: Regimen B,ACNS0334,Regimen B,Treatment follows a protocol but subject is not enrolled,916,1071,"carboplatin,cisplatin,cyclophosphamide,etoposide,methotrexate,thiotepa,vincristine",yes
Seattle Children's Hospital,C141696,Not Applicable,Not Applicable,Not Applicable,Treatment follows other standard of care not associated with a current or past protocol,5539,5626,"temozolomide,irinotecan",no
Seattle Children's Hospital,C4031571,ACNS0334: Regimen B,ACNS0334,Regimen B,Treatment follows a protocol but subject is not enrolled,1204,1359,"carboplatin,cisplatin,cyclophosphamide,etoposide,methotrexate,thiotepa,vincristine",yes
Seattle Children's Hospital,C603069,ACNS0333,ACNS0333,Not Applicable,Treatment follows a protocol but subject is not enrolled,229,336,"carboplatin,cisplatin,cyclophosphamide,etoposide,filgrastim,methotrexate,thiotepa,vincristine",yes
Seattle Children's Hospital,C3544737,"ACNS0332: Regimen C (no carboplatin, isotretinoin)",ACNS0332,"Regimen C (no carboplatin, isotretinoin)",Treatment follows a protocol but subject is not enrolled,4648,4689,"cisplatin,cyclophosphamide,isotretinoin,vincristine",yes
Seattle Children's Hospital,C647349,Not Applicable,Not Applicable,Not Applicable,Treatment follows other standard of care not associated with a current or past protocol,1409,1567,"temozolomide,bevacizumab,irinotecan",no
Seattle Children's Hospital,C1070838,CCG-A9961: Regimen A,CCG-A9961,Regimen A,Treatment follows a protocol but subject is not enrolled,2138,2528,"cisplatin,lomustine,vincristine",yes
Seattle Children's Hospital,C912660,Not Applicable,Not Applicable,Not Applicable,Treatment follows other standard of care not associated with a current or past protocol,2913,3170,vismodegib,no
Seattle Children's Hospital,C171462,PBTC001,PBTC001,Not Applicable,Treatment follows a protocol but subject is not enrolled,840,1218,mafosfamide,yes
Seattle Children's Hospital,C226074,ACNS0333,ACNS0333,Not Applicable,Treatment follows a protocol and subject is enrolled on a protocol,166,349,"carboplatin,cisplatin,cyclophosphamide,etoposide,filgrastim,methotrexate,thiotepa,vincristine",yes
Seattle Children's Hospital,C923607,ACNS0334: Regimen B,ACNS0334,Regimen B,Treatment follows a protocol but subject is not enrolled,1408,1538,"carboplatin,cisplatin,cyclophosphamide,etoposide,methotrexate,thiotepa,vincristine",yes
Seattle Children's Hospital,C170232,CCG-99701: Regimen B,CCG-99701,Regimen B,Treatment follows a protocol and subject is enrolled on a protocol,3169,3400,"carboplatin,cisplatin,cyclophosphamide,vincristine",yes
Seattle Children's Hospital,C4031694,CCG-A9961: Regimen A,CCG-A9961,Regimen A,Treatment follows a protocol but subject is not enrolled,3467,3761,"cisplatin,lomustine,vincristine",yes
Seattle Children's Hospital,C912660,PNOC005: Stratum B,PNOC005,Stratum B,Treatment follows a protocol and subject is enrolled on a protocol,3431,3458,disseminated atrt/medullo (delivery via lp x 1 dose),no
Seattle Children's Hospital,C148707,ACNS0333,ACNS0333,Not Applicable,Treatment follows a protocol and subject is enrolled on a protocol,589,740,"carboplatin,cisplatin,cyclophosphamide,etoposide,filgrastim,methotrexate,thiotepa,vincristine",yes
Seattle Children's Hospital,C2463690,ACNS0334: Regimen B,ACNS0334,Regimen B,Treatment follows a protocol but subject is not enrolled,1288,1426,"carboplatin,cisplatin,cyclophosphamide,etoposide,methotrexate,thiotepa,vincristine",yes
Seattle Children's Hospital,C104427,Not Applicable,Not Applicable,Not Applicable,Treatment follows other standard of care not associated with a current or past protocol,661,953,bevacizumab,yes
Seattle Children's Hospital,C912660,CCG-A9961: Regimen A,CCG-A9961,Regimen A,Treatment follows a protocol but subject is not enrolled,1883,2273,"cisplatin,lomustine,vincristine",yes
Seattle Children's Hospital,C1155585,Not Applicable,Not Applicable,Not Applicable,Treatment follows other standard of care not associated with a current or past protocol,4827,4984,"methotrexate,cytarabine,bevacizumab,irinotecan,temozolomide",no
Seattle Children's Hospital,C1155462,Not Applicable,Not Applicable,Not Applicable,Treatment follows other standard of care not associated with a current or past protocol,Not Available,Not Available,etoposide,no
Seattle Children's Hospital,C225951,ACNS0334: Regimen B,ACNS0334,Regimen B,Treatment follows a protocol but subject is not enrolled,1344,1496,"carboplatin,cisplatin,cyclophosphamide,etoposide,methotrexate,thiotepa,vincristine",yes
Seattle Children's Hospital,C153012,Not Applicable,Not Applicable,Not Applicable,Unavailable treatment,Not Applicable,Not Applicable,Not Applicable,no
Seattle Children's Hospital,C758541,"ACNS0332: Regimen B (carboplatin, no isotretinoin)",ACNS0332,"Regimen B (carboplatin, no isotretinoin)",Treatment follows a protocol but subject is not enrolled,2839,3077,"carboplatin,cisplatin,cyclophosphamide,vincristine",yes
Seattle Children's Hospital,C3388527,ACNS0334: Regimen B,ACNS0334,Regimen B,Treatment follows a protocol but subject is not enrolled,1215,1367,"carboplatin,cisplatin,cyclophosphamide,etoposide,methotrexate,thiotepa,vincristine",yes
Seattle Children's Hospital,C2698251,ACNS0334: Regimen B,ACNS0334,Regimen B,Treatment follows a protocol but subject is not enrolled,1444,1585,"carboplatin,cisplatin,cyclophosphamide,etoposide,methotrexate,thiotepa,vincristine",yes
Seattle Children's Hospital,C2332203,CCG-A9961: Regimen A,CCG-A9961,Regimen A,Treatment follows a protocol but subject is not enrolled,4773,5172,"cisplatin,lomustine,vincristine",yes
Seattle Children's Hospital,C169863,Not Applicable,Not Applicable,Not Applicable,Treatment follows other standard of care not associated with a current or past protocol,3430,3748,"etoposide,ifosfamide",no
Seattle Children's Hospital,C1070346,Not Applicable,Not Applicable,Not Applicable,Treatment follows other standard of care not associated with a current or past protocol,1736,1783,"temozolomide,irinotecan,bevacizumab",no
Seattle Children's Hospital,C1155462,Not Applicable,Not Applicable,Not Applicable,Treatment follows other standard of care not associated with a current or past protocol,2065,2399,"bevacizumab,irinotecan,temozolomide,methotrexate",no
Seattle Children's Hospital,C1070223,CCG-A9961: Regimen A,CCG-A9961,Regimen A,Treatment follows a protocol but subject is not enrolled,6628,Not Available,"cisplatin,lomustine,vincristine",yes
Seattle Children's Hospital,C7611978,ACNS0334: Regimen A,ACNS0334,Regimen A,Treatment follows a protocol but subject is not enrolled,1461,1578,"carboplatin,cisplatin,cyclophosphamide,etoposide,thiotepa,vincristine",yes
Seattle Children's Hospital,C6083703,CCG-A9961: Regimen A,CCG-A9961,Regimen A,Treatment follows a protocol but subject is not enrolled,2945,Not Reported,"cisplatin,lomustine,vincristine",yes
Seattle Children's Hospital,C5254437,ACNS0334: Regimen A,ACNS0334,Regimen A,Treatment follows a protocol but subject is not enrolled,1489,1613,"carboplatin,cisplatin,cyclophosphamide,etoposide,thiotepa,vincristine",yes
Seattle Children's Hospital,C4104018,PNOC016,PNOC016,Not Applicable,Treatment follows a protocol and subject is enrolled on a protocol,661,779,fimepinostat,no
Seattle Children's Hospital,C1070100,Not Applicable,Not Applicable,Not Applicable,Treatment follows other standard of care not associated with a current or past protocol,7868,Not Reported,"etoposide,bevacizumab,hydrocortisone / phenol",no
Stanford Lucile Packard Children's Hospital,C6344955,ACNS0331,ACNS0331,Not Applicable,Treatment follows a protocol but subject is not enrolled,3595,Not Reported,"cisplatin,cyclophosphamide,lomustine,vincristine",yes
Stanford Lucile Packard Children's Hospital,C3224814,"ACNS0332: Regimen A (no carboplatin, no isotretinoin)",ACNS0332,"Regimen A (no carboplatin, no isotretinoin)",Treatment follows a protocol but subject is not enrolled,1951,2103,"cisplatin,cyclophosphamide,vincristine",yes
Stanford Lucile Packard Children's Hospital,C2337369,SJMB12: Stratum N1: Standard Risk,SJMB12,Stratum N1: Standard Risk,Treatment follows a protocol and subject is enrolled on a protocol,1458,Not Available,"cisplatin,cyclophosphamide,vincristine",yes
Stanford Lucile Packard Children's Hospital,C3841167,SJMB12: Stratum N1: Standard Risk,SJMB12,Stratum N1: Standard Risk,Treatment follows a protocol and subject is enrolled on a protocol,2889,3011,"cisplatin,cyclophosphamide,vincristine",yes
Stanford Lucile Packard Children's Hospital,C3638094,Not Applicable,Not Applicable,Not Applicable,Treatment follows other standard of care not associated with a current or past protocol,401,485,Not Reported,yes
Stanford Lucile Packard Children's Hospital,C4084953,SJYC07: High-Risk Patients,SJYC07,High-Risk Patients,Treatment follows a protocol but subject is not enrolled,1271,1301,"cisplatin,cyclophosphamide,erlotinib,etoposide,methotrexate,topotecan,vinblastine,vincristine",yes
Stanford Lucile Packard Children's Hospital,C6889968,SJMB12: Stratum S1: Standard Risk,SJMB12,Stratum S1: Standard Risk,Treatment follows a protocol and subject is enrolled on a protocol,2203,2404,"cisplatin,cyclophosphamide,vincristine,vismodegib",yes
The Children's Hospital of Philadelphia,C3943503,ACNS0334: Regimen B,ACNS0334,Regimen B,Treatment follows a protocol but subject is not enrolled,977,1139,"carboplatin,cisplatin,cyclophosphamide,etoposide,methotrexate,thiotepa,vincristine",yes
The Children's Hospital of Philadelphia,C4463916,ACNS0334: Regimen A,ACNS0334,Regimen A,Treatment follows a protocol but subject is not enrolled,608,787,"carboplatin,cisplatin,cyclophosphamide,etoposide,thiotepa,vincristine",yes
The Children's Hospital of Philadelphia,C663708,PNOC005: Stratum A,PNOC005,Stratum A,Treatment follows a protocol and subject is enrolled on a protocol,Not Available,Not Available,locally recurrent atrt/medullo (delivery into tumor bed),no
The Children's Hospital of Philadelphia,C692613,SJMB03,SJMB03,Not Applicable,Treatment follows a protocol but subject is not enrolled,3723,3827,"cisplatin,cyclophosphamide,vincristine",yes
The Children's Hospital of Philadelphia,C82164,DFCI Modified IRS-III,DFCI Modified IRS-III,Not Applicable,Treatment follows a protocol but subject is not enrolled,1945,2469,"cisplatin,cyclophosphamide,cytarabine,dactinomycin,doxorubicin,etoposide,methotrexate,temozolomide,vincristine",no
The Children's Hospital of Philadelphia,C49077,Not Applicable,Not Applicable,Not Applicable,Treatment follows other standard of care not associated with a current or past protocol,8152,Not Available,"avastin,irinotecan",no
The Children's Hospital of Philadelphia,C270723,ACNS0331,ACNS0331,Not Applicable,Treatment follows a protocol but subject is not enrolled,3362,3752,"cisplatin,cyclophosphamide,lomustine,vincristine",yes
The Children's Hospital of Philadelphia,C1232952,ACNS0331,ACNS0331,Not Applicable,Treatment follows a protocol and subject is enrolled on a protocol,3184,3568,"cisplatin,cyclophosphamide,lomustine,vincristine",yes
The Children's Hospital of Philadelphia,C1026804,Not Applicable,Not Applicable,Not Applicable,Treatment follows other standard of care not associated with a current or past protocol,6882,Not Available,"topotecan pill,cyclophosphamide,thalidomide",no
The Children's Hospital of Philadelphia,C55965,Not Applicable,Not Applicable,Not Applicable,Treatment follows other standard of care not associated with a current or past protocol,5053,Not Available,temozolomide,no
The Children's Hospital of Philadelphia,C2322117,MEMMAT,MEMMAT,Not Applicable,Treatment follows a protocol but subject is not enrolled,743,898,"bevacizumab,celecoxib,cyclophosphamide,cytarabine,etoposide,fenofibric acid,thalidomide",no
The Children's Hospital of Philadelphia,C4093563,ACNS0334: Regimen B,ACNS0334,Regimen B,Treatment follows a protocol but subject is not enrolled,1087,1254,"carboplatin,cisplatin,cyclophosphamide,etoposide,methotrexate,thiotepa,vincristine",yes
The Children's Hospital of Philadelphia,C3755928,SJMB12: Stratum W1: Low Risk,SJMB12,Stratum W1: Low Risk,Treatment follows a protocol and subject is enrolled on a protocol,5675,5773,"cisplatin,cyclophosphamide,vincristine",yes
The Children's Hospital of Philadelphia,C2322117,Not Applicable,Not Applicable,Not Applicable,Treatment follows other standard of care not associated with a current or past protocol,1514,2308,"bortezomib,mercaptopurine,vincristine,methotrexate oral tablet",no
The Children's Hospital of Philadelphia,C798270,SJMB12: Stratum W1: Low Risk,SJMB12,Stratum W1: Low Risk,Treatment follows a protocol and subject is enrolled on a protocol,1960,2050,"cisplatin,cyclophosphamide,vincristine",yes
The Children's Hospital of Philadelphia,C626193,DFCI Modified IRS-III,DFCI Modified IRS-III,Not Applicable,Treatment follows a protocol and subject is enrolled on a protocol,193,269,"cisplatin,cyclophosphamide,cytarabine,dactinomycin,doxorubicin,etoposide,methotrexate,temozolomide,vincristine",yes
The Children's Hospital of Philadelphia,C8104470,Not Applicable,Not Applicable,Not Applicable,Not Reported,Not Applicable,Not Applicable,Not Applicable,no
The Children's Hospital of Philadelphia,C55965,Not Applicable,Not Applicable,Not Applicable,Treatment follows other standard of care not associated with a current or past protocol,5267,Not Reported,methotrexate 2.5 mg/ml oral solution,no
The Children's Hospital of Philadelphia,C542307,Not Applicable,Not Applicable,Not Applicable,Treatment follows other standard of care not associated with a current or past protocol,2573,2908,"temozolomide,thiotepa,carboplatin",no
The Children's Hospital of Philadelphia,C54366,CHP455,CHP455,Not Applicable,Treatment follows a protocol and subject is enrolled on a protocol,2475,Not Available,"cisplatin,lomustine,vincristine",yes
The Children's Hospital of Philadelphia,C6538311,Not Applicable,Not Applicable,Not Applicable,Treatment follows other standard of care not associated with a current or past protocol,420,877,"carboplatin,thiotepa,etoposide",yes
The Children's Hospital of Philadelphia,C3816813,"ACNS0333: Arm I (chemotherapy, autologous PBSC, 3D-CRT)",ACNS0333,"Arm I (chemotherapy, autologous PBSC, 3D-CRT)",Treatment follows a protocol but subject is not enrolled,656,778,"carboplatin,cisplatin,cyclophosphamide,etoposide,filgrastim,methotrexate,thiotepa,vincristine",yes
The Children's Hospital of Philadelphia,C528900,Not Applicable,Not Applicable,Not Applicable,Treatment follows other standard of care not associated with a current or past protocol,Not Available,917,"temozolomide,thiotepa,carboplatin",no
The Children's Hospital of Philadelphia,C607743,Not Reported,Not Reported,Not Applicable,Treatment follows a protocol and subject is enrolled on a protocol,Not Available,Not Available,Not Reported,no
The Children's Hospital of Philadelphia,C533082,Not Reported,Not Reported,Not Applicable,Treatment follows a protocol but subject is not enrolled,793,1326,Not Reported,yes
The Children's Hospital of Philadelphia,C466293,Not Applicable,Not Applicable,Not Applicable,Treatment follows other standard of care not associated with a current or past protocol,2411,2450,"bevacizumab,tazemetostat",no
The Children's Hospital of Philadelphia,C607743,DFCI Modified IRS-III,DFCI Modified IRS-III,Not Applicable,Treatment follows a protocol but subject is not enrolled,760,Not Available,"cisplatin,cyclophosphamide,cytarabine,dactinomycin,doxorubicin,etoposide,methotrexate,temozolomide,vincristine",no
The Children's Hospital of Philadelphia,C1036644,Not Applicable,Not Applicable,Not Applicable,Treatment follows other standard of care not associated with a current or past protocol,910,952,tazemetostat,no
The Children's Hospital of Philadelphia,C1060629,SJMB12: Stratum N1: Standard Risk,SJMB12,Stratum N1: Standard Risk,Treatment follows a protocol and subject is enrolled on a protocol,4800,4891,"cisplatin,cyclophosphamide,vincristine",yes
The Children's Hospital of Philadelphia,C741198,Not Applicable,Not Applicable,Not Applicable,Treatment follows other standard of care not associated with a current or past protocol,2123,2537,"vincristine,lomustine,cisplatin",yes
The Children's Hospital of Philadelphia,C794457,Not Applicable,Not Applicable,Not Applicable,Treatment follows other standard of care not associated with a current or past protocol,4781,5494,"vinblastine,methotrexate",no
The Children's Hospital of Philadelphia,C6009411,"ACNS0332: Regimen A (no carboplatin, no isotretinoin)",ACNS0332,"Regimen A (no carboplatin, no isotretinoin)",Treatment follows a protocol but subject is not enrolled,2420,2666,"cisplatin,cyclophosphamide,vincristine",yes
The Children's Hospital of Philadelphia,C54366,Not Applicable,Not Applicable,Not Applicable,Treatment follows other standard of care not associated with a current or past protocol,8583,8828,"vincristine,temozolomide,irinotecan",no
The Children's Hospital of Philadelphia,C1277601,DFCI Modified IRS-III,DFCI Modified IRS-III,Not Applicable,Treatment follows a protocol but subject is not enrolled,707,1203,"cisplatin,cyclophosphamide,cytarabine,dactinomycin,doxorubicin,etoposide,methotrexate,temozolomide,vincristine",yes
The Children's Hospital of Philadelphia,C85854,VOIT,VOIT,Not Applicable,Treatment follows a protocol but subject is not enrolled,1019,Not Available,"irinotecan,temozolomide,vincristine",no
The Children's Hospital of Philadelphia,C2897019,SJMB12: Stratum W1: Low Risk,SJMB12,Stratum W1: Low Risk,Treatment follows a protocol and subject is enrolled on a protocol,1908,2006,"cisplatin,cyclophosphamide,vincristine",yes
The Children's Hospital of Philadelphia,C1026804,ACNS0122: Induction and Consolidation (High dose chemotherapy),ACNS0122,Induction and Consolidation (High dose chemotherapy),Treatment follows a protocol and subject is enrolled on a protocol,6602,6762,"carboplatin,etoposide,ifosfamide,thiotepa",no
The Children's Hospital of Philadelphia,C2848188,Not Applicable,Not Applicable,Not Applicable,Treatment follows other standard of care not associated with a current or past protocol,241,262,tazemetostat,no
The Children's Hospital of Philadelphia,C16113,Not Applicable,Not Applicable,Not Applicable,Treatment follows other standard of care not associated with a current or past protocol,5721,6741,"vincristine,irinotecan,temozolomide",no
The Children's Hospital of Philadelphia,C529515,Not Reported,Not Reported,Not Applicable,Treatment follows a protocol but subject is not enrolled,Not Available,Not Available,Not Reported,no
The Children's Hospital of Philadelphia,C880803,DFCI Modified IRS-III,DFCI Modified IRS-III,Not Applicable,Treatment follows a protocol but subject is not enrolled,351,465,"cisplatin,cyclophosphamide,cytarabine,dactinomycin,doxorubicin,etoposide,methotrexate,temozolomide,vincristine",yes
The Children's Hospital of Philadelphia,C1026804,PBTC022,PBTC022,Not Applicable,Treatment follows a protocol and subject is enrolled on a protocol,6532,6588,"bevacizumab,irinotecan",no
The Children's Hospital of Philadelphia,C56088,SJMB03,SJMB03,Not Applicable,Treatment follows a protocol and subject is enrolled on a protocol,4986,5104,"cisplatin,cyclophosphamide,vincristine",yes
The Children's Hospital of Philadelphia,C4063305,Not Reported,Not Reported,Not Applicable,Treatment follows a protocol and subject is enrolled on a protocol,7856,Not Reported,Not Reported,no
The Children's Hospital of Philadelphia,C2442411,DFCI Modified IRS-III,DFCI Modified IRS-III,Not Applicable,Treatment follows a protocol but subject is not enrolled,1220,1371,"cisplatin,cyclophosphamide,cytarabine,dactinomycin,doxorubicin,etoposide,methotrexate,temozolomide,vincristine",yes
The Children's Hospital of Philadelphia,C406761,SJYC07: High-Risk Patients,SJYC07,High-Risk Patients,Treatment follows a protocol and subject is enrolled on a protocol,1052,1163,"cisplatin,cyclophosphamide,erlotinib,etoposide,methotrexate,topotecan,vinblastine,vincristine",yes
The Children's Hospital of Philadelphia,C16113,CHP455,CHP455,Not Applicable,Treatment follows a protocol and subject is enrolled on a protocol,5397,5697,"cisplatin,lomustine,vincristine",yes
The Children's Hospital of Philadelphia,C377979,CHP455,CHP455,Not Applicable,Treatment follows a protocol and subject is enrolled on a protocol,Not Available,Not Available,"cisplatin,lomustine,vincristine",no
The Children's Hospital of Philadelphia,C20910,Not Applicable,Not Applicable,Not Applicable,Treatment follows other standard of care not associated with a current or past protocol,3774,4172,"avastin,etoposide,cyclophosphamide,thalidomide,fenofibrate",no
The Children's Hospital of Philadelphia,C22878,Not Applicable,Not Applicable,Not Applicable,Treatment follows other standard of care not associated with a current or past protocol,Not Available,Not Available,lomustine,no
The Children's Hospital of Philadelphia,C7483812,ACNS0331,ACNS0331,Not Applicable,Treatment follows a protocol and subject is enrolled on a protocol,2570,2968,"cisplatin,cyclophosphamide,lomustine,vincristine",yes
The Children's Hospital of Philadelphia,C552762,Not Applicable,Not Applicable,Not Applicable,Treatment follows other standard of care not associated with a current or past protocol,Not Available,Not Available,Not Reported,no
The Children's Hospital of Philadelphia,C76875,CHP455,CHP455,Not Applicable,Treatment follows a protocol but subject is not enrolled,3691,4054,"cisplatin,lomustine,vincristine",yes
The Children's Hospital of Philadelphia,C7351464,ACNS0331,ACNS0331,Not Applicable,Treatment follows a protocol and subject is enrolled on a protocol,2562,2973,"cisplatin,cyclophosphamide,lomustine,vincristine",yes
The Children's Hospital of Philadelphia,C432222,CCG-99703,CCG-99703,Not Applicable,Treatment follows a protocol but subject is not enrolled,517,Not Available,"carboplatin,cisplatin,cyclophosphamide,etoposide,thiotepa,vincristine",yes
The Children's Hospital of Philadelphia,C57564,CHP455,CHP455,Not Applicable,Treatment follows a protocol but subject is not enrolled,4332,4752,"cisplatin,lomustine,vincristine",yes
The Children's Hospital of Philadelphia,C3859863,ACNS0331,ACNS0331,Not Applicable,Treatment follows a protocol but subject is not enrolled,4206,4521,"cisplatin,cyclophosphamide,lomustine,vincristine",yes
The Children's Hospital of Philadelphia,C59655,Not Applicable,Not Applicable,Not Applicable,Treatment follows other standard of care not associated with a current or past protocol,3540,3905,topotecan,yes
The Children's Hospital of Philadelphia,C2442411,Not Applicable,Not Applicable,Not Applicable,Treatment follows other standard of care not associated with a current or past protocol,1642,1683,"ifosfamide,carboplatin,etoposide",no
The Children's Hospital of Philadelphia,C542307,CCG-9921: Regimen A,CCG-9921,Regimen A,Treatment follows a protocol but subject is not enrolled,1692,Not Available,"cisplatin,cyclophosphamide,etoposide,vincristine",yes
The Children's Hospital of Philadelphia,C6538311,Not Applicable,Not Applicable,Not Applicable,Treatment follows other standard of care not associated with a current or past protocol,1183,1694,"topotecan,etoposide",no
The Children's Hospital of Philadelphia,C85854,DFCI Modified IRS-III,DFCI Modified IRS-III,Not Applicable,Treatment follows a protocol but subject is not enrolled,841,Not Available,"cisplatin,cyclophosphamide,cytarabine,dactinomycin,doxorubicin,etoposide,methotrexate,temozolomide,vincristine",yes
The Children's Hospital of Philadelphia,C973545,Not Applicable,Not Applicable,Not Applicable,Treatment follows other standard of care not associated with a current or past protocol,3032,3071,temozolomide,no
The Children's Hospital of Philadelphia,C21402,Other,Other,Not Applicable,Treatment follows a protocol and subject is enrolled on a protocol,Not Available,Not Available,Not Reported,no
The Children's Hospital of Philadelphia,C28905,Not Applicable,Not Applicable,Not Applicable,Treatment follows other standard of care not associated with a current or past protocol,6447,6500,nivolumab,no
The Children's Hospital of Philadelphia,C7542975,"ACNS0332: Regimen A (no carboplatin, no isotretinoin)",ACNS0332,"Regimen A (no carboplatin, no isotretinoin)",Treatment follows a protocol but subject is not enrolled,3033,Not Reported,"cisplatin,cyclophosphamide,vincristine",yes
The Children's Hospital of Philadelphia,C196554,DFCI Modified IRS-III,DFCI Modified IRS-III,Not Applicable,Treatment follows a protocol but subject is not enrolled,356,Not Available,"cisplatin,cyclophosphamide,cytarabine,dactinomycin,doxorubicin,etoposide,methotrexate,temozolomide,vincristine",yes
The Children's Hospital of Philadelphia,C216603,Not Applicable,Not Applicable,Not Applicable,Treatment follows other standard of care not associated with a current or past protocol,7901,8241,temozolomide,no
The Children's Hospital of Philadelphia,C3665154,SJMB03,SJMB03,Not Applicable,Treatment follows a protocol but subject is not enrolled,6822,6925,"cisplatin,cyclophosphamide,vincristine",yes
The Children's Hospital of Philadelphia,C83517,Other,Other,Not Applicable,Treatment follows a protocol but subject is not enrolled,3799,4282,Not Reported,yes
The Children's Hospital of Philadelphia,C3767367,SJMB12: Stratum N1: Standard Risk,SJMB12,Stratum N1: Standard Risk,Treatment follows a protocol and subject is enrolled on a protocol,3904,3995,"cisplatin,cyclophosphamide,vincristine",yes
The Children's Hospital of Philadelphia,C4333905,ACNS0334: Regimen B,ACNS0334,Regimen B,Treatment follows a protocol and subject is enrolled on a protocol,1529,1718,"carboplatin,cisplatin,cyclophosphamide,etoposide,methotrexate,thiotepa,vincristine",yes
The Children's Hospital of Philadelphia,C1032093,Not Applicable,Not Applicable,Not Applicable,Treatment follows other standard of care not associated with a current or past protocol,1204,Not Available,"thalidomide,etoposide,cyclophosphamide,fenofibrate,celebrex",no
The Children's Hospital of Philadelphia,C974652,DFCI Modified IRS-III,DFCI Modified IRS-III,Not Applicable,Treatment follows a protocol but subject is not enrolled,1606,Not Available,"cisplatin,cyclophosphamide,cytarabine,dactinomycin,doxorubicin,etoposide,methotrexate,temozolomide,vincristine",yes
The Children's Hospital of Philadelphia,C3474996,Not Applicable,Not Applicable,Not Applicable,Treatment follows other standard of care not associated with a current or past protocol,8942,9064,"temozolomide,etoposide,vismodegib",no
The Children's Hospital of Philadelphia,C3979173,SJMB03,SJMB03,Not Applicable,Treatment follows a protocol but subject is not enrolled,Not Available,Not Available,"cisplatin,cyclophosphamide,vincristine",no
The Children's Hospital of Philadelphia,C5490105,SJMB03,SJMB03,Not Applicable,Treatment follows a protocol but subject is not enrolled,3476,3591,"cisplatin,cyclophosphamide,vincristine",yes
The Children's Hospital of Philadelphia,C540462,Not Applicable,Not Applicable,Not Applicable,Treatment follows other standard of care not associated with a current or past protocol,486,551,"carboplatin,etoposide",yes
The Children's Hospital of Philadelphia,C75399,CHP455,CHP455,Not Applicable,Treatment follows a protocol but subject is not enrolled,5654,5725,"cisplatin,lomustine,vincristine",yes
The Children's Hospital of Philadelphia,C6908049,ACNS0334: Regimen B,ACNS0334,Regimen B,Treatment follows a protocol but subject is not enrolled,1116,1240,"carboplatin,cisplatin,cyclophosphamide,etoposide,methotrexate,thiotepa,vincristine",yes
The Children's Hospital of Philadelphia,C216603,Not Applicable,Not Applicable,Not Applicable,Treatment follows other standard of care not associated with a current or past protocol,8102,8257,"bevacizumab,irinotecan",no
The Children's Hospital of Philadelphia,C876375,DFCI Modified IRS-III,DFCI Modified IRS-III,Not Applicable,Treatment follows a protocol but subject is not enrolled,133,Not Available,"cisplatin,cyclophosphamide,cytarabine,dactinomycin,doxorubicin,etoposide,methotrexate,temozolomide,vincristine",no
The Children's Hospital of Philadelphia,C24108,CCG-99703,CCG-99703,Not Applicable,Treatment follows a protocol but subject is not enrolled,1089,1280,"carboplatin,cisplatin,cyclophosphamide,etoposide,thiotepa,vincristine",yes
The Children's Hospital of Philadelphia,C406761,Not Applicable,Not Applicable,Not Applicable,Treatment follows other standard of care not associated with a current or past protocol,1308,Not Available,temozolomide,no
The Children's Hospital of Philadelphia,C972438,VOIT,VOIT,Not Applicable,Treatment follows a protocol but subject is not enrolled,2951,3078,"irinotecan,temozolomide,vincristine",no
The Children's Hospital of Philadelphia,C48216,CHP455,CHP455,Not Applicable,Treatment follows a protocol but subject is not enrolled,2381,2696,"cisplatin,lomustine,vincristine",yes
The Children's Hospital of Philadelphia,C67527,CHP455,CHP455,Not Applicable,Treatment follows a protocol but subject is not enrolled,3750,3793,"cisplatin,lomustine,vincristine",yes
The Children's Hospital of Philadelphia,C2848188,DFCI Modified IRS-III,DFCI Modified IRS-III,Not Applicable,Treatment follows a protocol but subject is not enrolled,33,240,"cisplatin,cyclophosphamide,cytarabine,dactinomycin,doxorubicin,etoposide,methotrexate,temozolomide,vincristine",no
The Children's Hospital of Philadelphia,C3552978,Not Applicable,Not Applicable,Not Applicable,Treatment follows other standard of care not associated with a current or past protocol,4017,4077,"temodar,irinotecan,avastin",no
The Children's Hospital of Philadelphia,C68265,CHP455,CHP455,Not Applicable,Treatment follows a protocol but subject is not enrolled,2243,2621,"cisplatin,lomustine,vincristine",yes
The Children's Hospital of Philadelphia,C3755559,Not Applicable,Not Applicable,Not Applicable,Treatment follows other standard of care not associated with a current or past protocol,774,941,"vincristine,cyclophosphamide,doxorubicin,carboplatin,etoposide",no
The Children's Hospital of Philadelphia,C752883,Not Applicable,Not Applicable,Not Applicable,Treatment follows other standard of care not associated with a current or past protocol,Not Available,Not Available,"lomustine,vincristine",no
The Children's Hospital of Philadelphia,C18819,ACNS0333,ACNS0333,Not Applicable,Treatment follows a protocol and subject is enrolled on a protocol,906,Not Available,"carboplatin,cisplatin,cyclophosphamide,etoposide,filgrastim,methotrexate,thiotepa,vincristine",yes
The Children's Hospital of Philadelphia,C4316685,SJMB03,SJMB03,Not Applicable,Treatment follows a protocol but subject is not enrolled,4104,4192,"cisplatin,cyclophosphamide,vincristine",yes
The Children's Hospital of Philadelphia,C25830,Not Applicable,Not Applicable,Not Applicable,Treatment follows other standard of care not associated with a current or past protocol,5646,5961,"cisplatin,lomustine,vincristine",no
The Children's Hospital of Philadelphia,C270723,Other,Other,Not Applicable,Treatment follows a protocol and subject is enrolled on a protocol,Not Available,Not Available,Not Reported,no
The Children's Hospital of Philadelphia,C3169587,SJMB12: Stratum S1: Standard Risk,SJMB12,Stratum S1: Standard Risk,Treatment follows a protocol and subject is enrolled on a protocol,2811,2923,"cisplatin,cyclophosphamide,vincristine,vismodegib",yes
The Children's Hospital of Philadelphia,C312912,Not Applicable,Not Applicable,Not Applicable,Treatment follows other standard of care not associated with a current or past protocol,7127,Not Available,"temozolomide,bevacizumab",no
The Children's Hospital of Philadelphia,C146247,Not Applicable,Not Applicable,Not Applicable,Treatment follows other standard of care not associated with a current or past protocol,1518,1538,topotecan,no
The Children's Hospital of Philadelphia,C760017,CCG-99703,CCG-99703,Not Applicable,Treatment follows a protocol but subject is not enrolled,122,299,"carboplatin,cisplatin,cyclophosphamide,etoposide,thiotepa,vincristine",yes
The Children's Hospital of Philadelphia,C216603,Not Applicable,Not Applicable,Not Applicable,Treatment follows other standard of care not associated with a current or past protocol,Not Available,Not Available,"lomustine,cisplatin,vincristine",no
The Children's Hospital of Philadelphia,C2658645,Not Applicable,Not Applicable,Not Applicable,Unavailable treatment,Not Applicable,Not Applicable,Not Applicable,no
The Children's Hospital of Philadelphia,C25092,CHP455,CHP455,Not Applicable,Treatment follows a protocol but subject is not enrolled,2151,2465,"cisplatin,lomustine,vincristine",yes
The Children's Hospital of Philadelphia,C17466,"ACNS0332: Regimen B (carboplatin, no isotretinoin)",ACNS0332,"Regimen B (carboplatin, no isotretinoin)",Treatment follows a protocol and subject is enrolled on a protocol,Not Available,6025,"carboplatin,cisplatin,cyclophosphamide,vincristine",no
The Children's Hospital of Philadelphia,C49077,Not Applicable,Not Applicable,Not Applicable,Treatment follows other standard of care not associated with a current or past protocol,Not Available,Not Available,"lomustine,vincristine,cisplatin",no
The Children's Hospital of Philadelphia,C72570,Not Applicable,Not Applicable,Not Applicable,Treatment follows other standard of care not associated with a current or past protocol,4105,4131,topotecan,no
The Children's Hospital of Philadelphia,C5137218,ACNS0334: Regimen B,ACNS0334,Regimen B,Treatment follows a protocol and subject is enrolled on a protocol,1575,1712,"carboplatin,cisplatin,cyclophosphamide,etoposide,methotrexate,thiotepa,vincristine",yes
The Children's Hospital of Philadelphia,C2698005,Not Applicable,Not Applicable,Not Applicable,Treatment follows other standard of care not associated with a current or past protocol,1944,2098,bevacizumab,no
The Children's Hospital of Philadelphia,C1032093,DFCI Modified IRS-III,DFCI Modified IRS-III,Not Applicable,Treatment follows a protocol but subject is not enrolled,839,1017,"cisplatin,cyclophosphamide,cytarabine,dactinomycin,doxorubicin,etoposide,methotrexate,temozolomide,vincristine",yes
The Children's Hospital of Philadelphia,C914505,SJMB03,SJMB03,Not Applicable,Treatment follows a protocol but subject is not enrolled,4267,4371,"cisplatin,cyclophosphamide,vincristine",no
The Children's Hospital of Philadelphia,C3409560,SJMB12: Stratum W2: Atypical,SJMB12,Stratum W2: Atypical,Treatment follows a protocol and subject is enrolled on a protocol,2924,3044,"cisplatin,cyclophosphamide,vincristine",yes
The Children's Hospital of Philadelphia,C27552,SJMB03,SJMB03,Not Applicable,Treatment follows a protocol but subject is not enrolled,3968,4059,"cisplatin,cyclophosphamide,vincristine",yes
The Children's Hospital of Philadelphia,C4964157,DFCI Modified IRS-III,DFCI Modified IRS-III,Not Applicable,Treatment follows a protocol and subject is enrolled on a protocol,1269,1831,"cisplatin,cyclophosphamide,cytarabine,dactinomycin,doxorubicin,etoposide,methotrexate,temozolomide,vincristine",no
The Children's Hospital of Philadelphia,C5136234,"ACNS0332: Regimen A (no carboplatin, no isotretinoin)",ACNS0332,"Regimen A (no carboplatin, no isotretinoin)",Treatment follows a protocol but subject is not enrolled,5389,5543,"cisplatin,cyclophosphamide,vincristine",yes
The Children's Hospital of Philadelphia,C112791,Not Applicable,Not Applicable,Not Applicable,Treatment follows other standard of care not associated with a current or past protocol,Not Available,Not Available,"vincristine,lomustine,cisplatin,etoposide,cyclophosphamide",no
The Children's Hospital of Philadelphia,C45141,"ACNS0331: Arm VI (8-21 years of age, SDCSI, PFRT)",ACNS0331,"Arm VI (8-21 years of age, SDCSI, PFRT)",Treatment follows a protocol but subject is not enrolled,6718,7126,"cisplatin,cyclophosphamide,lomustine,vincristine",yes
The Children's Hospital of Philadelphia,C84747,CHP693,CHP693,Not Applicable,Treatment follows a protocol but subject is not enrolled,5104,5602,"cisplatin,cyclophosphamide,etoposide,lomustine,vincristine",yes
The Children's Hospital of Philadelphia,C22878,ACNS0126,ACNS0126,Not Applicable,Treatment follows a protocol and subject is enrolled on a protocol,5720,5761,temozolomide,no
The Children's Hospital of Philadelphia,C49077,Not Applicable,Not Applicable,Not Applicable,Treatment follows other standard of care not associated with a current or past protocol,Not Available,Not Available,topotecan,no
The Children's Hospital of Philadelphia,C1054725,SJMB12: Stratum W2: Atypical,SJMB12,Stratum W2: Atypical,Treatment follows a protocol but subject is not enrolled,3379,3476,"cisplatin,cyclophosphamide,vincristine",yes
The Children's Hospital of Philadelphia,C7785162,ACNS0334: Regimen B,ACNS0334,Regimen B,Treatment follows a protocol but subject is not enrolled,1285,Not Reported,"carboplatin,cisplatin,cyclophosphamide,etoposide,methotrexate,thiotepa,vincristine",yes
The Children's Hospital of Philadelphia,C55350,Not Applicable,Not Applicable,Not Applicable,Treatment follows other standard of care not associated with a current or past protocol,Not Available,Not Available,"temozolomide,thiotepa,carboplatin",no
The Children's Hospital of Philadelphia,C1003065,SJMB12: Stratum N3: High Risk,SJMB12,Stratum N3: High Risk,Treatment follows a protocol and subject is enrolled on a protocol,4531,4692,"cisplatin,cyclophosphamide,gemcitabine,pemetrexed,vincristine",yes
The Children's Hospital of Philadelphia,C623979,Not Applicable,Not Applicable,Not Applicable,Treatment follows other standard of care not associated with a current or past protocol,Not Available,Not Available,Not Reported,no
The Children's Hospital of Philadelphia,C4093563,Not Applicable,Not Applicable,Not Applicable,Treatment follows other standard of care not associated with a current or past protocol,1604,1846,"bevacizumab,irinotecan,temozolomide",no
The Children's Hospital of Philadelphia,C396306,DFCI Modified IRS-III,DFCI Modified IRS-III,Not Applicable,Treatment follows a protocol but subject is not enrolled,587,Not Available,"cisplatin,cyclophosphamide,cytarabine,dactinomycin,doxorubicin,etoposide,methotrexate,temozolomide,vincristine",yes
The Children's Hospital of Philadelphia,C29028,SJMB03,SJMB03,Not Applicable,Treatment follows a protocol and subject is enrolled on a protocol,3772,3869,"cisplatin,cyclophosphamide,vincristine",yes
UAB,C4161705,Head Start 4: Single Cycle Intensive Chemotherapy,Head Start 4,Single Cycle Intensive Chemotherapy,Treatment follows a protocol and subject is enrolled on a protocol,1307,1407,"carboplatin,etoposide,thiotepa",yes
UCSF Benioff Children's Hospital,C2550528,"ACNS0332: Regimen B (carboplatin, no isotretinoin)",ACNS0332,"Regimen B (carboplatin, no isotretinoin)",Treatment follows a protocol but subject is not enrolled,1275,1522,"carboplatin,cisplatin,cyclophosphamide,vincristine",no
UCSF Benioff Children's Hospital,C921639,DFCI Modified IRS-III,DFCI Modified IRS-III,Not Applicable,Treatment follows a protocol but subject is not enrolled,1378,1636,"cisplatin,cyclophosphamide,cytarabine,dactinomycin,doxorubicin,etoposide,methotrexate,temozolomide,vincristine",yes
UCSF Benioff Children's Hospital,C7769295,ACNS0331,ACNS0331,Not Applicable,Treatment follows a protocol and subject is enrolled on a protocol,3015,Not Available,"cisplatin,cyclophosphamide,lomustine,vincristine",yes
UCSF Benioff Children's Hospital,C7768188,"ACNS0333: Arm I (chemotherapy, autologous PBSC, 3D-CRT)",ACNS0333,"Arm I (chemotherapy, autologous PBSC, 3D-CRT)",Treatment follows a protocol and subject is enrolled on a protocol,874,1004,"carboplatin,cisplatin,cyclophosphamide,etoposide,filgrastim,methotrexate,thiotepa,vincristine",yes
UCSF Benioff Children's Hospital,C7596111,ACNS0334: Regimen B,ACNS0334,Regimen B,Treatment follows a protocol and subject is enrolled on a protocol,926,Not Available,"carboplatin,cisplatin,cyclophosphamide,etoposide,methotrexate,thiotepa,vincristine",yes
UCSF Benioff Children's Hospital,C921639,SJATART: Stratum A,SJATART,Stratum A,Treatment follows a protocol and subject is enrolled on a protocol,1714,1806,alisertib,no
UCSF Benioff Children's Hospital,C921639,PNOC005: Stratum A,PNOC005,Stratum A,Treatment follows a protocol and subject is enrolled on a protocol,1876,1876,locally recurrent atrt/medullo (delivery into tumor bed),no
UCSF Benioff Children's Hospital,C4154940,ACNS0334: Regimen B,ACNS0334,Regimen B,Treatment follows a protocol but subject is not enrolled,1829,1901,"carboplatin,cisplatin,cyclophosphamide,etoposide,methotrexate,thiotepa,vincristine",yes
UCSF Benioff Children's Hospital,C8241861,"ACNS0331: Arm V (8-21 years of age, SDCSI, IFRT)",ACNS0331,"Arm V (8-21 years of age, SDCSI, IFRT)",Treatment follows a protocol but subject is not enrolled,6297,6663,"cisplatin,cyclophosphamide,lomustine,vincristine",yes
UCSF Benioff Children's Hospital,C886092,Not Reported,Not Reported,Not Applicable,Treatment follows a protocol but subject is not enrolled,383,429,Not Reported,yes
UNC Lineberger Comprehensive Cancer Center,C7863513,ACNS0334: Regimen B,ACNS0334,Regimen B,Treatment follows a protocol and subject is enrolled on a protocol,829,Not Available,"carboplatin,cisplatin,cyclophosphamide,etoposide,methotrexate,thiotepa,vincristine",yes
University of Iowa,C8028456,ACNS0333,ACNS0333,Not Applicable,Treatment follows a protocol but subject is not enrolled,203,264,"carboplatin,cisplatin,cyclophosphamide,etoposide,filgrastim,methotrexate,thiotepa,vincristine",yes
University of Pittsburgh,C607005,ACNS0331,ACNS0331,Not Applicable,Treatment follows a protocol and subject is enrolled on a protocol,3695,3982,"cisplatin,cyclophosphamide,lomustine,vincristine",yes
University of Pittsburgh,C107994,Not Applicable,Not Applicable,Not Applicable,Not Reported,Not Applicable,Not Applicable,Not Applicable,no
University of Pittsburgh,C340341,PBTC051,PBTC051,Not Applicable,Treatment follows a protocol and subject is enrolled on a protocol,5321,Not Available,sotigalimab,no
University of Pittsburgh,C820287,ACNS0331,ACNS0331,Not Applicable,Treatment follows a protocol and subject is enrolled on a protocol,1602,1958,"cisplatin,cyclophosphamide,lomustine,vincristine",yes
University of Pittsburgh,C3273768,SJMB-96,SJMB-96,Not Applicable,Treatment follows a protocol but subject is not enrolled,4273,4377,"amifostine,cisplatin,cyclophosphamide,filgrastim,vincristine",yes
University of Pittsburgh,C3775608,ACNS0334: Regimen A,ACNS0334,Regimen A,Treatment follows a protocol and subject is enrolled on a protocol,398,567,"carboplatin,cisplatin,cyclophosphamide,etoposide,thiotepa,vincristine",yes
University of Pittsburgh,C6693414,"ACNS0332: Regimen B (carboplatin, no isotretinoin)",ACNS0332,"Regimen B (carboplatin, no isotretinoin)",Treatment follows a protocol but subject is not enrolled,3331,Not Reported,"carboplatin,cisplatin,cyclophosphamide,vincristine",yes
University of Pittsburgh,C340341,PBTC051,PBTC051,Not Applicable,Treatment follows a protocol and subject is enrolled on a protocol,5322,Not Reported,sotigalimab,no
University of Pittsburgh,C7712346,Other,Other,Not Applicable,Treatment follows a protocol and subject is enrolled on a protocol,2827,Not Reported,Not Reported,yes
University of Pittsburgh,C3651747,SJMB-96,SJMB-96,Not Applicable,Treatment follows a protocol and subject is enrolled on a protocol,3177,Not Available,"amifostine,cisplatin,cyclophosphamide,filgrastim,vincristine",yes
University of Pittsburgh,C6277182,ACNS0333,ACNS0333,Not Applicable,Treatment follows a protocol and subject is enrolled on a protocol,Not Reported,Not Reported,"carboplatin,cisplatin,cyclophosphamide,etoposide,filgrastim,methotrexate,thiotepa,vincristine",no
University of Pittsburgh,C4157892,SJMB-96,SJMB-96,Not Applicable,Treatment follows a protocol and subject is enrolled on a protocol,2884,2976,"amifostine,cisplatin,cyclophosphamide,filgrastim,vincristine",yes
University of Pittsburgh,C107994,CCG-99701: Regimen A,CCG-99701,Regimen A,Treatment follows a protocol but subject is not enrolled,2983,3173,"carboplatin,cyclophosphamide,vincristine",yes
University of Pittsburgh,C2358033,ACNS0333,ACNS0333,Not Applicable,Treatment follows a protocol and subject is enrolled on a protocol,792,834,"carboplatin,cisplatin,cyclophosphamide,etoposide,filgrastim,methotrexate,thiotepa,vincristine",yes
University of Pittsburgh,C107994,PBTC045,PBTC045,Not Applicable,Treatment follows a protocol and subject is enrolled on a protocol,5119,5140,pembrolizumab,no
University of Pittsburgh,C710325,SJMB12: Stratum W2: Atypical,SJMB12,Stratum W2: Atypical,Treatment follows a protocol and subject is enrolled on a protocol,3580,Not Available,"cisplatin,cyclophosphamide,vincristine",yes
Wake Forest Baptist Medical Center,C3461835,"ACNS0332: Regimen A (no carboplatin, no isotretinoin)",ACNS0332,"Regimen A (no carboplatin, no isotretinoin)",Treatment follows a protocol but subject is not enrolled,3735,3989,"cisplatin,cyclophosphamide,vincristine",yes
Wake Forest Baptist Medical Center,C3461835,Not Applicable,Not Applicable,Not Applicable,Treatment follows other standard of care not associated with a current or past protocol,4142,Not Available,"etoposide,cyclophosphamide",no
Washington University in St. Louis,C7543221,ACNS0333,ACNS0333,Not Applicable,Treatment follows a protocol but subject is not enrolled,737,875,"carboplatin,cisplatin,cyclophosphamide,etoposide,filgrastim,methotrexate,thiotepa,vincristine",yes
Washington University in St. Louis,C7784301,ACNS0331,ACNS0331,Not Applicable,Treatment follows a protocol but subject is not enrolled,3835,Not Reported,"cisplatin,cyclophosphamide,lomustine,vincristine",yes
Washington University in St. Louis,C7226865,ACNS0331,ACNS0331,Not Applicable,Treatment follows a protocol but subject is not enrolled,2432,Not Reported,"cisplatin,cyclophosphamide,lomustine,vincristine",yes
Weill Cornell Medical College,C1254600,Not Applicable,Not Applicable,Not Applicable,Treatment follows other standard of care not associated with a current or past protocol,1713,1988,etoposide,no
Weill Cornell Medical College,C6432039,"ACNS0332: Regimen D (carboplatin, isotretinoin)",ACNS0332,"Regimen D (carboplatin, isotretinoin)",Treatment follows a protocol and subject is enrolled on a protocol,250,Not Available,"carboplatin,cisplatin,cyclophosphamide,isotretinoin,vincristine",yes
Akron Children's Hospital,C7227726,"ACNS0331: Arm V (8-21 years of age, SDCSI, IFRT)",ACNS0331,"Arm V (8-21 years of age, SDCSI, IFRT)",Treatment follows a protocol but subject is not enrolled,5650,5966,"cisplatin,cyclophosphamide,lomustine,vincristine",yes
Akron Children's Hospital,C7457859,"ACNS0332: Regimen A (no carboplatin, no isotretinoin)",ACNS0332,"Regimen A (no carboplatin, no isotretinoin)",Treatment follows a protocol but subject is not enrolled,2405,2568,"cisplatin,cyclophosphamide,vincristine",yes
Akron Children's Hospital,C7860561,"ACNS0332: Regimen A (no carboplatin, no isotretinoin)",ACNS0332,"Regimen A (no carboplatin, no isotretinoin)",Treatment follows a protocol but subject is not enrolled,3445,3606,"cisplatin,cyclophosphamide,vincristine",yes
CBTN Non-Consortium Member,C3420753,Not Applicable,Not Applicable,Not Applicable,Treatment follows other standard of care not associated with a current or past protocol,Not Available,Not Available,etoposide,no
CBTN Non-Consortium Member,C3420753,Not Applicable,Not Applicable,Not Applicable,Treatment follows other standard of care not associated with a current or past protocol,3877,4221,"etoposide,everolimus,temozolomide",no
CBTN Non-Consortium Member,C3420753,Not Applicable,Not Applicable,Not Applicable,Treatment follows other standard of care not associated with a current or past protocol,3528,3719,etoposide,no
CBTN Non-Consortium Member,C2653602,Not Reported,Not Reported,Not Applicable,Treatment follows a protocol and subject is enrolled on a protocol,Not Available,2652,Not Reported,no
CBTN Non-Consortium Member,C1038366,Not Applicable,Not Applicable,Not Applicable,Treatment follows other standard of care not associated with a current or past protocol,Not Available,Not Available,bevacizumab,no
Children's National Medical Center (CNMC),C7559334,Other,Other,Not Applicable,Treatment follows a protocol but subject is not enrolled,606,739,Not Reported,no
Children's National Medical Center (CNMC),C8150718,Not Applicable,Not Applicable,Not Applicable,Treatment follows other standard of care not associated with a current or past protocol,1453,Not Available,"cyclophosphamide,topotecan,etoposide oral product",yes
Children's National Medical Center (CNMC),C2691978,PBTC045,PBTC045,Not Applicable,Treatment follows a protocol and subject is enrolled on a protocol,3027,3098,pembrolizumab,no
Children's National Medical Center (CNMC),C2694069,Not Applicable,Not Applicable,Not Applicable,Treatment follows other standard of care not associated with a current or past protocol,917,1100,tamoxifen,no
Children's National Medical Center (CNMC),C2734905,SJMB12: Stratum W1: Low Risk,SJMB12,Stratum W1: Low Risk,Treatment follows a protocol and subject is enrolled on a protocol,Not Available,Not Available,"cisplatin,cyclophosphamide,vincristine",no
Children's National Medical Center (CNMC),C2735889,CCG-99703,CCG-99703,Not Applicable,Treatment follows a protocol and subject is enrolled on a protocol,773,937,"carboplatin,cisplatin,cyclophosphamide,etoposide,thiotepa,vincristine",yes
Children's National Medical Center (CNMC),C5226639,Not Applicable,Not Applicable,Not Applicable,Treatment follows other standard of care not associated with a current or past protocol,2096,Not Available,tazemetostat,no
Children's National Medical Center (CNMC),C2740809,Head Start 4: Single Cycle Intensive Chemotherapy,Head Start 4,Single Cycle Intensive Chemotherapy,Treatment follows a protocol and subject is enrolled on a protocol,1197,1295,"carboplatin,etoposide,thiotepa",yes
Children's National Medical Center (CNMC),C2645361,Not Applicable,Not Applicable,Not Applicable,Treatment follows other standard of care not associated with a current or past protocol,7409,7943,tazemetostat,no
Children's National Medical Center (CNMC),C7588362,Other,Other,Not Applicable,Treatment follows a protocol and subject is enrolled on a protocol,2374,2491,Not Reported,yes
Children's National Medical Center (CNMC),C2834166,VOIT,VOIT,Not Applicable,Treatment follows a protocol and subject is enrolled on a protocol,2599,2605,"irinotecan,temozolomide,vincristine",no
Children's National Medical Center (CNMC),C2567010,Not Applicable,Not Applicable,Not Applicable,Treatment follows other standard of care not associated with a current or past protocol,4742,4891,bevacizumab,no
Children's National Medical Center (CNMC),C2691978,Not Applicable,Not Applicable,Not Applicable,Treatment follows other standard of care not associated with a current or past protocol,2018,2383,"cisplatin,vincristine,cyclophosphamide",yes
Children's National Medical Center (CNMC),C2661843,SJMB12: Stratum N3: High Risk,SJMB12,Stratum N3: High Risk,Treatment follows a protocol and subject is enrolled on a protocol,Not Available,Not Available,"cisplatin,cyclophosphamide,gemcitabine,pemetrexed,vincristine",no
Children's National Medical Center (CNMC),C7111983,Not Applicable,Not Applicable,Not Applicable,Treatment follows other standard of care not associated with a current or past protocol,4213,4329,Not Reported,no
Children's National Medical Center (CNMC),C7963143,ACNS0333,ACNS0333,Not Applicable,Treatment follows a protocol but subject is not enrolled,2291,2512,"carboplatin,cisplatin,cyclophosphamide,etoposide,filgrastim,methotrexate,thiotepa,vincristine",yes
Children's National Medical Center (CNMC),C7705827,Not Applicable,Not Applicable,Not Applicable,Treatment follows other standard of care not associated with a current or past protocol,2591,2622,"cisplatin,cyclophosphamide",no
Children's National Medical Center (CNMC),C4889496,Not Applicable,Not Applicable,Not Applicable,Treatment follows other standard of care not associated with a current or past protocol,2447,2487,arsenic trioxide,yes
Children's National Medical Center (CNMC),C7706442,Other,Other,Not Applicable,Treatment follows a protocol and subject is enrolled on a protocol,2280,2404,Not Reported,no
Children's National Medical Center (CNMC),C3230472,"ACNS0332: Regimen A (no carboplatin, no isotretinoin)",ACNS0332,"Regimen A (no carboplatin, no isotretinoin)",Treatment follows a protocol and subject is enrolled on a protocol,530,667,"cisplatin,cyclophosphamide,vincristine",yes
Children's National Medical Center (CNMC),C7963143,Not Applicable,Not Applicable,Not Applicable,Treatment follows other standard of care not associated with a current or past protocol,2717,2785,bevacizumab,no
Children's National Medical Center (CNMC),C3769458,Not Applicable,Not Applicable,Not Applicable,Treatment follows other standard of care not associated with a current or past protocol,2881,2884,"carboplatin,topotecan",no
Children's National Medical Center (CNMC),C4744725,SJMB12: Stratum N1: Standard Risk,SJMB12,Stratum N1: Standard Risk,Treatment follows a protocol and subject is enrolled on a protocol,2360,2451,"cisplatin,cyclophosphamide,vincristine",yes
Children's National Medical Center (CNMC),C2834166,CCG-99703,CCG-99703,Not Applicable,Treatment follows a protocol and subject is enrolled on a protocol,2067,2221,"carboplatin,cisplatin,cyclophosphamide,etoposide,thiotepa,vincristine",yes
Children's National Medical Center (CNMC),C2400222,PBTC045,PBTC045,Not Applicable,Treatment follows a protocol and subject is enrolled on a protocol,4459,4522,pembrolizumab,no
Children's National Medical Center (CNMC),C3769458,Other,Other,Not Applicable,Treatment follows a protocol and subject is enrolled on a protocol,2631,2812,Not Reported,no
Children's National Medical Center (CNMC),C2492595,SJMB03,SJMB03,Not Applicable,Treatment follows a protocol and subject is enrolled on a protocol,3955,4053,"cisplatin,cyclophosphamide,vincristine",yes
Children's National Medical Center (CNMC),C3230472,Other,Other,Not Applicable,Treatment follows a protocol and subject is enrolled on a protocol,867,1034,Not Reported,yes
Children's National Medical Center (CNMC),C2645361,Not Applicable,Not Applicable,Not Applicable,Treatment follows other standard of care not associated with a current or past protocol,7983,Not Available,tazemetostat,no
Children's National Medical Center (CNMC),C8027964,Other,Other,Not Applicable,Treatment follows a protocol and subject is enrolled on a protocol,7447,Not Available,Not Reported,no
Children's National Medical Center (CNMC),C994701,Not Reported,Not Reported,Not Applicable,Treatment follows a protocol and subject is enrolled on a protocol,750,Not Available,Not Reported,yes
Children's National Medical Center (CNMC),C2694069,ACNS0334: Regimen A,ACNS0334,Regimen A,Treatment follows a protocol and subject is enrolled on a protocol,612,826,"carboplatin,cisplatin,cyclophosphamide,etoposide,thiotepa,vincristine",yes
Children's National Medical Center (CNMC),C2645484,Other,Other,Not Applicable,Treatment follows a protocol and subject is enrolled on a protocol,1569,1682,Not Reported,no
Children's National Medical Center (CNMC),C3769458,Not Reported,Not Reported,Not Applicable,Treatment follows a protocol and subject is enrolled on a protocol,2975,3043,Not Reported,no
Children's National Medical Center (CNMC),C2661843,Not Applicable,Not Applicable,Not Applicable,Treatment follows other standard of care not associated with a current or past protocol,6571,6873,"cyclophosphamide,etoposide,thalidomide",no
Children's National Medical Center (CNMC),C5226639,ACNS0333,ACNS0333,Not Applicable,Treatment follows a protocol and subject is enrolled on a protocol,Not Available,Not Available,"carboplatin,cisplatin,cyclophosphamide,etoposide,filgrastim,methotrexate,thiotepa,vincristine",no
Children's National Medical Center (CNMC),C8626851,Other,Other,Not Applicable,Treatment follows a protocol and subject is enrolled on a protocol,3262,Not Available,Not Reported,no
Children's National Medical Center (CNMC),C7706442,"ACNS0332: Regimen B (carboplatin, no isotretinoin)",ACNS0332,"Regimen B (carboplatin, no isotretinoin)",Treatment follows a protocol but subject is not enrolled,Not Available,Not Available,"carboplatin,cisplatin,cyclophosphamide,vincristine",no
Children's National Medical Center (CNMC),C2783613,SJATART: Intervention B1,SJATART,Intervention B1,Treatment follows a protocol and subject is enrolled on a protocol,540,Not Available,"alisertib,carboplatin,cisplatin,cyclophosphamide,etoposide,methotrexate,topotecan,vincristine",no
Children's National Medical Center (CNMC),C3769458,SJMB12: Stratum N3: High Risk,SJMB12,Stratum N3: High Risk,Treatment follows a protocol and subject is enrolled on a protocol,2275,2457,"cisplatin,cyclophosphamide,gemcitabine,pemetrexed,vincristine",yes
Children's National Medical Center (CNMC),C3678069,SJMB12: Stratum N1: Standard Risk,SJMB12,Stratum N1: Standard Risk,Treatment follows a protocol and subject is enrolled on a protocol,2763,2854,"cisplatin,cyclophosphamide,vincristine",yes
Children's National Medical Center (CNMC),C8150718,ACNS0821: TEMO+IRIN+BEVA,ACNS0821,TEMO+IRIN+BEVA,Treatment follows a protocol and subject is enrolled on a protocol,2021,3030,"bevacizumab,irinotecan,temozolomide",no
Children's National Medical Center (CNMC),C7111983,Not Applicable,Not Applicable,Not Applicable,Treatment follows other standard of care not associated with a current or past protocol,3194,3223,vincristine,no
Children's National Medical Center (CNMC),C5226639,Other,Other,Not Applicable,Treatment follows a protocol and subject is enrolled on a protocol,2998,3053,Not Reported,no
Children's National Medical Center (CNMC),C7749984,Not Applicable,Not Applicable,Not Applicable,Treatment follows other standard of care not associated with a current or past protocol,962,1200,"vincristine,cyclophosphamide,etoposide,cisplatin,thiotepa",no
Children's National Medical Center (CNMC),C7559334,Other,Other,Not Applicable,Treatment follows a protocol but subject is not enrolled,417,467,Not Reported,no
Children's National Medical Center (CNMC),C1235904,SJMB12: Stratum N3: High Risk,SJMB12,Stratum N3: High Risk,Treatment follows a protocol and subject is enrolled on a protocol,1851,2041,"cisplatin,cyclophosphamide,gemcitabine,pemetrexed,vincristine",yes
Children's National Medical Center (CNMC),C2645361,Not Applicable,Not Applicable,Not Applicable,Treatment follows other standard of care not associated with a current or past protocol,6830,7185,tazemetostat,no
Children's National Medical Center (CNMC),C2694192,PBTC026,PBTC026,Not Applicable,Treatment follows a protocol and subject is enrolled on a protocol,800,Not Available,"carboplatin,cisplatin,cyclophosphamide,etoposide,isotretinoin,thiotepa,vincristine,vorinostat",yes
Children's National Medical Center (CNMC),C2783613,Not Reported,Not Reported,Not Applicable,Treatment follows a protocol and subject is enrolled on a protocol,822,1171,Not Reported,no
Children's National Medical Center (CNMC),C3811647,Not Applicable,Not Applicable,Not Applicable,Treatment follows other standard of care not associated with a current or past protocol,10185,11238,vismodegib,no
Children's National Medical Center (CNMC),C2661843,PBTC045,PBTC045,Not Applicable,Treatment follows a protocol and subject is enrolled on a protocol,6269,6476,pembrolizumab,no
Dayton Children's Hospital,C4053957,"ACNS0332: Regimen A (no carboplatin, no isotretinoin)",ACNS0332,"Regimen A (no carboplatin, no isotretinoin)",Treatment follows a protocol but subject is not enrolled,3358,3549,"cisplatin,cyclophosphamide,vincristine",yes
Hackensack,C3735510,MEMMAT,MEMMAT,Not Applicable,Treatment follows a protocol but subject is not enrolled,5990,6505,"bevacizumab,celecoxib,cyclophosphamide,cytarabine,etoposide,fenofibric acid,thalidomide",no
Hackensack,C2723712,DFCI Modified IRS-III,DFCI Modified IRS-III,Not Applicable,Treatment follows a protocol and subject is enrolled on a protocol,195,268,"cisplatin,cyclophosphamide,cytarabine,dactinomycin,doxorubicin,etoposide,methotrexate,temozolomide,vincristine",no
Hackensack,C1265301,DFCI Modified IRS-III,DFCI Modified IRS-III,Not Applicable,Treatment follows a protocol but subject is not enrolled,286,310,"cisplatin,cyclophosphamide,cytarabine,dactinomycin,doxorubicin,etoposide,methotrexate,temozolomide,vincristine",yes
Hackensack,C2596407,ACNS0331,ACNS0331,Not Applicable,Treatment follows a protocol but subject is not enrolled,7680,8002,"cisplatin,cyclophosphamide,lomustine,vincristine",yes
Hackensack,C3924192,ACNS0331,ACNS0331,Not Applicable,Treatment follows a protocol and subject is enrolled on a protocol,4898,5329,"cisplatin,cyclophosphamide,lomustine,vincristine",yes
Intermountain Primary Children's Hospital,C7333629,ACNS0331,ACNS0331,Not Applicable,Treatment follows a protocol but subject is not enrolled,2454,Not Reported,"cisplatin,cyclophosphamide,lomustine,vincristine",yes
Intermountain Primary Children's Hospital,C7901274,ACNS0331,ACNS0331,Not Applicable,Treatment follows a protocol but subject is not enrolled,3179,Not Reported,"cisplatin,cyclophosphamide,lomustine,vincristine",yes
Johns Hopkins All Children's Hospital,C7953795,Head Start 4: Single Cycle Intensive Chemotherapy,Head Start 4,Single Cycle Intensive Chemotherapy,Treatment follows a protocol and subject is enrolled on a protocol,1859,1999,"carboplatin,etoposide,thiotepa",yes
Johns Hopkins Medicine,C3587418,Not Applicable,Not Applicable,Not Applicable,Treatment follows other standard of care not associated with a current or past protocol,594,1308,"etoposide oral capsule,temozolomide,cyclophosphamide oral capsule,celecoxib 100 mg oral capsule,celecoxib 100 mg oral capsule",yes
Lurie Children's Hospital,C1002081,ACNS0331,ACNS0331,Not Applicable,Treatment follows a protocol but subject is not enrolled,2104,Not Available,"cisplatin,cyclophosphamide,lomustine,vincristine",yes
Lurie Children's Hospital,C2461107,Not Applicable,Not Applicable,Not Applicable,Treatment follows other standard of care not associated with a current or past protocol,2836,2921,nivolumab,no
Lurie Children's Hospital,C180687,Not Applicable,Not Applicable,Not Applicable,Treatment follows other standard of care not associated with a current or past protocol,511,524,vincristine,no
Lurie Children's Hospital,C626685,ACNS0331,ACNS0331,Not Applicable,Treatment follows a protocol but subject is not enrolled,3821,4290,"cisplatin,cyclophosphamide,lomustine,vincristine",yes
Lurie Children's Hospital,C2642040,DFCI Modified IRS-III,DFCI Modified IRS-III,Not Applicable,Treatment follows a protocol and subject is enrolled on a protocol,1222,1684,"cisplatin,cyclophosphamide,cytarabine,dactinomycin,doxorubicin,etoposide,methotrexate,temozolomide,vincristine",yes
Lurie Children's Hospital,C699378,Not Reported,Not Reported,Not Applicable,Treatment follows a protocol but subject is not enrolled,3307,3478,Not Reported,yes
Lurie Children's Hospital,C5555664,ACNS0333,ACNS0333,Not Applicable,Treatment follows a protocol and subject is enrolled on a protocol,1932,1981,"carboplatin,cisplatin,cyclophosphamide,etoposide,filgrastim,methotrexate,thiotepa,vincristine",no
Lurie Children's Hospital,C596058,Not Reported,Not Reported,Not Applicable,Treatment follows a protocol and subject is enrolled on a protocol,4434,4465,Not Reported,no
Lurie Children's Hospital,C3753468,ACNS0331,ACNS0331,Not Applicable,Treatment follows a protocol and subject is enrolled on a protocol,4196,Not Reported,"cisplatin,cyclophosphamide,lomustine,vincristine",yes
Lurie Children's Hospital,C7125882,Other,Other,Not Applicable,Treatment follows a protocol but subject is not enrolled,565,719,Not Reported,yes
Lurie Children's Hospital,C567522,Not Reported,Not Reported,Not Applicable,Treatment follows a protocol but subject is not enrolled,3537,3579,Not Reported,yes
Lurie Children's Hospital,C596058,PBTC045,PBTC045,Not Applicable,Treatment follows a protocol and subject is enrolled on a protocol,4358,4389,pembrolizumab,no
Lurie Children's Hospital,C145386,ADVL1111,ADVL1111,Not Applicable,Treatment follows a protocol and subject is enrolled on a protocol,Not Reported,Not Reported,tivantinib,no
Lurie Children's Hospital,C5214954,"ACNS0332: Regimen A (no carboplatin, no isotretinoin)",ACNS0332,"Regimen A (no carboplatin, no isotretinoin)",Treatment follows a protocol but subject is not enrolled,1924,2198,"cisplatin,cyclophosphamide,vincristine",yes
Lurie Children's Hospital,C4309428,MEMMAT,MEMMAT,Not Applicable,Treatment follows a protocol but subject is not enrolled,4425,4618,"bevacizumab,celecoxib,cyclophosphamide,cytarabine,etoposide,fenofibric acid,thalidomide",no
Lurie Children's Hospital,C178719,CCG-99701: Regimen B,CCG-99701,Regimen B,Treatment follows a protocol but subject is not enrolled,1189,1476,"carboplatin,cisplatin,cyclophosphamide,vincristine",yes
Lurie Children's Hospital,C6519123,ONC201,ONC201,Not Applicable,Treatment follows a protocol and subject is enrolled on a protocol,3865,3989,dordaviprone,no
Lurie Children's Hospital,C3559989,Not Applicable,Not Applicable,Not Applicable,Treatment follows other standard of care not associated with a current or past protocol,3525,3620,temozolomide,no
Lurie Children's Hospital,C817950,CCG-99703,CCG-99703,Not Applicable,Treatment follows a protocol but subject is not enrolled,1536,1595,"carboplatin,cisplatin,cyclophosphamide,etoposide,thiotepa,vincristine",yes
Lurie Children's Hospital,C7271637,ACNS0331,ACNS0331,Not Applicable,Treatment follows a protocol but subject is not enrolled,3389,3676,"cisplatin,cyclophosphamide,lomustine,vincristine",yes
Lurie Children's Hospital,C179457,"ACNS0332: Regimen B (carboplatin, no isotretinoin)",ACNS0332,"Regimen B (carboplatin, no isotretinoin)",Treatment follows a protocol but subject is not enrolled,3977,4229,"carboplatin,cisplatin,cyclophosphamide,vincristine",yes
Lurie Children's Hospital,C6512727,JET Protocol,JET Protocol,Not Applicable,Treatment follows a protocol but subject is not enrolled,1545,1552,"carboplatin,etoposide",no
Lurie Children's Hospital,C3464049,TOTEM,TOTEM,Not Applicable,Treatment follows a protocol and subject is enrolled on a protocol,2181,2226,"temozolomide,topotecan",no
Lurie Children's Hospital,C3749286,ACNS0331,ACNS0331,Not Applicable,Treatment follows a protocol and subject is enrolled on a protocol,4190,4559,"cisplatin,cyclophosphamide,lomustine,vincristine",yes
Lurie Children's Hospital,C2461107,TOTEM,TOTEM,Not Applicable,Treatment follows a protocol and subject is enrolled on a protocol,2639,2800,"temozolomide,topotecan",no
Lurie Children's Hospital,C417585,ACNS0331,ACNS0331,Not Applicable,Treatment follows a protocol but subject is not enrolled,2799,3194,"cisplatin,cyclophosphamide,lomustine,vincristine",yes
Lurie Children's Hospital,C6513219,ACNS0331,ACNS0331,Not Applicable,Treatment follows a protocol but subject is not enrolled,3207,3601,"cisplatin,cyclophosphamide,lomustine,vincristine",yes
Lurie Children's Hospital,C3380901,MEMMAT,MEMMAT,Not Applicable,Treatment follows a protocol but subject is not enrolled,696,Not Reported,"bevacizumab,celecoxib,cyclophosphamide,cytarabine,etoposide,fenofibric acid,thalidomide",no
Lurie Children's Hospital,C556575,Not Reported,Not Reported,Not Applicable,Treatment follows a protocol but subject is not enrolled,Not Available,Not Available,Not Reported,no
Lurie Children's Hospital,C3379056,Not Applicable,Not Applicable,Not Applicable,Treatment follows other standard of care not associated with a current or past protocol,6077,6077,Not Reported,no
Lurie Children's Hospital,C992610,ACNS0331,ACNS0331,Not Applicable,Treatment follows a protocol but subject is not enrolled,1652,2058,"cisplatin,cyclophosphamide,lomustine,vincristine",yes
Lurie Children's Hospital,C556575,"ACNS0331: Arm I (3-7 years of age, LDCSI, IFRT)",ACNS0331,"Arm I (3-7 years of age, LDCSI, IFRT)",Treatment follows a protocol but subject is not enrolled,3082,3481,"cisplatin,cyclophosphamide,lomustine,vincristine",yes
Lurie Children's Hospital,C181425,Not Reported,Not Reported,Not Applicable,Treatment follows a protocol but subject is not enrolled,2452,2683,Not Reported,yes
Lurie Children's Hospital,C1188918,Head Start III: myeloablative chemotherapy,Head Start III,myeloablative chemotherapy,Treatment follows a protocol but subject is not enrolled,1044,1479,"carboplatin,etoposide,thiotepa",yes
Lurie Children's Hospital,C6995994,"ACNS0333: Arm I (chemotherapy, autologous PBSC, 3D-CRT)",ACNS0333,"Arm I (chemotherapy, autologous PBSC, 3D-CRT)",Treatment follows a protocol and subject is enrolled on a protocol,511,Not Reported,"carboplatin,cisplatin,cyclophosphamide,etoposide,filgrastim,methotrexate,thiotepa,vincristine",yes
Lurie Children's Hospital,C3379917,ACNS0331,ACNS0331,Not Applicable,Treatment follows a protocol and subject is enrolled on a protocol,3985,4403,"cisplatin,cyclophosphamide,lomustine,vincristine",yes
Lurie Children's Hospital,C8167569,"ACNS0332: Regimen A (no carboplatin, no isotretinoin)",ACNS0332,"Regimen A (no carboplatin, no isotretinoin)",Treatment follows a protocol but subject is not enrolled,3187,Not Reported,"cisplatin,cyclophosphamide,vincristine",yes
Lurie Children's Hospital,C833202,Not Reported,Not Reported,Not Applicable,Treatment follows a protocol but subject is not enrolled,2080,Not Available,Not Reported,yes
Lurie Children's Hospital,C3653469,Not Reported,Not Reported,Not Applicable,Treatment follows a protocol and subject is enrolled on a protocol,1064,1079,Not Reported,yes
Lurie Children's Hospital,C5555664,SJMB12: Stratum N1: Standard Risk,SJMB12,Stratum N1: Standard Risk,Treatment follows a protocol and subject is enrolled on a protocol,2088,2146,"cisplatin,cyclophosphamide,vincristine",no
Lurie Children's Hospital,C5594286,TOTEM,TOTEM,Not Applicable,Treatment follows a protocol but subject is not enrolled,9432,9474,"temozolomide,topotecan",no
Lurie Children's Hospital,C3380901,Not Applicable,Not Applicable,Not Applicable,Treatment follows other standard of care not associated with a current or past protocol,569,670,Not Reported,no
Lurie Children's Hospital,C960999,Not Applicable,Not Applicable,Not Applicable,Treatment follows other standard of care not associated with a current or past protocol,6147,6229,topotecan,no
Lurie Children's Hospital,C2769837,Not Reported,Not Reported,Not Applicable,Treatment follows a protocol but subject is not enrolled,1697,1885,Not Reported,yes
Lurie Children's Hospital,C2407602,ACNS0331,ACNS0331,Not Applicable,Treatment follows a protocol and subject is enrolled on a protocol,3420,3856,"cisplatin,cyclophosphamide,lomustine,vincristine",yes
Lurie Children's Hospital,C596058,PBTC050,PBTC050,Not Applicable,Treatment follows a protocol and subject is enrolled on a protocol,3986,4102,"everolimus,ribociclib",no
Lurie Children's Hospital,C300612,Head Start II: induction,Head Start II,induction,Treatment follows a protocol and subject is enrolled on a protocol,245,323,"cisplatin,cyclophosphamide,etoposide,vincristine",yes
Lurie Children's Hospital,C740214,Not Applicable,Not Applicable,Not Applicable,Treatment follows other standard of care not associated with a current or past protocol,2663,3093,"vincristine,cisplatin,cyclophosphamide",yes
Lurie Children's Hospital,C960999,Not Reported,Not Reported,Not Applicable,Treatment follows a protocol but subject is not enrolled,3835,4054,Not Reported,yes
Lurie Children's Hospital,C596058,Not Reported,Not Reported,Not Applicable,Treatment follows a protocol and subject is enrolled on a protocol,3286,3336,Not Reported,yes
Lurie Children's Hospital,C596058,Not Reported,Not Reported,Not Applicable,Treatment follows a protocol and subject is enrolled on a protocol,3342,3921,Not Reported,no
Lurie Children's Hospital,C8427960,MEMMAT,MEMMAT,Not Applicable,Treatment follows a protocol but subject is not enrolled,1179,1322,"bevacizumab,celecoxib,cyclophosphamide,cytarabine,etoposide,fenofibric acid,thalidomide",no
Lurie Children's Hospital,C5700066,Not Reported,Not Reported,Not Applicable,Treatment follows a protocol but subject is not enrolled,87,196,Not Reported,yes
Lurie Children's Hospital,C178104,ACNS0331,ACNS0331,Not Applicable,Treatment follows a protocol but subject is not enrolled,1630,2053,"cisplatin,cyclophosphamide,lomustine,vincristine",yes
Lurie Children's Hospital,C3559989,SJMB12: Stratum N3: High Risk,SJMB12,Stratum N3: High Risk,Treatment follows a protocol and subject is enrolled on a protocol,2867,3099,"cisplatin,cyclophosphamide,gemcitabine,pemetrexed,vincristine",yes
Lurie Children's Hospital,C8013450,Not Applicable,Not Applicable,Not Applicable,Treatment follows other standard of care not associated with a current or past protocol,Not Available,Not Available,Not Reported,no
Lurie Children's Hospital,C960999,Not Reported,Not Reported,Not Applicable,Treatment follows a protocol but subject is not enrolled,5370,5984,Not Reported,no
Lurie Children's Hospital,C614016,SJMB03,SJMB03,Not Applicable,Treatment follows a protocol and subject is enrolled on a protocol,Not Reported,Not Reported,"cisplatin,cyclophosphamide,vincristine",no
Lurie Children's Hospital,C2548560,Not Reported,Not Reported,Not Applicable,Treatment follows a protocol but subject is not enrolled,5419,5602,Not Reported,yes
Lurie Children's Hospital,C6512727,ACNS0334: Regimen B,ACNS0334,Regimen B,Treatment follows a protocol but subject is not enrolled,1060,1236,"carboplatin,cisplatin,cyclophosphamide,etoposide,methotrexate,thiotepa,vincristine",yes
Lurie Children's Hospital,C587325,DFCI Modified IRS-III,DFCI Modified IRS-III,Not Applicable,Treatment follows a protocol but subject is not enrolled,636,714,"cisplatin,cyclophosphamide,cytarabine,dactinomycin,doxorubicin,etoposide,methotrexate,temozolomide,vincristine",yes
Lurie Children's Hospital,C177981,Not Applicable,Not Applicable,Not Applicable,Treatment follows other standard of care not associated with a current or past protocol,6261,6382,cyclophosphamide,yes
Lurie Children's Hospital,C3376842,ACNS0334: Regimen B,ACNS0334,Regimen B,Treatment follows a protocol and subject is enrolled on a protocol,1429,1652,"carboplatin,cisplatin,cyclophosphamide,etoposide,methotrexate,thiotepa,vincristine",yes
Lurie Children's Hospital,C5027502,Baby POG-1,Baby POG-1,Not Applicable,Treatment follows a protocol and subject is enrolled on a protocol,104,153,"cisplatin,cyclophosphamide,etoposide,vincristine",yes
Lurie Children's Hospital,C2446101,Not Applicable,Not Applicable,Not Applicable,Treatment follows other standard of care not associated with a current or past protocol,1138,1249,"topotecan,bevacizumab",no
Lurie Children's Hospital,C2342412,ACNS0331,ACNS0331,Not Applicable,Treatment follows a protocol and subject is enrolled on a protocol,3491,3813,"cisplatin,cyclophosphamide,lomustine,vincristine",yes
Lurie Children's Hospital,C180072,Not Reported,Not Reported,Not Applicable,Treatment follows a protocol but subject is not enrolled,967,2920,Not Reported,yes
Lurie Children's Hospital,C7271637,ACNS0821: TEMO+IRIN+BEVA,ACNS0821,TEMO+IRIN+BEVA,Treatment follows a protocol but subject is not enrolled,3725,Not Reported,"bevacizumab,irinotecan,temozolomide",no
Lurie Children's Hospital,C178719,PBTC025,PBTC025,Not Applicable,Treatment follows a protocol and subject is enrolled on a protocol,2060,2099,vismodegib,no
Lurie Children's Hospital,C2461107,MEMMAT,MEMMAT,Not Applicable,Treatment follows a protocol and subject is enrolled on a protocol,2282,2625,"bevacizumab,celecoxib,cyclophosphamide,cytarabine,etoposide,fenofibric acid,thalidomide",no
Lurie Children's Hospital,C3411651,Not Applicable,Not Applicable,Not Applicable,Treatment follows other standard of care not associated with a current or past protocol,7950,8267,"carboplatin,vincristine",no
Lurie Children's Hospital,C3380286,ACNS0331,ACNS0331,Not Applicable,Treatment follows a protocol and subject is enrolled on a protocol,2937,3258,"cisplatin,cyclophosphamide,lomustine,vincristine",yes
Lurie Children's Hospital,C8427960,"ACNS0333: Arm II (chemotherapy, 3D-CRT, autologous PBSC)",ACNS0333,"Arm II (chemotherapy, 3D-CRT, autologous PBSC)",Treatment follows a protocol and subject is enrolled on a protocol,878,1097,"carboplatin,cisplatin,cyclophosphamide,etoposide,filgrastim,methotrexate,thiotepa,vincristine",yes
Lurie Children's Hospital,C105042,ACNS0334: Regimen B,ACNS0334,Regimen B,Treatment follows a protocol but subject is not enrolled,1684,1837,"carboplatin,cisplatin,cyclophosphamide,etoposide,methotrexate,thiotepa,vincristine",yes
Lurie Children's Hospital,C617952,ACNS0331,ACNS0331,Not Applicable,Treatment follows a protocol but subject is not enrolled,4884,5270,"cisplatin,cyclophosphamide,lomustine,vincristine",yes
Lurie Children's Hospital,C3379056,MEMMAT,MEMMAT,Not Applicable,Treatment follows a protocol and subject is enrolled on a protocol,5327,5944,"bevacizumab,celecoxib,cyclophosphamide,cytarabine,etoposide,fenofibric acid,thalidomide",no
Meyer Children's Hospital,C7424157,Not Applicable,Not Applicable,Not Applicable,Treatment follows other standard of care not associated with a current or past protocol,Not Available,Not Available,"methotrexate,vinorelbine,carboplatin",no
Meyer Children's Hospital,C3256302,Not Applicable,Not Applicable,Not Applicable,Unavailable treatment,Not Applicable,Not Applicable,Not Applicable,no
Meyer Children's Hospital,C333453,Not Reported,Not Reported,Not Applicable,Treatment follows a protocol and subject is enrolled on a protocol,1133,1853,Not Reported,yes
Meyer Children's Hospital,C823608,Not Applicable,Not Applicable,Not Applicable,Treatment follows other standard of care not associated with a current or past protocol,Not Available,Not Available,Not Reported,no
Meyer Children's Hospital,C411066,SIOP-PNET-4,SIOP-PNET-4,Not Applicable,Treatment follows a protocol but subject is not enrolled,3338,3765,"cisplatin,lomustine,vincristine",yes
Meyer Children's Hospital,C3572043,Not Applicable,Not Applicable,Not Applicable,Unavailable treatment,Not Applicable,Not Applicable,Not Applicable,no
Meyer Children's Hospital,C3571674,Not Applicable,Not Applicable,Not Applicable,Unavailable treatment,Not Applicable,Not Applicable,Not Applicable,no
Meyer Children's Hospital,C979203,Not Applicable,Not Applicable,Not Applicable,Treatment follows other standard of care not associated with a current or past protocol,Not Available,Not Available,Not Reported,no
Meyer Children's Hospital,C4420251,Not Applicable,Not Applicable,Not Applicable,Unavailable treatment,Not Applicable,Not Applicable,Not Applicable,no
Meyer Children's Hospital,C7411980,SIOP-PNET-4,SIOP-PNET-4,Not Applicable,Treatment follows a protocol and subject is enrolled on a protocol,5736,5777,"cisplatin,lomustine,vincristine",yes
Meyer Children's Hospital,C4065150,Not Applicable,Not Applicable,Not Applicable,Treatment follows other standard of care not associated with a current or past protocol,Not Available,Not Available,temozolomide,no
Meyer Children's Hospital,C1063458,Not Reported,Not Reported,Not Applicable,Treatment follows a protocol and subject is enrolled on a protocol,3137,3220,Not Reported,yes
Meyer Children's Hospital,C979695,Not Applicable,Not Applicable,Not Applicable,Treatment follows other standard of care not associated with a current or past protocol,Not Available,Not Available,Not Reported,no
Meyer Children's Hospital,C4418529,Not Applicable,Not Applicable,Not Applicable,Unavailable treatment,Not Applicable,Not Applicable,Not Applicable,no
Meyer Children's Hospital,C3473274,Not Applicable,Not Applicable,Not Applicable,Unavailable treatment,Not Applicable,Not Applicable,Not Applicable,no
Meyer Children's Hospital,C654114,Not Applicable,Not Applicable,Not Applicable,Treatment follows other standard of care not associated with a current or past protocol,Not Available,Not Available,Not Reported,no
Meyer Children's Hospital,C2405388,Not Applicable,Not Applicable,Not Applicable,Treatment follows other standard of care not associated with a current or past protocol,Not Available,Not Available,"methotrexate,vincristine,etoposide",no
Meyer Children's Hospital,C2404773,Not Applicable,Not Applicable,Not Applicable,Treatment follows other standard of care not associated with a current or past protocol,4484,Not Available,"methotrexate,navelbine,cyclophosphamide,carboplatin,vinorelbine",yes
NYU Langone Health,C8827095,ACNS0331,ACNS0331,Not Applicable,Treatment follows a protocol but subject is not enrolled,2584,Not Reported,"cisplatin,cyclophosphamide,lomustine,vincristine",yes
OHSU Doernbecher Children's Hospital,C5889978,ACNS0334: Regimen B,ACNS0334,Regimen B,Treatment follows a protocol but subject is not enrolled,1255,1425,"carboplatin,cisplatin,cyclophosphamide,etoposide,methotrexate,thiotepa,vincristine",yes
OHSU Doernbecher Children's Hospital,C5332419,ACNS0331,ACNS0331,Not Applicable,Treatment follows a protocol and subject is enrolled on a protocol,4835,5222,"cisplatin,cyclophosphamide,lomustine,vincristine",yes
OHSU Doernbecher Children's Hospital,C6316296,"ACNS0332: Regimen B (carboplatin, no isotretinoin)",ACNS0332,"Regimen B (carboplatin, no isotretinoin)",Treatment follows a protocol but subject is not enrolled,5501,5749,"carboplatin,cisplatin,cyclophosphamide,vincristine",yes
OHSU Doernbecher Children's Hospital,C6316173,Not Applicable,Not Applicable,Not Applicable,Treatment follows other standard of care not associated with a current or past protocol,1067,1088,etoposide,yes
OHSU Doernbecher Children's Hospital,C6067590,"ACNS0332: Regimen B (carboplatin, no isotretinoin)",ACNS0332,"Regimen B (carboplatin, no isotretinoin)",Treatment follows a protocol but subject is not enrolled,2890,3141,"carboplatin,cisplatin,cyclophosphamide,vincristine",yes
OHSU Doernbecher Children's Hospital,C6067590,Not Applicable,Not Applicable,Not Applicable,Treatment follows other standard of care not associated with a current or past protocol,4946,5243,bevacizumab,no
Orlando Health Arnold Palmer Hospital,C5259849,ACNS1422,ACNS1422,Not Applicable,Treatment follows a protocol and subject is enrolled on a protocol,5587,5812,"cisplatin,cyclophosphamide,lomustine,vincristine",yes
Orlando Health Arnold Palmer Hospital,C4274865,ACNS0331,ACNS0331,Not Applicable,Treatment follows a protocol and subject is enrolled on a protocol,5279,5628,"cisplatin,cyclophosphamide,lomustine,vincristine",yes
Orlando Health Arnold Palmer Hospital,C4274373,ACNS0331,ACNS0331,Not Applicable,Treatment follows a protocol and subject is enrolled on a protocol,6472,6860,"cisplatin,cyclophosphamide,lomustine,vincristine",yes
Orlando Health Arnold Palmer Hospital,C6809526,Other,Other,Not Applicable,Treatment follows a protocol and subject is enrolled on a protocol,2755,Not Available,Not Reported,yes
Orlando Health Arnold Palmer Hospital,C4274373,Not Applicable,Not Applicable,Not Applicable,Treatment follows other standard of care not associated with a current or past protocol,7852,7889,"temozolomide,cyclophosphamide oral product,topotecan",no
Orlando Health Arnold Palmer Hospital,C5259972,Not Applicable,Not Applicable,Not Applicable,Treatment follows other standard of care not associated with a current or past protocol,1918,1964,"carboplatin,vincristine",no
Orlando Health Arnold Palmer Hospital,C4274742,CCG-99703,CCG-99703,Not Applicable,Treatment follows a protocol and subject is enrolled on a protocol,603,712,"carboplatin,cisplatin,cyclophosphamide,etoposide,thiotepa,vincristine",yes
Orlando Health Arnold Palmer Hospital,C3991596,ACNS0331,ACNS0331,Not Applicable,Treatment follows a protocol but subject is not enrolled,4785,5178,"cisplatin,cyclophosphamide,lomustine,vincristine",yes
Seattle Children's Hospital,C1253862,Not Applicable,Not Applicable,Not Applicable,Treatment follows other standard of care not associated with a current or past protocol,4698,4863,vismodegib,no
Seattle Children's Hospital,C4034646,ACNS0334: Regimen A,ACNS0334,Regimen A,Treatment follows a protocol but subject is not enrolled,1802,Not Reported,"carboplatin,cisplatin,cyclophosphamide,etoposide,thiotepa,vincristine",yes
Seattle Children's Hospital,C5254437,Not Applicable,Not Applicable,Not Applicable,Treatment follows other standard of care not associated with a current or past protocol,2133,Not Available,tazemetostat,no
Seattle Children's Hospital,C147846,Not Applicable,Not Applicable,Not Applicable,Treatment follows other standard of care not associated with a current or past protocol,3052,3336,Not Reported,no
Seattle Children's Hospital,C147354,CCG-A9961: Regimen A,CCG-A9961,Regimen A,Treatment follows a protocol and subject is enrolled on a protocol,3487,3887,"cisplatin,lomustine,vincristine",yes
Seattle Children's Hospital,C141696,Not Applicable,Not Applicable,Not Applicable,Treatment follows other standard of care not associated with a current or past protocol,5166,5300,vismodegib oral product,no
Seattle Children's Hospital,C758541,BRAINCHILD-04,BRAINCHILD-04,Not Applicable,Treatment follows a protocol and subject is enrolled on a protocol,6179,6283,"""car-t b7-h3;egfr806;her2;il13-zetakine""",no
Seattle Children's Hospital,C148830,Not Applicable,Not Applicable,Not Applicable,Treatment follows other standard of care not associated with a current or past protocol,Not Reported,Not Reported,"vincristine,carboplatin",no
Seattle Children's Hospital,C1070838,PNOC005: Stratum B,PNOC005,Stratum B,Treatment follows a protocol and subject is enrolled on a protocol,3027,3034,disseminated atrt/medullo (delivery via lp x 1 dose),no
Seattle Children's Hospital,C2333310,Not Applicable,Not Applicable,Not Applicable,Treatment follows other standard of care not associated with a current or past protocol,775,785,"etoposide,dasatinib",no
Seattle Children's Hospital,C4103649,ACNS0334: Regimen B,ACNS0334,Regimen B,Treatment follows a protocol but subject is not enrolled,2140,2275,"carboplatin,cisplatin,cyclophosphamide,etoposide,methotrexate,thiotepa,vincristine",yes
Seattle Children's Hospital,C7617267,ACNS0334: Regimen A,ACNS0334,Regimen A,Treatment follows a protocol but subject is not enrolled,1201,Not Available,"carboplatin,cisplatin,cyclophosphamide,etoposide,thiotepa,vincristine",yes
Seattle Children's Hospital,C1154847,ACNS0334: Regimen B,ACNS0334,Regimen B,Treatment follows a protocol but subject is not enrolled,538,682,"carboplatin,cisplatin,cyclophosphamide,etoposide,methotrexate,thiotepa,vincristine",yes
Seattle Children's Hospital,C849561,Not Applicable,Not Applicable,Not Applicable,Treatment follows other standard of care not associated with a current or past protocol,1071,1114,bevacizumab,yes
Seattle Children's Hospital,C725331,Not Applicable,Not Applicable,Not Applicable,Treatment follows other standard of care not associated with a current or past protocol,5311,5312,etoposide oral capsule,no
Seattle Children's Hospital,C849561,ACNS0334: Regimen B,ACNS0334,Regimen B,Treatment follows a protocol but subject is not enrolled,753,895,"carboplatin,cisplatin,cyclophosphamide,etoposide,methotrexate,thiotepa,vincristine",yes
Seattle Children's Hospital,C676746,"ACNS0332: Regimen A (no carboplatin, no isotretinoin)",ACNS0332,"Regimen A (no carboplatin, no isotretinoin)",Treatment follows a protocol and subject is enrolled on a protocol,6466,6679,"cisplatin,cyclophosphamide,vincristine",yes
Seattle Children's Hospital,C758541,Not Applicable,Not Applicable,Not Applicable,Treatment follows other standard of care not associated with a current or past protocol,5181,5195,etoposide oral product,no
Seattle Children's Hospital,C647349,PNOC005: Stratum A,PNOC005,Stratum A,Treatment follows a protocol and subject is enrolled on a protocol,1341,1376,locally recurrent atrt/medullo (delivery into tumor bed),no
Seattle Children's Hospital,C622257,"ACNS0332: Regimen B (carboplatin, no isotretinoin)",ACNS0332,"Regimen B (carboplatin, no isotretinoin)",Treatment follows a protocol but subject is not enrolled,1777,1997,"carboplatin,cisplatin,cyclophosphamide,vincristine",yes
Seattle Children's Hospital,C1253862,Not Applicable,Not Applicable,Not Applicable,Treatment follows other standard of care not associated with a current or past protocol,4635,4690,"temozolomide,etoposide",no
Seattle Children's Hospital,C169863,CCG-A9961: Regimen A,CCG-A9961,Regimen A,Treatment follows a protocol but subject is not enrolled,2931,3281,"cisplatin,lomustine,vincristine",yes
Seattle Children's Hospital,C5624052,Not Applicable,Not Applicable,Not Applicable,Treatment follows other standard of care not associated with a current or past protocol,91,Not Reported,"vincristine,etoposide,cyclophosphamide,cisplatin,carboplatin",yes
Seattle Children's Hospital,C169248,ACNS0331,ACNS0331,Not Applicable,Treatment follows a protocol and subject is enrolled on a protocol,2177,2565,"cisplatin,cyclophosphamide,lomustine,vincristine",yes
Seattle Children's Hospital,C141696,Not Applicable,Not Applicable,Not Applicable,Treatment follows other standard of care not associated with a current or past protocol,5048,5160,etoposide,no
Seattle Children's Hospital,C371583,CCG-A9961: Regimen A,CCG-A9961,Regimen A,Treatment follows a protocol but subject is not enrolled,2563,2956,"cisplatin,lomustine,vincristine",yes
Seattle Children's Hospital,C2696529,PBTC026,PBTC026,Not Applicable,Treatment follows a protocol and subject is enrolled on a protocol,933,1073,"carboplatin,cisplatin,cyclophosphamide,etoposide,isotretinoin,thiotepa,vincristine,vorinostat",yes
Seattle Children's Hospital,C1070346,PNOC013,PNOC013,Not Applicable,Treatment follows a protocol and subject is enrolled on a protocol,1807,1821,cemiplimab,no
Seattle Children's Hospital,C8419104,ACNS0334: Regimen B,ACNS0334,Regimen B,Treatment follows a protocol but subject is not enrolled,816,Not Reported,"carboplatin,cisplatin,cyclophosphamide,etoposide,methotrexate,thiotepa,vincristine",yes
Seattle Children's Hospital,C724962,Not Applicable,Not Applicable,Not Applicable,Treatment follows other standard of care not associated with a current or past protocol,4732,4774,avastin,yes
Seattle Children's Hospital,C912660,Not Applicable,Not Applicable,Not Applicable,Treatment follows other standard of care not associated with a current or past protocol,3199,3254,"temozolomide,irinotecan",no
Seattle Children's Hospital,C153135,"ACNS0332: Regimen A (no carboplatin, no isotretinoin)",ACNS0332,"Regimen A (no carboplatin, no isotretinoin)",Treatment follows a protocol and subject is enrolled on a protocol,1964,2188,"cisplatin,cyclophosphamide,vincristine",yes
Seattle Children's Hospital,C104427,ACNS0333,ACNS0333,Not Applicable,Treatment follows a protocol but subject is not enrolled,414,597,"carboplatin,cisplatin,cyclophosphamide,etoposide,filgrastim,methotrexate,thiotepa,vincristine",yes
Seattle Children's Hospital,C2333064,ACNS0334: Regimen A,ACNS0334,Regimen A,Treatment follows a protocol but subject is not enrolled,561,687,"carboplatin,cisplatin,cyclophosphamide,etoposide,thiotepa,vincristine",yes
Seattle Children's Hospital,C3884586,CCG-A9961: Regimen A,CCG-A9961,Regimen A,Treatment follows a protocol but subject is not enrolled,3657,4043,"cisplatin,lomustine,vincristine",yes
Seattle Children's Hospital,C147477,CCG-A9961: Regimen A,CCG-A9961,Regimen A,Treatment follows a protocol but subject is not enrolled,2458,2864,"cisplatin,lomustine,vincristine",yes
Seattle Children's Hospital,C99507,CCG-A9961: Regimen A,CCG-A9961,Regimen A,Treatment follows a protocol and subject is enrolled on a protocol,2032,2424,"cisplatin,lomustine,vincristine",yes
Seattle Children's Hospital,C784371,CCG-A9961: Regimen A,CCG-A9961,Regimen A,Treatment follows a protocol but subject is not enrolled,8321,Not Available,"cisplatin,lomustine,vincristine",yes
Seattle Children's Hospital,C2605755,ACNS0334: Regimen B,ACNS0334,Regimen B,Treatment follows a protocol but subject is not enrolled,565,1038,"carboplatin,cisplatin,cyclophosphamide,etoposide,methotrexate,thiotepa,vincristine",yes
Seattle Children's Hospital,C758541,Not Applicable,Not Applicable,Not Applicable,Treatment follows other standard of care not associated with a current or past protocol,6330,6608,etoposide oral product,no
Seattle Children's Hospital,C3544368,ACNS0334: Regimen B,ACNS0334,Regimen B,Treatment follows a protocol but subject is not enrolled,587,724,"carboplatin,cisplatin,cyclophosphamide,etoposide,methotrexate,thiotepa,vincristine",yes
Seattle Children's Hospital,C4034523,ACNS0334: Regimen B,ACNS0334,Regimen B,Treatment follows a protocol but subject is not enrolled,1579,1709,"carboplatin,cisplatin,cyclophosphamide,etoposide,methotrexate,thiotepa,vincristine",yes
Seattle Children's Hospital,C142803,CCG-99703,CCG-99703,Not Applicable,Treatment follows a protocol but subject is not enrolled,655,774,"carboplatin,cisplatin,cyclophosphamide,etoposide,thiotepa,vincristine",yes
Seattle Children's Hospital,C148953,ACNS0331,ACNS0331,Not Applicable,Treatment follows a protocol but subject is not enrolled,1150,1821,"cisplatin,cyclophosphamide,lomustine,vincristine",yes
Seattle Children's Hospital,C310206,CCG-99701: Regimen B,CCG-99701,Regimen B,Treatment follows a protocol but subject is not enrolled,2646,2925,"carboplatin,cisplatin,cyclophosphamide,vincristine",no
Seattle Children's Hospital,C3717306,"ACNS0332: Regimen A (no carboplatin, no isotretinoin)",ACNS0332,"Regimen A (no carboplatin, no isotretinoin)",Treatment follows a protocol but subject is not enrolled,3884,4111,"cisplatin,cyclophosphamide,vincristine",yes
Seattle Children's Hospital,C758541,PNOC005: Stratum C,PNOC005,Stratum C,Treatment follows a protocol and subject is enrolled on a protocol,4869,4876,disseminated medullo (delivery via lp x 2 doses),no
Seattle Children's Hospital,C837630,ACNS0334: Regimen B,ACNS0334,Regimen B,Treatment follows a protocol but subject is not enrolled,83,212,"carboplatin,cisplatin,cyclophosphamide,etoposide,methotrexate,thiotepa,vincristine",yes
Seattle Children's Hospital,C170109,CCG-A9961: Regimen A,CCG-A9961,Regimen A,Treatment follows a protocol and subject is enrolled on a protocol,6378,6861,"cisplatin,lomustine,vincristine",yes
Seattle Children's Hospital,C1057185,"ACNS0332: Regimen A (no carboplatin, no isotretinoin)",ACNS0332,"Regimen A (no carboplatin, no isotretinoin)",Treatment follows a protocol but subject is not enrolled,6158,6389,"cisplatin,cyclophosphamide,vincristine",yes
Seattle Children's Hospital,C3544737,PNOC016,PNOC016,Not Applicable,Treatment follows a protocol and subject is enrolled on a protocol,4919,4947,fimepinostat,yes
Seattle Children's Hospital,C1253862,Head Start II: induction,Head Start II,induction,Treatment follows a protocol and subject is enrolled on a protocol,3231,3373,"cisplatin,cyclophosphamide,etoposide,vincristine",no
Seattle Children's Hospital,C912660,Not Applicable,Not Applicable,Not Applicable,Treatment follows other standard of care not associated with a current or past protocol,3463,Not Available,vismodegib,no
Seattle Children's Hospital,C3631329,CCG-A9961: Regimen A,CCG-A9961,Regimen A,Treatment follows a protocol but subject is not enrolled,4344,4351,"cisplatin,lomustine,vincristine",yes
Seattle Children's Hospital,C724962,CCG-A9961: Regimen A,CCG-A9961,Regimen A,Treatment follows a protocol but subject is not enrolled,4448,4788,"cisplatin,lomustine,vincristine",yes
Seattle Children's Hospital,C1070346,ACNS0334: Regimen B,ACNS0334,Regimen B,Treatment follows a protocol but subject is not enrolled,674,811,"carboplatin,cisplatin,cyclophosphamide,etoposide,methotrexate,thiotepa,vincristine",yes
Seattle Children's Hospital,C2544870,"ACNS0332: Regimen A (no carboplatin, no isotretinoin)",ACNS0332,"Regimen A (no carboplatin, no isotretinoin)",Treatment follows a protocol but subject is not enrolled,5144,5362,"cisplatin,cyclophosphamide,vincristine",yes
Seattle Children's Hospital,C758541,Not Applicable,Not Applicable,Not Applicable,Treatment follows other standard of care not associated with a current or past protocol,3642,4030,etoposide oral product,no
Seattle Children's Hospital,C758541,Not Applicable,Not Applicable,Not Applicable,Treatment follows other standard of care not associated with a current or past protocol,5373,5936,"methotrexate,etoposide oral product",no
Seattle Children's Hospital,C3631698,CCG-A9961: Regimen A,CCG-A9961,Regimen A,Treatment follows a protocol but subject is not enrolled,9277,9669,"cisplatin,lomustine,vincristine",yes
Seattle Children's Hospital,C1057185,ACNS0821: TEMO+IRIN+BEVA,ACNS0821,TEMO+IRIN+BEVA,Treatment follows a protocol but subject is not enrolled,7430,7802,"bevacizumab,irinotecan,temozolomide",no
Seattle Children's Hospital,C700977,CCG-A9961: Regimen A,CCG-A9961,Regimen A,Treatment follows a protocol but subject is not enrolled,7660,8042,"cisplatin,lomustine,vincristine",yes
Seattle Children's Hospital,C758541,Not Applicable,Not Applicable,Not Applicable,Treatment follows other standard of care not associated with a current or past protocol,6050,6178,etoposide oral product,no
Seattle Children's Hospital,C8405943,"ACNS0332: Regimen A (no carboplatin, no isotretinoin)",ACNS0332,"Regimen A (no carboplatin, no isotretinoin)",Treatment follows a protocol but subject is not enrolled,3570,Not Reported,"cisplatin,cyclophosphamide,vincristine",yes
Seattle Children's Hospital,C1253862,Other,Other,Not Applicable,Treatment follows a protocol and subject is enrolled on a protocol,4432,4587,Not Reported,no
Seattle Children's Hospital,C603069,Not Applicable,Not Applicable,Not Applicable,Treatment follows other standard of care not associated with a current or past protocol,456,472,"methotrexate,cytarabine",no
Seattle Children's Hospital,C797655,CCG-A9961: Regimen A,CCG-A9961,Regimen A,Treatment follows a protocol but subject is not enrolled,2210,2615,"cisplatin,lomustine,vincristine",yes
Seattle Children's Hospital,C912414,CCG-A9961: Regimen A,CCG-A9961,Regimen A,Treatment follows a protocol but subject is not enrolled,2933,3313,"cisplatin,lomustine,vincristine",yes
Stanford Lucile Packard Children's Hospital,C3224691,Not Applicable,Not Applicable,Not Applicable,Treatment follows other standard of care not associated with a current or past protocol,6521,6702,"lomustine,topotecan",no
Stanford Lucile Packard Children's Hospital,C6345324,"ACNS0332: Regimen B (carboplatin, no isotretinoin)",ACNS0332,"Regimen B (carboplatin, no isotretinoin)",Treatment follows a protocol and subject is enrolled on a protocol,3214,3257,"carboplatin,cisplatin,cyclophosphamide,vincristine",yes
Stanford Lucile Packard Children's Hospital,C2898495,Not Applicable,Not Applicable,Not Applicable,Treatment follows other standard of care not associated with a current or past protocol,2738,2906,"carboplatin,cyclophosphamide,vincristine",yes
Stanford Lucile Packard Children's Hospital,C7862775,"ACNS0332: Regimen A (no carboplatin, no isotretinoin)",ACNS0332,"Regimen A (no carboplatin, no isotretinoin)",Treatment follows a protocol and subject is enrolled on a protocol,4253,Not Reported,"cisplatin,cyclophosphamide,vincristine",yes
Stanford Lucile Packard Children's Hospital,C2488782,Not Applicable,Not Applicable,Not Applicable,Treatment follows other standard of care not associated with a current or past protocol,2600,2691,Not Reported,yes
Stanford Lucile Packard Children's Hospital,C3224691,"ACNS0332: Regimen A (no carboplatin, no isotretinoin)",ACNS0332,"Regimen A (no carboplatin, no isotretinoin)",Treatment follows a protocol and subject is enrolled on a protocol,3321,4049,"cisplatin,cyclophosphamide,vincristine",no
Stanford Lucile Packard Children's Hospital,C2660736,Not Reported,Not Reported,Not Applicable,Treatment follows a protocol but subject is not enrolled,2882,3075,Not Reported,yes
Stanford Lucile Packard Children's Hospital,C4084953,SJYC07: High-Risk Patients,SJYC07,High-Risk Patients,Treatment follows a protocol and subject is enrolled on a protocol,1150,1257,"cisplatin,cyclophosphamide,erlotinib,etoposide,methotrexate,topotecan,vinblastine,vincristine",yes
Stanford Lucile Packard Children's Hospital,C2602680,Not Applicable,Not Applicable,Not Applicable,Treatment follows other standard of care not associated with a current or past protocol,1670,1698,"cyclophosphamide,vincristine",yes
Stanford Lucile Packard Children's Hospital,C4085199,SJYC07: High-Risk Patients,SJYC07,High-Risk Patients,Treatment follows a protocol but subject is not enrolled,1376,1677,"cisplatin,cyclophosphamide,erlotinib,etoposide,methotrexate,topotecan,vinblastine,vincristine",yes
Stanford Lucile Packard Children's Hospital,C6345447,Other,Other,Not Applicable,Treatment follows a protocol and subject is enrolled on a protocol,346,Not Reported,Not Reported,yes
Stanford Lucile Packard Children's Hospital,C4085199,SJYC07: High-Risk Patients,SJYC07,High-Risk Patients,Treatment follows a protocol but subject is not enrolled,1453,1544,"cisplatin,cyclophosphamide,erlotinib,etoposide,methotrexate,topotecan,vinblastine,vincristine",yes
The Children's Hospital of Philadelphia,C49077,Other,Other,Not Applicable,Treatment follows a protocol but subject is not enrolled,Not Available,Not Available,Not Reported,no
The Children's Hospital of Philadelphia,C876375,Not Applicable,Not Applicable,Not Applicable,Treatment follows other standard of care not associated with a current or past protocol,191,195,temozolomide,no
The Children's Hospital of Philadelphia,C1026804,Not Applicable,Not Applicable,Not Applicable,Treatment follows other standard of care not associated with a current or past protocol,6882,7148,"topotecan pill,cyclophosphamide,thalidomide",no
The Children's Hospital of Philadelphia,C972438,SJMB12: Stratum N2: Intermediate Risk,SJMB12,Stratum N2: Intermediate Risk,Treatment follows a protocol and subject is enrolled on a protocol,2160,2359,"cisplatin,cyclophosphamide,gemcitabine,pemetrexed,vincristine",yes
The Children's Hospital of Philadelphia,C466293,ACNS0333,ACNS0333,Not Applicable,Treatment follows a protocol but subject is not enrolled,2104,2385,"carboplatin,cisplatin,cyclophosphamide,etoposide,filgrastim,methotrexate,thiotepa,vincristine",no
The Children's Hospital of Philadelphia,C49077,Not Applicable,Not Applicable,Not Applicable,Treatment follows other standard of care not associated with a current or past protocol,7686,7854,etoposide,no
The Children's Hospital of Philadelphia,C84747,Not Applicable,Not Applicable,Not Applicable,Treatment follows other standard of care not associated with a current or past protocol,7287,7314,"bevacizumab,irinotecan",no
The Children's Hospital of Philadelphia,C6538311,Not Applicable,Not Applicable,Not Applicable,Treatment follows other standard of care not associated with a current or past protocol,924,1456,tazemetostat,no
The Children's Hospital of Philadelphia,C1100235,CCG-99703,CCG-99703,Not Applicable,Treatment follows a protocol but subject is not enrolled,327,468,"carboplatin,cisplatin,cyclophosphamide,etoposide,thiotepa,vincristine",yes
The Children's Hospital of Philadelphia,C2896773,SJMB12: Stratum N3: High Risk,SJMB12,Stratum N3: High Risk,Treatment follows a protocol but subject is not enrolled,4368,4520,"cisplatin,cyclophosphamide,gemcitabine,pemetrexed,vincristine",yes
The Children's Hospital of Philadelphia,C6176814,ACNS0331,ACNS0331,Not Applicable,Treatment follows a protocol but subject is not enrolled,2929,3260,"cisplatin,cyclophosphamide,lomustine,vincristine",yes
The Children's Hospital of Philadelphia,C2338845,SJMB12: Stratum N2: Intermediate Risk,SJMB12,Stratum N2: Intermediate Risk,Treatment follows a protocol and subject is enrolled on a protocol,4633,4841,"cisplatin,cyclophosphamide,gemcitabine,pemetrexed,vincristine",yes
The Children's Hospital of Philadelphia,C974652,Not Applicable,Not Applicable,Not Applicable,Treatment follows other standard of care not associated with a current or past protocol,Not Available,Not Available,temozolomide,no
The Children's Hospital of Philadelphia,C5136849,ACNS0331,ACNS0331,Not Applicable,Treatment follows a protocol but subject is not enrolled,6945,7434,"cisplatin,cyclophosphamide,lomustine,vincristine",yes
The Children's Hospital of Philadelphia,C554607,Not Applicable,Not Applicable,Not Applicable,Unavailable treatment,Not Applicable,Not Applicable,Not Applicable,no
The Children's Hospital of Philadelphia,C22755,Not Applicable,Not Applicable,Not Applicable,Treatment follows other standard of care not associated with a current or past protocol,5025,5519,temozolomide,no
The Children's Hospital of Philadelphia,C3755559,"ANBL0531: Group 3 (chemotherapy, surgery)",ANBL0531,"Group 3 (chemotherapy, surgery)",Treatment follows a protocol but subject is not enrolled,468,636,"carboplatin,cyclophosphamide,doxorubicin,etoposide,filgrastim,topotecan",yes
The Children's Hospital of Philadelphia,C974652,Not Applicable,Not Applicable,Not Applicable,Treatment follows other standard of care not associated with a current or past protocol,Not Available,Not Available,etoposide,no
The Children's Hospital of Philadelphia,C6735357,Not Applicable,Not Applicable,Not Applicable,Treatment follows other standard of care not associated with a current or past protocol,5454,Not Reported,"temozolomide 20 mg,vp-16 50 mg oral capsule",no
The Children's Hospital of Philadelphia,C41328,Not Applicable,Not Applicable,Not Applicable,Treatment follows other standard of care not associated with a current or past protocol,13368,Not Available,vincristine,yes
The Children's Hospital of Philadelphia,C2786688,CCG-99703,CCG-99703,Not Applicable,Treatment follows a protocol and subject is enrolled on a protocol,2110,2191,"carboplatin,cisplatin,cyclophosphamide,etoposide,thiotepa,vincristine",no
The Children's Hospital of Philadelphia,C28905,MEMMAT,MEMMAT,Not Applicable,Treatment follows a protocol but subject is not enrolled,6126,Not Available,"bevacizumab,celecoxib,cyclophosphamide,cytarabine,etoposide,fenofibric acid,thalidomide",no
The Children's Hospital of Philadelphia,C4063305,Not Applicable,Not Applicable,Not Applicable,Treatment follows other standard of care not associated with a current or past protocol,7856,Not Reported,Not Reported,no
The Children's Hospital of Philadelphia,C84747,VOIT,VOIT,Not Applicable,Treatment follows a protocol but subject is not enrolled,7184,7314,"irinotecan,temozolomide,vincristine",no
The Children's Hospital of Philadelphia,C4964157,DFCI Modified IRS-III,DFCI Modified IRS-III,Not Applicable,Treatment follows a protocol but subject is not enrolled,1269,1414,"cisplatin,cyclophosphamide,cytarabine,dactinomycin,doxorubicin,etoposide,methotrexate,temozolomide,vincristine",no
The Children's Hospital of Philadelphia,C374412,Not Applicable,Not Applicable,Not Applicable,Treatment follows other standard of care not associated with a current or past protocol,527,Not Available,"temozolomide,bevacizumab,irinotecan",no
The Children's Hospital of Philadelphia,C72570,"ACNS0332: Regimen B (carboplatin, no isotretinoin)",ACNS0332,"Regimen B (carboplatin, no isotretinoin)",Treatment follows a protocol and subject is enrolled on a protocol,3585,3845,"carboplatin,cisplatin,cyclophosphamide,vincristine",yes
The Children's Hospital of Philadelphia,C33948,Not Applicable,Not Applicable,Not Applicable,Treatment follows other standard of care not associated with a current or past protocol,1988,2442,"lomustine,cisplatin,carboplatin",no
The Children's Hospital of Philadelphia,C4049406,CCG-99703,CCG-99703,Not Applicable,Treatment follows a protocol but subject is not enrolled,2759,2825,"carboplatin,cisplatin,cyclophosphamide,etoposide,thiotepa,vincristine",yes
The Children's Hospital of Philadelphia,C2479926,ACNS0821: TEMO+IRIN+BEVA,ACNS0821,TEMO+IRIN+BEVA,Treatment follows a protocol but subject is not enrolled,3919,4051,"bevacizumab,irinotecan,temozolomide",no
The Children's Hospital of Philadelphia,C528285,Not Applicable,Not Applicable,Not Applicable,Treatment follows other standard of care not associated with a current or past protocol,4142,4338,"vincristine,cisplatin",yes
The Children's Hospital of Philadelphia,C21402,Other,Other,Not Applicable,Treatment follows a protocol but subject is not enrolled,4452,4788,Not Reported,no
The Children's Hospital of Philadelphia,C20910,Not Applicable,Not Applicable,Not Applicable,Treatment follows other standard of care not associated with a current or past protocol,4404,Not Available,"irinotecan,temozolomide",no
The Children's Hospital of Philadelphia,C406761,Not Reported,Not Reported,Not Applicable,Treatment follows a protocol but subject is not enrolled,Not Available,Not Available,Not Reported,no
The Children's Hospital of Philadelphia,C6207441,Other,Other,Not Applicable,Treatment follows a protocol but subject is not enrolled,2877,3048,Not Reported,yes
The Children's Hospital of Philadelphia,C1003188,SJMB12: Stratum N1: Standard Risk,SJMB12,Stratum N1: Standard Risk,Treatment follows a protocol and subject is enrolled on a protocol,5582,5669,"cisplatin,cyclophosphamide,vincristine",yes
The Children's Hospital of Philadelphia,C3408822,Not Applicable,Not Applicable,Not Applicable,Treatment follows other standard of care not associated with a current or past protocol,1853,1894,"bevacizumab,temozolomide,irinotecan",no
The Children's Hospital of Philadelphia,C20910,CHP455,CHP455,Not Applicable,Treatment follows a protocol but subject is not enrolled,2689,3053,"cisplatin,lomustine,vincristine",yes
The Children's Hospital of Philadelphia,C663708,DFCI Modified IRS-III,DFCI Modified IRS-III,Not Applicable,Treatment follows a protocol but subject is not enrolled,5701,6219,"cisplatin,cyclophosphamide,cytarabine,dactinomycin,doxorubicin,etoposide,methotrexate,temozolomide,vincristine",yes
The Children's Hospital of Philadelphia,C8361663,SJMB12: Stratum S1: Standard Risk,SJMB12,Stratum S1: Standard Risk,Treatment follows a protocol and subject is enrolled on a protocol,7438,7552,"cisplatin,cyclophosphamide,vincristine,vismodegib",yes
The Children's Hospital of Philadelphia,C55965,CHP455,CHP455,Not Applicable,Treatment follows a protocol and subject is enrolled on a protocol,4110,4201,"cisplatin,lomustine,vincristine",yes
The Children's Hospital of Philadelphia,C701838,SJMB12: Stratum N3: High Risk,SJMB12,Stratum N3: High Risk,Treatment follows a protocol and subject is enrolled on a protocol,3375,3588,"cisplatin,cyclophosphamide,gemcitabine,pemetrexed,vincristine",yes
The Children's Hospital of Philadelphia,C20049,DFCI Modified IRS-III,DFCI Modified IRS-III,Not Applicable,Treatment follows a protocol but subject is not enrolled,Not Available,1001,"cisplatin,cyclophosphamide,cytarabine,dactinomycin,doxorubicin,etoposide,methotrexate,temozolomide,vincristine",no
The Children's Hospital of Philadelphia,C4093563,MEMMAT,MEMMAT,Not Applicable,Treatment follows a protocol but subject is not enrolled,2111,2171,"bevacizumab,celecoxib,cyclophosphamide,cytarabine,etoposide,fenofibric acid,thalidomide",no
The Children's Hospital of Philadelphia,C8474331,ACNS0333,ACNS0333,Not Applicable,Treatment follows a protocol but subject is not enrolled,1544,Not Reported,"carboplatin,cisplatin,cyclophosphamide,etoposide,filgrastim,methotrexate,thiotepa,vincristine",yes
The Children's Hospital of Philadelphia,C3980157,"ACNS0332: Regimen A (no carboplatin, no isotretinoin)",ACNS0332,"Regimen A (no carboplatin, no isotretinoin)",Treatment follows a protocol and subject is enrolled on a protocol,5121,5349,"cisplatin,cyclophosphamide,vincristine",yes
The Children's Hospital of Philadelphia,C2318673,CCG-99703,CCG-99703,Not Applicable,Treatment follows a protocol but subject is not enrolled,1508,1677,"carboplatin,cisplatin,cyclophosphamide,etoposide,thiotepa,vincristine",yes
The Children's Hospital of Philadelphia,C1036644,PNOC005: Stratum B,PNOC005,Stratum B,Treatment follows a protocol and subject is enrolled on a protocol,868,895,disseminated atrt/medullo (delivery via lp x 1 dose),no
The Children's Hospital of Philadelphia,C549441,Not Applicable,Not Applicable,Not Applicable,Treatment follows other standard of care not associated with a current or past protocol,Not Available,Not Available,"lomustine,etoposide,bevacizumab,irinotecan",no
The Children's Hospital of Philadelphia,C22263,Not Applicable,Not Applicable,Not Applicable,Treatment follows other standard of care not associated with a current or past protocol,4095,4536,"lomustine,vincristine,cisplatin,etoposide,cyclophosphamide",yes
The Children's Hospital of Philadelphia,C1032093,VOIT,VOIT,Not Applicable,Treatment follows a protocol but subject is not enrolled,1315,1322,"irinotecan,temozolomide,vincristine",no
The Children's Hospital of Philadelphia,C217095,Other,Other,Not Applicable,Treatment follows a protocol and subject is enrolled on a protocol,4388,4648,Not Reported,no
The Children's Hospital of Philadelphia,C84747,VOIT,VOIT,Not Applicable,Treatment follows a protocol but subject is not enrolled,6786,7174,"irinotecan,temozolomide,vincristine",no
The Children's Hospital of Philadelphia,C25830,Not Applicable,Not Applicable,Not Applicable,Treatment follows other standard of care not associated with a current or past protocol,5646,6692,"temozolomide,carboplatin,thiotepa,etoposide",no
The Children's Hospital of Philadelphia,C21894,Not Applicable,Not Applicable,Not Applicable,Treatment follows other standard of care not associated with a current or past protocol,1755,1760,"vincristine,cisplatin,doxorubicin,cyclophosphamide,methotrexate",yes
The Children's Hospital of Philadelphia,C2501205,PNOC005: Stratum C,PNOC005,Stratum C,Treatment follows a protocol and subject is enrolled on a protocol,2043,2099,disseminated medullo (delivery via lp x 2 doses),no
The Children's Hospital of Philadelphia,C5801049,ACNS0334: Regimen B,ACNS0334,Regimen B,Treatment follows a protocol but subject is not enrolled,247,383,"carboplatin,cisplatin,cyclophosphamide,etoposide,methotrexate,thiotepa,vincristine",yes
The Children's Hospital of Philadelphia,C2658645,Not Reported,Not Reported,Not Applicable,Treatment follows a protocol and subject is enrolled on a protocol,Not Available,Not Available,Not Reported,no
The Children's Hospital of Philadelphia,C973545,CCG-99703,CCG-99703,Not Applicable,Treatment follows a protocol and subject is enrolled on a protocol,2068,2223,"carboplatin,cisplatin,cyclophosphamide,etoposide,thiotepa,vincristine",yes
The Children's Hospital of Philadelphia,C740337,Not Applicable,Not Applicable,Not Applicable,Treatment follows other standard of care not associated with a current or past protocol,Not Available,Not Available,etoposide,no
The Children's Hospital of Philadelphia,C4190733,ACNS0334: Regimen A,ACNS0334,Regimen A,Treatment follows a protocol but subject is not enrolled,1466,1632,"carboplatin,cisplatin,cyclophosphamide,etoposide,thiotepa,vincristine",yes
The Children's Hospital of Philadelphia,C3408822,SJMB12: Stratum N3: High Risk,SJMB12,Stratum N3: High Risk,Treatment follows a protocol and subject is enrolled on a protocol,1738,1845,"cisplatin,cyclophosphamide,gemcitabine,pemetrexed,vincristine",yes
The Children's Hospital of Philadelphia,C312912,CHP455,CHP455,Not Applicable,Treatment follows a protocol and subject is enrolled on a protocol,Not Available,Not Available,"cisplatin,lomustine,vincristine",no
The Children's Hospital of Philadelphia,C3559497,ACNS0333,ACNS0333,Not Applicable,Treatment follows a protocol but subject is not enrolled,1554,1695,"carboplatin,cisplatin,cyclophosphamide,etoposide,filgrastim,methotrexate,thiotepa,vincristine",yes
The Children's Hospital of Philadelphia,C2442411,DFCI Modified IRS-III,DFCI Modified IRS-III,Not Applicable,Treatment follows a protocol but subject is not enrolled,1502,1631,"cisplatin,cyclophosphamide,cytarabine,dactinomycin,doxorubicin,etoposide,methotrexate,temozolomide,vincristine",yes
The Children's Hospital of Philadelphia,C8776050,ACNS0334: Regimen B,ACNS0334,Regimen B,Treatment follows a protocol but subject is not enrolled,1994,Not Reported,"carboplatin,cisplatin,cyclophosphamide,etoposide,methotrexate,thiotepa,vincristine",yes
The Children's Hospital of Philadelphia,C1026804,Not Applicable,Not Applicable,Not Applicable,Treatment follows other standard of care not associated with a current or past protocol,6777,Not Available,topotecan,no
The Children's Hospital of Philadelphia,C50799,CHP455,CHP455,Not Applicable,Treatment follows a protocol but subject is not enrolled,3442,3834,"cisplatin,lomustine,vincristine",yes
The Children's Hospital of Philadelphia,C49077,Not Applicable,Not Applicable,Not Applicable,Treatment follows other standard of care not associated with a current or past protocol,8643,Not Available,carboplatin,no
The Children's Hospital of Philadelphia,C49077,Not Applicable,Not Applicable,Not Applicable,Treatment follows other standard of care not associated with a current or past protocol,6057,6118,"topotecan,cyclophosphamide,temozolomide,thiotepa,carboplatin",no
The Children's Hospital of Philadelphia,C72570,Not Applicable,Not Applicable,Not Applicable,Treatment follows other standard of care not associated with a current or past protocol,3979,4059,"bevacizumab,irinotecan,temozolomide",no
The Children's Hospital of Philadelphia,C136653,SJMB03,SJMB03,Not Applicable,Treatment follows a protocol but subject is not enrolled,1736,1879,"cisplatin,cyclophosphamide,vincristine",yes
The Children's Hospital of Philadelphia,C701838,PNOC005: Stratum B,PNOC005,Stratum B,Treatment follows a protocol and subject is enrolled on a protocol,3967,3993,disseminated atrt/medullo (delivery via lp x 1 dose),no
The Children's Hospital of Philadelphia,C2595915,SJMB12: Stratum N1: Standard Risk,SJMB12,Stratum N1: Standard Risk,Treatment follows a protocol and subject is enrolled on a protocol,2581,2693,"cisplatin,cyclophosphamide,vincristine",yes
The Children's Hospital of Philadelphia,C607743,PNOC005: Stratum B,PNOC005,Stratum B,Treatment follows a protocol and subject is enrolled on a protocol,1969,2048,disseminated atrt/medullo (delivery via lp x 1 dose),no
The Children's Hospital of Philadelphia,C146247,Not Applicable,Not Applicable,Not Applicable,Treatment follows other standard of care not associated with a current or past protocol,1437,1467,retinol acetate,no
The Children's Hospital of Philadelphia,C140712,DFCI Modified IRS-III,DFCI Modified IRS-III,Not Applicable,Treatment follows a protocol but subject is not enrolled,1527,1877,"cisplatin,cyclophosphamide,cytarabine,dactinomycin,doxorubicin,etoposide,methotrexate,temozolomide,vincristine",no
The Children's Hospital of Philadelphia,C2981889,Not Reported,Not Reported,Not Applicable,Treatment follows a protocol but subject is not enrolled,426,1068,Not Reported,yes
The Children's Hospital of Philadelphia,C2774019,ACNS0126,ACNS0126,Not Applicable,Treatment follows a protocol but subject is not enrolled,2409,2590,temozolomide,no
The Children's Hospital of Philadelphia,C2646837,SJMB03,SJMB03,Not Applicable,Treatment follows a protocol but subject is not enrolled,2959,3065,"cisplatin,cyclophosphamide,vincristine",no
The Children's Hospital of Philadelphia,C419553,CHP455,CHP455,Not Applicable,Treatment follows a protocol but subject is not enrolled,4894,5341,"cisplatin,lomustine,vincristine",yes
The Children's Hospital of Philadelphia,C3406239,Other,Other,Not Applicable,Treatment follows a protocol and subject is enrolled on a protocol,1541,1667,Not Reported,no
The Children's Hospital of Philadelphia,C5801172,ACNS0334: Regimen B,ACNS0334,Regimen B,Treatment follows a protocol but subject is not enrolled,1167,1362,"carboplatin,cisplatin,cyclophosphamide,etoposide,methotrexate,thiotepa,vincristine",yes
The Children's Hospital of Philadelphia,C1003065,CHP693,CHP693,Not Applicable,Treatment follows a protocol but subject is not enrolled,4724,5022,"cisplatin,cyclophosphamide,etoposide,lomustine,vincristine",yes
The Children's Hospital of Philadelphia,C2774019,PNOC005: Stratum C,PNOC005,Stratum C,Treatment follows a protocol and subject is enrolled on a protocol,2336,2343,disseminated medullo (delivery via lp x 2 doses),no
The Children's Hospital of Philadelphia,C3665400,ACNS0334: Regimen B,ACNS0334,Regimen B,Treatment follows a protocol and subject is enrolled on a protocol,1601,1821,"carboplatin,cisplatin,cyclophosphamide,etoposide,methotrexate,thiotepa,vincristine",yes
The Children's Hospital of Philadelphia,C4063305,SJMB12: Stratum N3: High Risk,SJMB12,Stratum N3: High Risk,Treatment follows a protocol and subject is enrolled on a protocol,7148,7673,"cisplatin,cyclophosphamide,gemcitabine,pemetrexed,vincristine",yes
The Children's Hospital of Philadelphia,C533082,Not Applicable,Not Applicable,Not Applicable,Treatment follows other standard of care not associated with a current or past protocol,5204,5208,temozolomide,no
The Children's Hospital of Philadelphia,C2554956,DFCI Modified IRS-III,DFCI Modified IRS-III,Not Applicable,Treatment follows a protocol but subject is not enrolled,Not Available,Not Available,"cisplatin,cyclophosphamide,cytarabine,dactinomycin,doxorubicin,etoposide,methotrexate,temozolomide,vincristine",no
The Children's Hospital of Philadelphia,C6109902,ACNS0334: Regimen B,ACNS0334,Regimen B,Treatment follows a protocol but subject is not enrolled,1103,Not Available,"carboplatin,cisplatin,cyclophosphamide,etoposide,methotrexate,thiotepa,vincristine",yes
The Children's Hospital of Philadelphia,C115743,CCG-99703,CCG-99703,Not Applicable,Treatment follows a protocol but subject is not enrolled,131,333,"carboplatin,cisplatin,cyclophosphamide,etoposide,thiotepa,vincristine",yes
The Children's Hospital of Philadelphia,C230994,CHP455,CHP455,Not Applicable,Treatment follows a protocol but subject is not enrolled,3061,3467,"cisplatin,lomustine,vincristine",yes
The Children's Hospital of Philadelphia,C558420,Not Applicable,Not Applicable,Not Applicable,Unavailable treatment,Not Applicable,Not Applicable,Not Applicable,no
The Children's Hospital of Philadelphia,C625086,ACNS0821: TEMO+IRIN+BEVA,ACNS0821,TEMO+IRIN+BEVA,Treatment follows a protocol but subject is not enrolled,3862,4583,"bevacizumab,irinotecan,temozolomide",no
The Children's Hospital of Philadelphia,C1036644,DFCI Modified IRS-III,DFCI Modified IRS-III,Not Applicable,Treatment follows a protocol but subject is not enrolled,733,845,"cisplatin,cyclophosphamide,cytarabine,dactinomycin,doxorubicin,etoposide,methotrexate,temozolomide,vincristine",yes
The Children's Hospital of Philadelphia,C3474996,Not Applicable,Not Applicable,Not Applicable,Treatment follows other standard of care not associated with a current or past protocol,7804,7964,"ifosfamide,carboplatin,etoposide,thiotepa",yes
The Children's Hospital of Philadelphia,C2479926,PBTC053,PBTC053,Not Applicable,Treatment follows a protocol and subject is enrolled on a protocol,4158,4219,silmitasertib,no
The Children's Hospital of Philadelphia,C2698005,DFCI Modified IRS-III,DFCI Modified IRS-III,Not Applicable,Treatment follows a protocol but subject is not enrolled,366,858,"cisplatin,cyclophosphamide,cytarabine,dactinomycin,doxorubicin,etoposide,methotrexate,temozolomide,vincristine",yes
The Children's Hospital of Philadelphia,C84747,Not Applicable,Not Applicable,Not Applicable,Treatment follows other standard of care not associated with a current or past protocol,7426,7510,"topotecan,cyclophosphamide",no
The Children's Hospital of Philadelphia,C22878,Other,Other,Not Applicable,Treatment follows a protocol but subject is not enrolled,Not Available,2814,Not Reported,no
The Children's Hospital of Philadelphia,C698517,CCG-99703,CCG-99703,Not Applicable,Treatment follows a protocol but subject is not enrolled,1496,1665,"carboplatin,cisplatin,cyclophosphamide,etoposide,thiotepa,vincristine",yes
The Children's Hospital of Philadelphia,C972438,Not Applicable,Not Applicable,Not Applicable,Treatment follows other standard of care not associated with a current or past protocol,3187,3188,etoposide,no
The Children's Hospital of Philadelphia,C3860232,ACNS0334: Regimen B,ACNS0334,Regimen B,Treatment follows a protocol but subject is not enrolled,1397,1596,"carboplatin,cisplatin,cyclophosphamide,etoposide,methotrexate,thiotepa,vincristine",yes
The Children's Hospital of Philadelphia,C20910,MEMMAT,MEMMAT,Not Applicable,Treatment follows a protocol but subject is not enrolled,4188,Not Available,"bevacizumab,celecoxib,cyclophosphamide,cytarabine,etoposide,fenofibric acid,thalidomide",no
The Children's Hospital of Philadelphia,C973545,Not Applicable,Not Applicable,Not Applicable,Treatment follows other standard of care not associated with a current or past protocol,2908,2909,pembrolizumab,no
The Children's Hospital of Philadelphia,C914505,Not Applicable,Not Applicable,Not Applicable,Treatment follows other standard of care not associated with a current or past protocol,4722,Not Available,etoposide,no
The Children's Hospital of Philadelphia,C2442411,Not Applicable,Not Applicable,Not Applicable,Treatment follows other standard of care not associated with a current or past protocol,1371,1498,temozolomide,yes
The Children's Hospital of Philadelphia,C81918,CCG-99703,CCG-99703,Not Applicable,Treatment follows a protocol but subject is not enrolled,1183,1240,"carboplatin,cisplatin,cyclophosphamide,etoposide,thiotepa,vincristine",yes
The Children's Hospital of Philadelphia,C52890,SJMB03,SJMB03,Not Applicable,Treatment follows a protocol and subject is enrolled on a protocol,4395,4591,"cisplatin,cyclophosphamide,vincristine",yes
The Children's Hospital of Philadelphia,C28905,ADVL1312,ADVL1312,Not Applicable,Treatment follows a protocol and subject is enrolled on a protocol,6349,Not Available,"adavosertib,irinotecan",no
The Children's Hospital of Philadelphia,C876375,ACNS0333,ACNS0333,Not Applicable,Treatment follows a protocol but subject is not enrolled,31,Not Available,"carboplatin,cisplatin,cyclophosphamide,etoposide,filgrastim,methotrexate,thiotepa,vincristine",yes
The Children's Hospital of Philadelphia,C3651501,ACNS0334: Regimen B,ACNS0334,Regimen B,Treatment follows a protocol but subject is not enrolled,371,539,"carboplatin,cisplatin,cyclophosphamide,etoposide,methotrexate,thiotepa,vincristine",yes
The Children's Hospital of Philadelphia,C2381034,SJMB12: Stratum S1: Standard Risk,SJMB12,Stratum S1: Standard Risk,Treatment follows a protocol and subject is enrolled on a protocol,6644,7109,"cisplatin,cyclophosphamide,vincristine,vismodegib",yes
The Children's Hospital of Philadelphia,C22755,Not Applicable,Not Applicable,Not Applicable,Treatment follows other standard of care not associated with a current or past protocol,3438,3910,"vincristine,cisplatin,lomustine",yes
The Children's Hospital of Philadelphia,C3474996,Not Applicable,Not Applicable,Not Applicable,Treatment follows other standard of care not associated with a current or past protocol,7103,7171,"vincristine,cisplatin,cyclophosphamide",yes
The Children's Hospital of Philadelphia,C3418416,CCG-99703,CCG-99703,Not Applicable,Treatment follows a protocol and subject is enrolled on a protocol,503,643,"carboplatin,cisplatin,cyclophosphamide,etoposide,thiotepa,vincristine",yes
The Children's Hospital of Philadelphia,C3552978,Not Applicable,Not Applicable,Not Applicable,Treatment follows other standard of care not associated with a current or past protocol,3864,3939,"bevacizumab,temozolomide,irinotecan",no
The Children's Hospital of Philadelphia,C625086,Other,Other,Not Applicable,Treatment follows a protocol and subject is enrolled on a protocol,3499,Not Available,Not Reported,no
The Children's Hospital of Philadelphia,C49077,Not Applicable,Not Applicable,Not Applicable,Treatment follows other standard of care not associated with a current or past protocol,6940,Not Available,vismodegib,no
The Children's Hospital of Philadelphia,C1026804,SJMB12: Stratum N1: Standard Risk,SJMB12,Stratum N1: Standard Risk,Treatment follows a protocol and subject is enrolled on a protocol,5415,5515,"cisplatin,cyclophosphamide,vincristine",yes
The Children's Hospital of Philadelphia,C3552978,SJMB03,SJMB03,Not Applicable,Treatment follows a protocol but subject is not enrolled,3477,3577,"cisplatin,cyclophosphamide,vincristine",yes
The Children's Hospital of Philadelphia,C83517,Not Applicable,Not Applicable,Not Applicable,Treatment follows other standard of care not associated with a current or past protocol,4445,4446,temozolomide,no
UAB,C3199845,Head Start 4: Tandem 3 Cycle Intensive Chemotherapy,Head Start 4,Tandem 3 Cycle Intensive Chemotherapy,Treatment follows a protocol and subject is enrolled on a protocol,2487,2525,"carboplatin,thiotepa",no
UAB,C4729473,ACNS0333,ACNS0333,Not Applicable,Treatment follows a protocol but subject is not enrolled,1220,1365,"carboplatin,cisplatin,cyclophosphamide,etoposide,filgrastim,methotrexate,thiotepa,vincristine",yes
UAB,C3199845,Head Start 4: Tandem 3 Cycle Intensive Chemotherapy,Head Start 4,Tandem 3 Cycle Intensive Chemotherapy,Treatment follows a protocol and subject is enrolled on a protocol,2137,2220,"carboplatin,thiotepa",yes
UCSF Benioff Children's Hospital,C8241861,Not Applicable,Not Applicable,Not Applicable,Treatment follows other standard of care not associated with a current or past protocol,Not Available,Not Available,vincristine,no
UCSF Benioff Children's Hospital,C2550528,ACNS1221,ACNS1221,Not Applicable,Treatment follows a protocol and subject is enrolled on a protocol,998,1192,"carboplatin,cyclophosphamide,etoposide,methotrexate,vincristine",yes
UCSF Benioff Children's Hospital,C2509200,Not Applicable,Not Applicable,Not Applicable,Unavailable treatment,Not Applicable,Not Applicable,Not Applicable,no
UCSF Benioff Children's Hospital,C886092,Not Applicable,Not Applicable,Not Applicable,Treatment follows other standard of care not associated with a current or past protocol,577,633,"topotecan,tamoxifen",yes
UCSF Benioff Children's Hospital,C4548909,"ACNS0332: Regimen B (carboplatin, no isotretinoin)",ACNS0332,"Regimen B (carboplatin, no isotretinoin)",Treatment follows a protocol but subject is not enrolled,6213,6452,"carboplatin,cisplatin,cyclophosphamide,vincristine",yes
UCSF Benioff Children's Hospital,C8257113,Not Applicable,Not Applicable,Not Applicable,Unavailable treatment,Not Applicable,Not Applicable,Not Applicable,no
UCSF Benioff Children's Hospital,C886092,MEMMAT,MEMMAT,Not Applicable,Treatment follows a protocol but subject is not enrolled,870,1153,"bevacizumab,celecoxib,cyclophosphamide,cytarabine,etoposide,fenofibric acid,thalidomide",no
UCSF Benioff Children's Hospital,C1203063,"ACNS0332: Regimen B (carboplatin, no isotretinoin)",ACNS0332,"Regimen B (carboplatin, no isotretinoin)",Treatment follows a protocol but subject is not enrolled,6061,6319,"carboplatin,cisplatin,cyclophosphamide,vincristine",yes
University of Iowa,C7223913,ACNS0333,ACNS0333,Not Applicable,Treatment follows a protocol but subject is not enrolled,749,929,"carboplatin,cisplatin,cyclophosphamide,etoposide,filgrastim,methotrexate,thiotepa,vincristine",yes
University of Iowa,C7705950,"ACNS0332: Regimen B (carboplatin, no isotretinoin)",ACNS0332,"Regimen B (carboplatin, no isotretinoin)",Treatment follows a protocol but subject is not enrolled,3690,3937,"carboplatin,cisplatin,cyclophosphamide,vincristine",yes
University of Iowa,C7754535,ACNS0331,ACNS0331,Not Applicable,Treatment follows a protocol but subject is not enrolled,2121,Not Reported,"cisplatin,cyclophosphamide,lomustine,vincristine",yes
University of Pittsburgh,C129273,Not Applicable,Not Applicable,Not Applicable,Treatment follows other standard of care not associated with a current or past protocol,Not Available,1639,"cyclophosphamide,cisplatin,carboplatin",no
University of Pittsburgh,C3776100,SJMB-96,SJMB-96,Not Applicable,Treatment follows a protocol but subject is not enrolled,1976,1716,"amifostine,cisplatin,cyclophosphamide,filgrastim,vincristine",yes
University of Pittsburgh,C1010076,CCG-99703,CCG-99703,Not Applicable,Treatment follows a protocol and subject is enrolled on a protocol,783,977,"carboplatin,cisplatin,cyclophosphamide,etoposide,thiotepa,vincristine",yes
University of Pittsburgh,C122262,Not Applicable,Not Applicable,Not Applicable,Not Reported,Not Applicable,Not Applicable,Not Applicable,no
University of Pittsburgh,C7273605,ACNS0331,ACNS0331,Not Applicable,Treatment follows a protocol but subject is not enrolled,3480,Not Reported,"cisplatin,cyclophosphamide,lomustine,vincristine",yes
University of Pittsburgh,C2541918,SJMB03,SJMB03,Not Applicable,Treatment follows a protocol but subject is not enrolled,6030,6137,"cisplatin,cyclophosphamide,vincristine",yes
University of Pittsburgh,C1168131,Not Applicable,Not Applicable,Not Applicable,Treatment follows other standard of care not associated with a current or past protocol,2199,2394,Not Reported,yes
University of Pittsburgh,C944886,CCG-99703,CCG-99703,Not Applicable,Treatment follows a protocol but subject is not enrolled,327,350,"carboplatin,cisplatin,cyclophosphamide,etoposide,thiotepa,vincristine",yes
University of Pittsburgh,C413034,CCG-A9961: Regimen A,CCG-A9961,Regimen A,Treatment follows a protocol and subject is enrolled on a protocol,5187,5373,"cisplatin,lomustine,vincristine",yes
University of Pittsburgh,C8517012,Other,Other,Not Applicable,Treatment follows a protocol but subject is not enrolled,4643,Not Reported,Not Reported,yes
University of Pittsburgh,C2567502,Not Applicable,Not Applicable,Not Applicable,Treatment follows other standard of care not associated with a current or past protocol,58,70,"cisplatin,cyclophosphamide,etoposide",yes
University of Pittsburgh,C1064319,SJMB-96,SJMB-96,Not Applicable,Treatment follows a protocol and subject is enrolled on a protocol,3390,3484,"amifostine,cisplatin,cyclophosphamide,filgrastim,vincristine",yes
University of Pittsburgh,C4884084,SJMB-96,SJMB-96,Not Applicable,Treatment follows a protocol and subject is enrolled on a protocol,3282,3373,"amifostine,cisplatin,cyclophosphamide,filgrastim,vincristine",yes
University of Pittsburgh,C122262,CCG-99701: Regimen A,CCG-99701,Regimen A,Treatment follows a protocol and subject is enrolled on a protocol,3002,3123,"carboplatin,cyclophosphamide,vincristine",yes
University of Pittsburgh,C1262718,SJMB-96,SJMB-96,Not Applicable,Treatment follows a protocol and subject is enrolled on a protocol,3164,3263,"amifostine,cisplatin,cyclophosphamide,filgrastim,vincristine",yes
Wake Forest Baptist Medical Center,C3335145,Not Applicable,Not Applicable,Not Applicable,Treatment follows other standard of care not associated with a current or past protocol,4657,Not Reported,Not Reported,no
Wake Forest Baptist Medical Center,C5154930,Not Applicable,Not Applicable,Not Applicable,Treatment follows other standard of care not associated with a current or past protocol,1980,1983,etoposide oral capsule,yes
Wake Forest Baptist Medical Center,C3941166,ACNS0334: Regimen B,ACNS0334,Regimen B,Treatment follows a protocol but subject is not enrolled,Not Available,Not Available,"carboplatin,cisplatin,cyclophosphamide,etoposide,methotrexate,thiotepa,vincristine",no
Wake Forest Baptist Medical Center,C3941166,MEMMAT,MEMMAT,Not Applicable,Treatment follows a protocol but subject is not enrolled,989,1071,"bevacizumab,celecoxib,cyclophosphamide,cytarabine,etoposide,fenofibric acid,thalidomide",no
Wake Forest Baptist Medical Center,C3941166,ACNS0334: Regimen A,ACNS0334,Regimen A,Treatment follows a protocol but subject is not enrolled,Not Available,1161,"carboplatin,cisplatin,cyclophosphamide,etoposide,thiotepa,vincristine",no
Washington University in St. Louis,C7831656,"ACNS0332: Regimen A (no carboplatin, no isotretinoin)",ACNS0332,"Regimen A (no carboplatin, no isotretinoin)",Treatment follows a protocol but subject is not enrolled,2003,2239,"cisplatin,cyclophosphamide,vincristine",yes
Washington University in St. Louis,C7553307,ACNS0333,ACNS0333,Not Applicable,Treatment follows a protocol but subject is not enrolled,3110,3206,"carboplatin,cisplatin,cyclophosphamide,etoposide,filgrastim,methotrexate,thiotepa,vincristine",yes
Washington University in St. Louis,C7226988,Not Applicable,Not Applicable,Not Applicable,Treatment follows other standard of care not associated with a current or past protocol,3996,4058,"trametinib dimethyl sulfoxide,dabrafenib",no
Washington University in St. Louis,C7543467,Not Applicable,Not Applicable,Not Applicable,Treatment follows other standard of care not associated with a current or past protocol,3302,3336,"celecoxib,fenofibrate,cyclophosphamide,thalidomide",no
Washington University in St. Louis,C7559457,"ACNS0332: Regimen A (no carboplatin, no isotretinoin)",ACNS0332,"Regimen A (no carboplatin, no isotretinoin)",Treatment follows a protocol but subject is not enrolled,5475,5713,"cisplatin,cyclophosphamide,vincristine",yes
Washington University in St. Louis,C7422312,ACNS0331,ACNS0331,Not Applicable,Treatment follows a protocol but subject is not enrolled,2694,3143,"cisplatin,cyclophosphamide,lomustine,vincristine",yes
Weill Cornell Medical College,C4704750,Not Applicable,Not Applicable,Not Applicable,Unavailable treatment,Not Applicable,Not Applicable,Not Applicable,no
Weill Cornell Medical College,C1254600,Not Applicable,Not Applicable,Not Applicable,Treatment follows other standard of care not associated with a current or past protocol,2047,Not Available,etoposide,yes
